NoiDung,Label
xe tự lái tạo ra nhiều ảnh hưởng trong các công ty lớn.,Công nghệ
mạng 5G được áp dụng rộng rãi trong các dự án mới.,Công nghệ
xe tự lái được nhiều người quan tâm tại Việt Nam.,Công nghệ
an ninh mạng thu hút nhiều sự chú ý trên mạng xã hội.,Công nghệ
điện toán đám mây được thảo luận rộng rãi tại Việt Nam.,Công nghệ
mạng 5G được nhiều người quan tâm trên toàn thế giới.,Công nghệ
xe tự lái đang thay đổi thị trường tại Việt Nam.,Công nghệ
an ninh mạng đang trở thành xu hướng trong ngành công nghiệp.,Công nghệ
robot được áp dụng rộng rãi tại Việt Nam.,Công nghệ
internet vạn vật đang trở thành xu hướng tại nhiều quốc gia.,Công nghệ
mạng 5G đang thay đổi thị trường trong các dự án mới.,Công nghệ
blockchain đang trở thành xu hướng trong các dự án mới.,Công nghệ
xe tự lái thu hút nhiều sự chú ý trong các tổ chức.,Công nghệ
dữ liệu lớn đang thay đổi thị trường trong các tổ chức.,Công nghệ
xe tự lái được nhiều người quan tâm trong các tổ chức.,Công nghệ
điện toán đám mây đang thay đổi thị trường tại Việt Nam.,Công nghệ
robot đang phát triển mạnh trên toàn thế giới.,Công nghệ
điện toán đám mây đang thay đổi thị trường tại nhiều quốc gia.,Công nghệ
internet vạn vật đang thay đổi thị trường trong nhiều doanh nghiệp.,Công nghệ
phần mềm nguồn mở đang thay đổi thị trường trong cộng đồng.,Công nghệ
blockchain mang lại nhiều cơ hội trên toàn thế giới.,Công nghệ
xe tự lái tạo ra nhiều ảnh hưởng trong các dự án mới.,Công nghệ
điện toán đám mây đang thay đổi thị trường trong các công ty lớn.,Công nghệ
robot đang được nghiên cứu trong nhiều doanh nghiệp.,Công nghệ
mạng 5G tạo ra nhiều ảnh hưởng trong ngành công nghiệp.,Công nghệ
an ninh mạng được nhiều người quan tâm trong ngành công nghiệp.,Công nghệ
blockchain được nhiều người quan tâm trong các tổ chức.,Công nghệ
phần mềm nguồn mở được áp dụng rộng rãi trong các dự án mới.,Công nghệ
điện toán đám mây đang thay đổi thị trường trên toàn thế giới.,Công nghệ
xe tự lái đang phát triển mạnh tại Việt Nam.,Công nghệ
an ninh mạng đang được nghiên cứu trong các công ty lớn.,Công nghệ
blockchain đang trở thành xu hướng trên toàn thế giới.,Công nghệ
dữ liệu lớn đang trở thành xu hướng trên toàn thế giới.,Công nghệ
xe tự lái mang lại nhiều cơ hội trong ngành công nghiệp.,Công nghệ
trí tuệ nhân tạo mang lại nhiều cơ hội trong các dự án mới.,Công nghệ
trí tuệ nhân tạo tạo ra nhiều ảnh hưởng trong các tổ chức.,Công nghệ
dữ liệu lớn tạo ra nhiều ảnh hưởng trong các dự án mới.,Công nghệ
trí tuệ nhân tạo được nhiều người quan tâm trong các dự án mới.,Công nghệ
internet vạn vật đang thay đổi thị trường trong các công ty lớn.,Công nghệ
phần mềm nguồn mở thu hút nhiều sự chú ý trên toàn thế giới.,Công nghệ
xe tự lái đang được nghiên cứu trong các tổ chức.,Công nghệ
xe tự lái được thảo luận rộng rãi trong ngành công nghiệp.,Công nghệ
robot mang lại nhiều cơ hội tại Việt Nam.,Công nghệ
internet vạn vật thu hút nhiều sự chú ý trong nhiều doanh nghiệp.,Công nghệ
xe tự lái được áp dụng rộng rãi tại Việt Nam.,Công nghệ
dữ liệu lớn tạo ra nhiều ảnh hưởng trong cộng đồng.,Công nghệ
an ninh mạng được áp dụng rộng rãi trong các công ty lớn.,Công nghệ
mạng 5G đang trở thành xu hướng trong cộng đồng.,Công nghệ
an ninh mạng tạo ra nhiều ảnh hưởng tại Việt Nam.,Công nghệ
robot được thảo luận rộng rãi trong cộng đồng.,Công nghệ
robot thu hút nhiều sự chú ý trong các công ty lớn.,Công nghệ
dữ liệu lớn được áp dụng rộng rãi trong cộng đồng.,Công nghệ
dữ liệu lớn đang thay đổi thị trường tại nhiều quốc gia.,Công nghệ
blockchain đang thay đổi thị trường trên toàn thế giới.,Công nghệ
điện toán đám mây mang lại nhiều cơ hội trong các công ty lớn.,Công nghệ
xe tự lái đang trở thành xu hướng trong ngành công nghiệp.,Công nghệ
dữ liệu lớn mang lại nhiều cơ hội trong ngành công nghiệp.,Công nghệ
an ninh mạng đang trở thành xu hướng trong các dự án mới.,Công nghệ
phần mềm nguồn mở tạo ra nhiều ảnh hưởng trong các tổ chức.,Công nghệ
mạng 5G tạo ra nhiều ảnh hưởng trong các dự án mới.,Công nghệ
blockchain được thảo luận rộng rãi trong nhiều doanh nghiệp.,Công nghệ
phần mềm nguồn mở thu hút nhiều sự chú ý trong các tổ chức.,Công nghệ
điện toán đám mây mang lại nhiều cơ hội trong ngành công nghiệp.,Công nghệ
trí tuệ nhân tạo được áp dụng rộng rãi tại Việt Nam.,Công nghệ
blockchain đang được nghiên cứu trên mạng xã hội.,Công nghệ
phần mềm nguồn mở được nhiều người quan tâm trong các dự án mới.,Công nghệ
phần mềm nguồn mở đang thay đổi thị trường trong ngành công nghiệp.,Công nghệ
phần mềm nguồn mở đang được nghiên cứu tại Việt Nam.,Công nghệ
điện toán đám mây đang phát triển mạnh tại Việt Nam.,Công nghệ
trí tuệ nhân tạo đang trở thành xu hướng trong cộng đồng.,Công nghệ
phần mềm nguồn mở được thảo luận rộng rãi trong các dự án mới.,Công nghệ
điện toán đám mây được thảo luận rộng rãi trên toàn thế giới.,Công nghệ
blockchain được nhiều người quan tâm trong nhiều doanh nghiệp.,Công nghệ
mạng 5G đang được nghiên cứu trong nhiều doanh nghiệp.,Công nghệ
trí tuệ nhân tạo được thảo luận rộng rãi trong cộng đồng.,Công nghệ
trí tuệ nhân tạo thu hút nhiều sự chú ý trên toàn thế giới.,Công nghệ
phần mềm nguồn mở thu hút nhiều sự chú ý tại nhiều quốc gia.,Công nghệ
an ninh mạng thu hút nhiều sự chú ý tại nhiều quốc gia.,Công nghệ
xe tự lái thu hút nhiều sự chú ý trong các công ty lớn.,Công nghệ
phần mềm nguồn mở đang thay đổi thị trường trong nhiều doanh nghiệp.,Công nghệ
trí tuệ nhân tạo đang thay đổi thị trường trên toàn thế giới.,Công nghệ
an ninh mạng đang được nghiên cứu trong các tổ chức.,Công nghệ
điện toán đám mây đang trở thành xu hướng tại nhiều quốc gia.,Công nghệ
blockchain tạo ra nhiều ảnh hưởng trong cộng đồng.,Công nghệ
dữ liệu lớn đang được nghiên cứu trong các công ty lớn.,Công nghệ
điện toán đám mây đang được nghiên cứu trong các tổ chức.,Công nghệ
điện toán đám mây mang lại nhiều cơ hội trên mạng xã hội.,Công nghệ
robot được áp dụng rộng rãi trong các dự án mới.,Công nghệ
blockchain được nhiều người quan tâm trên mạng xã hội.,Công nghệ
điện toán đám mây được thảo luận rộng rãi trên mạng xã hội.,Công nghệ
internet vạn vật mang lại nhiều cơ hội tại nhiều quốc gia.,Công nghệ
mạng 5G thu hút nhiều sự chú ý trong các tổ chức.,Công nghệ
robot mang lại nhiều cơ hội trong các tổ chức.,Công nghệ
blockchain đang phát triển mạnh trên toàn thế giới.,Công nghệ
mạng 5G được nhiều người quan tâm trong ngành công nghiệp.,Công nghệ
blockchain mang lại nhiều cơ hội trong ngành công nghiệp.,Công nghệ
mạng 5G đang được nghiên cứu trong các dự án mới.,Công nghệ
robot được thảo luận rộng rãi trong nhiều doanh nghiệp.,Công nghệ
internet vạn vật được áp dụng rộng rãi trong ngành công nghiệp.,Công nghệ
phần mềm nguồn mở đang trở thành xu hướng tại Việt Nam.,Công nghệ
robot tạo ra nhiều ảnh hưởng trong các tổ chức.,Công nghệ
internet vạn vật tạo ra nhiều ảnh hưởng tại Việt Nam.,Công nghệ
blockchain đang phát triển mạnh trong các tổ chức.,Công nghệ
internet vạn vật đang thay đổi thị trường trên toàn thế giới.,Công nghệ
mạng 5G được áp dụng rộng rãi trong ngành công nghiệp.,Công nghệ
robot tạo ra nhiều ảnh hưởng tại nhiều quốc gia.,Công nghệ
điện toán đám mây đang trở thành xu hướng tại Việt Nam.,Công nghệ
robot đang trở thành xu hướng trong nhiều doanh nghiệp.,Công nghệ
robot được nhiều người quan tâm trong các tổ chức.,Công nghệ
xe tự lái được thảo luận rộng rãi trong các dự án mới.,Công nghệ
robot được áp dụng rộng rãi trong các tổ chức.,Công nghệ
robot đang thay đổi thị trường trên toàn thế giới.,Công nghệ
blockchain đang thay đổi thị trường tại nhiều quốc gia.,Công nghệ
internet vạn vật tạo ra nhiều ảnh hưởng trên toàn thế giới.,Công nghệ
an ninh mạng được thảo luận rộng rãi trên mạng xã hội.,Công nghệ
mạng 5G được thảo luận rộng rãi tại Việt Nam.,Công nghệ
phần mềm nguồn mở thu hút nhiều sự chú ý trên mạng xã hội.,Công nghệ
an ninh mạng tạo ra nhiều ảnh hưởng trong các công ty lớn.,Công nghệ
mạng 5G mang lại nhiều cơ hội trong nhiều doanh nghiệp.,Công nghệ
blockchain đang thay đổi thị trường trong các công ty lớn.,Công nghệ
dữ liệu lớn được áp dụng rộng rãi trên toàn thế giới.,Công nghệ
mạng 5G mang lại nhiều cơ hội trong các công ty lớn.,Công nghệ
mạng 5G được áp dụng rộng rãi tại Việt Nam.,Công nghệ
internet vạn vật được thảo luận rộng rãi trong nhiều doanh nghiệp.,Công nghệ
xe tự lái tạo ra nhiều ảnh hưởng trên toàn thế giới.,Công nghệ
mạng 5G đang được nghiên cứu tại Việt Nam.,Công nghệ
robot đang phát triển mạnh tại nhiều quốc gia.,Công nghệ
dữ liệu lớn tạo ra nhiều ảnh hưởng tại nhiều quốc gia.,Công nghệ
blockchain đang phát triển mạnh trong nhiều doanh nghiệp.,Công nghệ
xe tự lái đang được nghiên cứu trong ngành công nghiệp.,Công nghệ
trí tuệ nhân tạo đang trở thành xu hướng tại nhiều quốc gia.,Công nghệ
phần mềm nguồn mở đang trở thành xu hướng trong các tổ chức.,Công nghệ
dữ liệu lớn đang được nghiên cứu trong nhiều doanh nghiệp.,Công nghệ
an ninh mạng đang được nghiên cứu trong ngành công nghiệp.,Công nghệ
blockchain mang lại nhiều cơ hội tại nhiều quốc gia.,Công nghệ
mạng 5G đang trở thành xu hướng trong nhiều doanh nghiệp.,Công nghệ
an ninh mạng được áp dụng rộng rãi trong nhiều doanh nghiệp.,Công nghệ
internet vạn vật đang trở thành xu hướng trên toàn thế giới.,Công nghệ
an ninh mạng mang lại nhiều cơ hội trong cộng đồng.,Công nghệ
điện toán đám mây đang trở thành xu hướng trong nhiều doanh nghiệp.,Công nghệ
robot mang lại nhiều cơ hội tại nhiều quốc gia.,Công nghệ
mạng 5G mang lại nhiều cơ hội trong cộng đồng.,Công nghệ
robot mang lại nhiều cơ hội trong các dự án mới.,Công nghệ
dữ liệu lớn thu hút nhiều sự chú ý tại Việt Nam.,Công nghệ
dữ liệu lớn tạo ra nhiều ảnh hưởng trong các công ty lớn.,Công nghệ
robot thu hút nhiều sự chú ý trong nhiều doanh nghiệp.,Công nghệ
internet vạn vật tạo ra nhiều ảnh hưởng trong các tổ chức.,Công nghệ
xe tự lái đang trở thành xu hướng trên toàn thế giới.,Công nghệ
điện toán đám mây đang được nghiên cứu trong cộng đồng.,Công nghệ
blockchain đang phát triển mạnh trên mạng xã hội.,Công nghệ
xe tự lái được nhiều người quan tâm tại nhiều quốc gia.,Công nghệ
mạng 5G đang thay đổi thị trường tại Việt Nam.,Công nghệ
blockchain đang được nghiên cứu trong nhiều doanh nghiệp.,Công nghệ
mạng 5G tạo ra nhiều ảnh hưởng tại nhiều quốc gia.,Công nghệ
điện toán đám mây mang lại nhiều cơ hội trên toàn thế giới.,Công nghệ
dữ liệu lớn được áp dụng rộng rãi tại Việt Nam.,Công nghệ
phần mềm nguồn mở được nhiều người quan tâm trên toàn thế giới.,Công nghệ
xe tự lái được áp dụng rộng rãi trên toàn thế giới.,Công nghệ
mạng 5G được áp dụng rộng rãi trong các công ty lớn.,Công nghệ
phần mềm nguồn mở được thảo luận rộng rãi trong cộng đồng.,Công nghệ
an ninh mạng đang được nghiên cứu tại nhiều quốc gia.,Công nghệ
điện toán đám mây thu hút nhiều sự chú ý trong các công ty lớn.,Công nghệ
dữ liệu lớn thu hút nhiều sự chú ý trong các tổ chức.,Công nghệ
blockchain đang được nghiên cứu trong các công ty lớn.,Công nghệ
blockchain được nhiều người quan tâm tại Việt Nam.,Công nghệ
trí tuệ nhân tạo đang trở thành xu hướng trong các dự án mới.,Công nghệ
internet vạn vật mang lại nhiều cơ hội trong cộng đồng.,Công nghệ
internet vạn vật đang thay đổi thị trường trong các dự án mới.,Công nghệ
blockchain tạo ra nhiều ảnh hưởng tại Việt Nam.,Công nghệ
blockchain đang trở thành xu hướng trong ngành công nghiệp.,Công nghệ
blockchain được thảo luận rộng rãi trên mạng xã hội.,Công nghệ
an ninh mạng tạo ra nhiều ảnh hưởng trong ngành công nghiệp.,Công nghệ
xe tự lái được thảo luận rộng rãi trong các tổ chức.,Công nghệ
phần mềm nguồn mở được thảo luận rộng rãi tại Việt Nam.,Công nghệ
trí tuệ nhân tạo được áp dụng rộng rãi trên toàn thế giới.,Công nghệ
trí tuệ nhân tạo đang thay đổi thị trường tại Việt Nam.,Công nghệ
trí tuệ nhân tạo được nhiều người quan tâm trong nhiều doanh nghiệp.,Công nghệ
trí tuệ nhân tạo mang lại nhiều cơ hội trên toàn thế giới.,Công nghệ
robot thu hút nhiều sự chú ý trong các tổ chức.,Công nghệ
robot được thảo luận rộng rãi trong các công ty lớn.,Công nghệ
trí tuệ nhân tạo đang trở thành xu hướng trên toàn thế giới.,Công nghệ
phần mềm nguồn mở tạo ra nhiều ảnh hưởng trên toàn thế giới.,Công nghệ
trí tuệ nhân tạo mang lại nhiều cơ hội trong các công ty lớn.,Công nghệ
điện toán đám mây đang trở thành xu hướng trên toàn thế giới.,Công nghệ
dữ liệu lớn đang phát triển mạnh trên mạng xã hội.,Công nghệ
trí tuệ nhân tạo đang thay đổi thị trường trong cộng đồng.,Công nghệ
mạng 5G đang được nghiên cứu trong cộng đồng.,Công nghệ
internet vạn vật đang phát triển mạnh trên toàn thế giới.,Công nghệ
điện toán đám mây thu hút nhiều sự chú ý trên toàn thế giới.,Công nghệ
robot đang phát triển mạnh trên mạng xã hội.,Công nghệ
điện toán đám mây đang được nghiên cứu tại Việt Nam.,Công nghệ
xe tự lái đang thay đổi thị trường trong nhiều doanh nghiệp.,Công nghệ
phần mềm nguồn mở được áp dụng rộng rãi trong ngành công nghiệp.,Công nghệ
internet vạn vật được nhiều người quan tâm trong các tổ chức.,Công nghệ
robot thu hút nhiều sự chú ý trên mạng xã hội.,Công nghệ
phần mềm nguồn mở được thảo luận rộng rãi trong ngành công nghiệp.,Công nghệ
blockchain thu hút nhiều sự chú ý trong ngành công nghiệp.,Công nghệ
phần mềm nguồn mở mang lại nhiều cơ hội trong các dự án mới.,Công nghệ
mạng 5G được áp dụng rộng rãi trên mạng xã hội.,Công nghệ
xe tự lái được nhiều người quan tâm trong ngành công nghiệp.,Công nghệ
internet vạn vật tạo ra nhiều ảnh hưởng trong các dự án mới.,Công nghệ
phần mềm nguồn mở mang lại nhiều cơ hội trên mạng xã hội.,Công nghệ
điện toán đám mây được nhiều người quan tâm trên toàn thế giới.,Công nghệ
phần mềm nguồn mở mang lại nhiều cơ hội trong nhiều doanh nghiệp.,Công nghệ
điện toán đám mây đang thay đổi thị trường trong cộng đồng.,Công nghệ
xe tự lái đang được nghiên cứu tại nhiều quốc gia.,Công nghệ
mạng 5G thu hút nhiều sự chú ý trong các dự án mới.,Công nghệ
blockchain mang lại nhiều cơ hội tại Việt Nam.,Công nghệ
xe tự lái tạo ra nhiều ảnh hưởng trong các tổ chức.,Công nghệ
an ninh mạng đang phát triển mạnh trong các tổ chức.,Công nghệ
internet vạn vật đang thay đổi thị trường tại Việt Nam.,Công nghệ
an ninh mạng đang thay đổi thị trường trong nhiều doanh nghiệp.,Công nghệ
trí tuệ nhân tạo đang phát triển mạnh tại Việt Nam.,Công nghệ
điện toán đám mây được thảo luận rộng rãi trong nhiều doanh nghiệp.,Công nghệ
phần mềm nguồn mở đang trở thành xu hướng trong ngành công nghiệp.,Công nghệ
blockchain tạo ra nhiều ảnh hưởng trong các công ty lớn.,Công nghệ
an ninh mạng được nhiều người quan tâm tại nhiều quốc gia.,Công nghệ
dữ liệu lớn mang lại nhiều cơ hội trong các công ty lớn.,Công nghệ
blockchain đang trở thành xu hướng trong các công ty lớn.,Công nghệ
mạng 5G đang trở thành xu hướng tại Việt Nam.,Công nghệ
an ninh mạng đang phát triển mạnh trong nhiều doanh nghiệp.,Công nghệ
xe tự lái đang phát triển mạnh trong nhiều doanh nghiệp.,Công nghệ
an ninh mạng mang lại nhiều cơ hội trên mạng xã hội.,Công nghệ
trí tuệ nhân tạo đang thay đổi thị trường trong các dự án mới.,Công nghệ
an ninh mạng đang được nghiên cứu trong các dự án mới.,Công nghệ
an ninh mạng mang lại nhiều cơ hội tại Việt Nam.,Công nghệ
trí tuệ nhân tạo đang được nghiên cứu trong các dự án mới.,Công nghệ
dữ liệu lớn đang thay đổi thị trường trong ngành công nghiệp.,Công nghệ
trí tuệ nhân tạo tạo ra nhiều ảnh hưởng trong nhiều doanh nghiệp.,Công nghệ
mạng 5G được áp dụng rộng rãi trong nhiều doanh nghiệp.,Công nghệ
robot thu hút nhiều sự chú ý trên toàn thế giới.,Công nghệ
mạng 5G thu hút nhiều sự chú ý tại Việt Nam.,Công nghệ
internet vạn vật mang lại nhiều cơ hội trong các tổ chức.,Công nghệ
robot đang được nghiên cứu tại Việt Nam.,Công nghệ
internet vạn vật đang phát triển mạnh trong các công ty lớn.,Công nghệ
an ninh mạng thu hút nhiều sự chú ý trên toàn thế giới.,Công nghệ
blockchain đang được nghiên cứu tại Việt Nam.,Công nghệ
điện toán đám mây được áp dụng rộng rãi tại nhiều quốc gia.,Công nghệ
blockchain được thảo luận rộng rãi trên toàn thế giới.,Công nghệ
blockchain đang trở thành xu hướng tại Việt Nam.,Công nghệ
blockchain đang phát triển mạnh trong các dự án mới.,Công nghệ
internet vạn vật được thảo luận rộng rãi trên mạng xã hội.,Công nghệ
dữ liệu lớn được thảo luận rộng rãi trong cộng đồng.,Công nghệ
trí tuệ nhân tạo đang được nghiên cứu trong nhiều doanh nghiệp.,Công nghệ
robot đang trở thành xu hướng tại Việt Nam.,Công nghệ
mạng 5G đang trở thành xu hướng trong các tổ chức.,Công nghệ
xe tự lái được áp dụng rộng rãi trên mạng xã hội.,Công nghệ
điện toán đám mây được áp dụng rộng rãi trên toàn thế giới.,Công nghệ
trí tuệ nhân tạo đang thay đổi thị trường tại nhiều quốc gia.,Công nghệ
phần mềm nguồn mở đang trở thành xu hướng trong nhiều doanh nghiệp.,Công nghệ
an ninh mạng đang thay đổi thị trường tại nhiều quốc gia.,Công nghệ
điện toán đám mây thu hút nhiều sự chú ý tại nhiều quốc gia.,Công nghệ
internet vạn vật được nhiều người quan tâm trên mạng xã hội.,Công nghệ
phần mềm nguồn mở được nhiều người quan tâm tại Việt Nam.,Công nghệ
blockchain thu hút nhiều sự chú ý trong các dự án mới.,Công nghệ
mạng 5G được áp dụng rộng rãi tại nhiều quốc gia.,Công nghệ
xe tự lái đang thay đổi thị trường trong các tổ chức.,Công nghệ
điện toán đám mây đang trở thành xu hướng trong cộng đồng.,Công nghệ
phần mềm nguồn mở tạo ra nhiều ảnh hưởng tại Việt Nam.,Công nghệ
dữ liệu lớn đang phát triển mạnh trong cộng đồng.,Công nghệ
phần mềm nguồn mở được áp dụng rộng rãi trên toàn thế giới.,Công nghệ
dữ liệu lớn đang thay đổi thị trường trong nhiều doanh nghiệp.,Công nghệ
mạng 5G đang phát triển mạnh trên mạng xã hội.,Công nghệ
mạng 5G đang được nghiên cứu tại nhiều quốc gia.,Công nghệ
phần mềm nguồn mở được áp dụng rộng rãi trong các tổ chức.,Công nghệ
xe tự lái đang trở thành xu hướng trong cộng đồng.,Công nghệ
internet vạn vật mang lại nhiều cơ hội trên mạng xã hội.,Công nghệ
blockchain thu hút nhiều sự chú ý trong cộng đồng.,Công nghệ
robot được nhiều người quan tâm trong ngành công nghiệp.,Công nghệ
an ninh mạng đang trở thành xu hướng trên toàn thế giới.,Công nghệ
blockchain mang lại nhiều cơ hội trong các tổ chức.,Công nghệ
trí tuệ nhân tạo được áp dụng rộng rãi trong các dự án mới.,Công nghệ
blockchain được áp dụng rộng rãi tại Việt Nam.,Công nghệ
internet vạn vật thu hút nhiều sự chú ý tại Việt Nam.,Công nghệ
an ninh mạng tạo ra nhiều ảnh hưởng tại nhiều quốc gia.,Công nghệ
mạng 5G được thảo luận rộng rãi tại nhiều quốc gia.,Công nghệ
điện toán đám mây đang được nghiên cứu trong nhiều doanh nghiệp.,Công nghệ
điện toán đám mây đang được nghiên cứu tại nhiều quốc gia.,Công nghệ
mạng 5G đang được nghiên cứu trong các công ty lớn.,Công nghệ
internet vạn vật được nhiều người quan tâm trong các công ty lớn.,Công nghệ
mạng 5G mang lại nhiều cơ hội trong ngành công nghiệp.,Công nghệ
blockchain đang thay đổi thị trường trong cộng đồng.,Công nghệ
trí tuệ nhân tạo được thảo luận rộng rãi tại nhiều quốc gia.,Công nghệ
điện toán đám mây được nhiều người quan tâm trong ngành công nghiệp.,Công nghệ
internet vạn vật đang trở thành xu hướng trong nhiều doanh nghiệp.,Công nghệ
robot đang thay đổi thị trường trên mạng xã hội.,Công nghệ
dữ liệu lớn đang trở thành xu hướng trong ngành công nghiệp.,Công nghệ
an ninh mạng đang phát triển mạnh tại Việt Nam.,Công nghệ
blockchain được nhiều người quan tâm trong các dự án mới.,Công nghệ
blockchain đang phát triển mạnh tại Việt Nam.,Công nghệ
xe tự lái đang trở thành xu hướng tại nhiều quốc gia.,Công nghệ
an ninh mạng đang trở thành xu hướng trong cộng đồng.,Công nghệ
mạng 5G đang phát triển mạnh trong các dự án mới.,Công nghệ
xe tự lái đang được nghiên cứu trong cộng đồng.,Công nghệ
internet vạn vật đang phát triển mạnh trong cộng đồng.,Công nghệ
an ninh mạng được áp dụng rộng rãi trong cộng đồng.,Công nghệ
xe tự lái đang trở thành xu hướng trong các công ty lớn.,Công nghệ
internet vạn vật được nhiều người quan tâm trong nhiều doanh nghiệp.,Công nghệ
điện toán đám mây đang được nghiên cứu trong ngành công nghiệp.,Công nghệ
blockchain đang thay đổi thị trường trong các dự án mới.,Công nghệ
dữ liệu lớn được nhiều người quan tâm trong các tổ chức.,Công nghệ
xe tự lái được nhiều người quan tâm trong các dự án mới.,Công nghệ
xe tự lái đang được nghiên cứu trong các công ty lớn.,Công nghệ
mạng 5G mang lại nhiều cơ hội tại Việt Nam.,Công nghệ
an ninh mạng được nhiều người quan tâm tại Việt Nam.,Công nghệ
mạng 5G đang phát triển mạnh trong nhiều doanh nghiệp.,Công nghệ
phần mềm nguồn mở mang lại nhiều cơ hội tại nhiều quốc gia.,Công nghệ
internet vạn vật được thảo luận rộng rãi trong các công ty lớn.,Công nghệ
dữ liệu lớn được thảo luận rộng rãi tại nhiều quốc gia.,Công nghệ
an ninh mạng đang thay đổi thị trường trong các công ty lớn.,Công nghệ
điện toán đám mây đang phát triển mạnh trong cộng đồng.,Công nghệ
xe tự lái đang thay đổi thị trường trong ngành công nghiệp.,Công nghệ
trí tuệ nhân tạo được nhiều người quan tâm trong các công ty lớn.,Công nghệ
điện toán đám mây đang phát triển mạnh tại nhiều quốc gia.,Công nghệ
dữ liệu lớn thu hút nhiều sự chú ý trong các dự án mới.,Công nghệ
dữ liệu lớn được thảo luận rộng rãi trong nhiều doanh nghiệp.,Công nghệ
dữ liệu lớn đang phát triển mạnh trong nhiều doanh nghiệp.,Công nghệ
trí tuệ nhân tạo thu hút nhiều sự chú ý tại Việt Nam.,Công nghệ
dữ liệu lớn tạo ra nhiều ảnh hưởng trong ngành công nghiệp.,Công nghệ
xe tự lái đang được nghiên cứu trong nhiều doanh nghiệp.,Công nghệ
phần mềm nguồn mở tạo ra nhiều ảnh hưởng trong ngành công nghiệp.,Công nghệ
điện toán đám mây mang lại nhiều cơ hội trong các dự án mới.,Công nghệ
xe tự lái tạo ra nhiều ảnh hưởng tại Việt Nam.,Công nghệ
trí tuệ nhân tạo thu hút nhiều sự chú ý trên mạng xã hội.,Công nghệ
phần mềm nguồn mở đang phát triển mạnh trong nhiều doanh nghiệp.,Công nghệ
phần mềm nguồn mở được thảo luận rộng rãi tại nhiều quốc gia.,Công nghệ
an ninh mạng đang trở thành xu hướng trong các công ty lớn.,Công nghệ
trí tuệ nhân tạo thu hút nhiều sự chú ý trong cộng đồng.,Công nghệ
an ninh mạng đang phát triển mạnh trong các dự án mới.,Công nghệ
mạng 5G được nhiều người quan tâm trong nhiều doanh nghiệp.,Công nghệ
xe tự lái thu hút nhiều sự chú ý trong ngành công nghiệp.,Công nghệ
internet vạn vật đang được nghiên cứu trong cộng đồng.,Công nghệ
mạng 5G tạo ra nhiều ảnh hưởng trên toàn thế giới.,Công nghệ
trí tuệ nhân tạo được nhiều người quan tâm trong ngành công nghiệp.,Công nghệ
trí tuệ nhân tạo được nhiều người quan tâm tại nhiều quốc gia.,Công nghệ
robot được áp dụng rộng rãi trong nhiều doanh nghiệp.,Công nghệ
dữ liệu lớn thu hút nhiều sự chú ý trên toàn thế giới.,Công nghệ
phần mềm nguồn mở được nhiều người quan tâm trong cộng đồng.,Công nghệ
phần mềm nguồn mở được nhiều người quan tâm trong nhiều doanh nghiệp.,Công nghệ
xe tự lái được thảo luận rộng rãi trong nhiều doanh nghiệp.,Công nghệ
an ninh mạng đang phát triển mạnh tại nhiều quốc gia.,Công nghệ
mạng 5G mang lại nhiều cơ hội trên toàn thế giới.,Công nghệ
phần mềm nguồn mở đang thay đổi thị trường trong các tổ chức.,Công nghệ
trí tuệ nhân tạo mang lại nhiều cơ hội trong các tổ chức.,Công nghệ
trí tuệ nhân tạo được áp dụng rộng rãi trong ngành công nghiệp.,Công nghệ
điện toán đám mây được áp dụng rộng rãi trong ngành công nghiệp.,Công nghệ
dữ liệu lớn thu hút nhiều sự chú ý trong các công ty lớn.,Công nghệ
dữ liệu lớn được nhiều người quan tâm trên mạng xã hội.,Công nghệ
an ninh mạng thu hút nhiều sự chú ý tại Việt Nam.,Công nghệ
xe tự lái được áp dụng rộng rãi trong các tổ chức.,Công nghệ
xe tự lái được thảo luận rộng rãi trong cộng đồng.,Công nghệ
xe tự lái được nhiều người quan tâm trong các công ty lớn.,Công nghệ
an ninh mạng được áp dụng rộng rãi trong ngành công nghiệp.,Công nghệ
blockchain đang được nghiên cứu trong các dự án mới.,Công nghệ
phần mềm nguồn mở đang phát triển mạnh trên mạng xã hội.,Công nghệ
blockchain mang lại nhiều cơ hội trong nhiều doanh nghiệp.,Công nghệ
mạng 5G đang phát triển mạnh tại nhiều quốc gia.,Công nghệ
robot đang trở thành xu hướng trong ngành công nghiệp.,Công nghệ
an ninh mạng tạo ra nhiều ảnh hưởng trên mạng xã hội.,Công nghệ
dữ liệu lớn thu hút nhiều sự chú ý trong nhiều doanh nghiệp.,Công nghệ
phần mềm nguồn mở đang được nghiên cứu trong ngành công nghiệp.,Công nghệ
dữ liệu lớn mang lại nhiều cơ hội trên mạng xã hội.,Công nghệ
xe tự lái tạo ra nhiều ảnh hưởng trong cộng đồng.,Công nghệ
mạng 5G tạo ra nhiều ảnh hưởng trong nhiều doanh nghiệp.,Công nghệ
điện toán đám mây được áp dụng rộng rãi trong các tổ chức.,Công nghệ
phần mềm nguồn mở đang được nghiên cứu trên mạng xã hội.,Công nghệ
dữ liệu lớn đang trở thành xu hướng trong các tổ chức.,Công nghệ
phần mềm nguồn mở thu hút nhiều sự chú ý trong các công ty lớn.,Công nghệ
blockchain mang lại nhiều cơ hội trong cộng đồng.,Công nghệ
dữ liệu lớn thu hút nhiều sự chú ý trong ngành công nghiệp.,Công nghệ
phần mềm nguồn mở được nhiều người quan tâm trong ngành công nghiệp.,Công nghệ
mạng 5G được áp dụng rộng rãi trong cộng đồng.,Công nghệ
blockchain mang lại nhiều cơ hội trên mạng xã hội.,Công nghệ
dữ liệu lớn tạo ra nhiều ảnh hưởng trên toàn thế giới.,Công nghệ
blockchain thu hút nhiều sự chú ý trên toàn thế giới.,Công nghệ
dữ liệu lớn mang lại nhiều cơ hội trong cộng đồng.,Công nghệ
dữ liệu lớn được nhiều người quan tâm trong các dự án mới.,Công nghệ
dữ liệu lớn đang được nghiên cứu trong ngành công nghiệp.,Công nghệ
robot đang thay đổi thị trường trong ngành công nghiệp.,Công nghệ
dữ liệu lớn được áp dụng rộng rãi tại nhiều quốc gia.,Công nghệ
robot đang được nghiên cứu trong các công ty lớn.,Công nghệ
xe tự lái được thảo luận rộng rãi trong các công ty lớn.,Công nghệ
an ninh mạng được nhiều người quan tâm trong các công ty lớn.,Công nghệ
xe tự lái được thảo luận rộng rãi tại Việt Nam.,Công nghệ
dữ liệu lớn đang phát triển mạnh trong ngành công nghiệp.,Công nghệ
dữ liệu lớn đang được nghiên cứu trong các tổ chức.,Công nghệ
xe tự lái mang lại nhiều cơ hội tại nhiều quốc gia.,Công nghệ
điện toán đám mây tạo ra nhiều ảnh hưởng trong ngành công nghiệp.,Công nghệ
robot được nhiều người quan tâm trong cộng đồng.,Công nghệ
dữ liệu lớn được thảo luận rộng rãi trong các tổ chức.,Công nghệ
điện toán đám mây tạo ra nhiều ảnh hưởng trong các công ty lớn.,Công nghệ
mạng 5G đang được nghiên cứu trên toàn thế giới.,Công nghệ
phần mềm nguồn mở được áp dụng rộng rãi tại Việt Nam.,Công nghệ
dữ liệu lớn đang trở thành xu hướng trong các dự án mới.,Công nghệ
internet vạn vật được áp dụng rộng rãi trong các công ty lớn.,Công nghệ
phần mềm nguồn mở thu hút nhiều sự chú ý trong nhiều doanh nghiệp.,Công nghệ
phần mềm nguồn mở mang lại nhiều cơ hội trong cộng đồng.,Công nghệ
internet vạn vật được áp dụng rộng rãi trong nhiều doanh nghiệp.,Công nghệ
robot được thảo luận rộng rãi trong ngành công nghiệp.,Công nghệ
xe tự lái mang lại nhiều cơ hội tại Việt Nam.,Công nghệ
internet vạn vật mang lại nhiều cơ hội trong ngành công nghiệp.,Công nghệ
an ninh mạng đang thay đổi thị trường trong ngành công nghiệp.,Công nghệ
điện toán đám mây được nhiều người quan tâm trong nhiều doanh nghiệp.,Công nghệ
xe tự lái mang lại nhiều cơ hội trên toàn thế giới.,Công nghệ
dữ liệu lớn tạo ra nhiều ảnh hưởng trong nhiều doanh nghiệp.,Công nghệ
robot được nhiều người quan tâm trong nhiều doanh nghiệp.,Công nghệ
trí tuệ nhân tạo được áp dụng rộng rãi tại nhiều quốc gia.,Công nghệ
mạng 5G tạo ra nhiều ảnh hưởng trong các tổ chức.,Công nghệ
dữ liệu lớn tạo ra nhiều ảnh hưởng tại Việt Nam.,Công nghệ
an ninh mạng mang lại nhiều cơ hội trong các công ty lớn.,Công nghệ
điện toán đám mây đang phát triển mạnh trên mạng xã hội.,Công nghệ
blockchain tạo ra nhiều ảnh hưởng trên toàn thế giới.,Công nghệ
dữ liệu lớn được thảo luận rộng rãi trên mạng xã hội.,Công nghệ
điện toán đám mây đang trở thành xu hướng trong các dự án mới.,Công nghệ
robot đang trở thành xu hướng trong cộng đồng.,Công nghệ
robot đang phát triển mạnh trong cộng đồng.,Công nghệ
robot được thảo luận rộng rãi trên toàn thế giới.,Công nghệ
internet vạn vật được nhiều người quan tâm tại Việt Nam.,Công nghệ
trí tuệ nhân tạo đang thay đổi thị trường trong các công ty lớn.,Công nghệ
dữ liệu lớn được thảo luận rộng rãi tại Việt Nam.,Công nghệ
blockchain được nhiều người quan tâm trong ngành công nghiệp.,Công nghệ
phần mềm nguồn mở đang trở thành xu hướng trong cộng đồng.,Công nghệ
xe tự lái được nhiều người quan tâm trên mạng xã hội.,Công nghệ
blockchain tạo ra nhiều ảnh hưởng trong ngành công nghiệp.,Công nghệ
dữ liệu lớn được nhiều người quan tâm trong ngành công nghiệp.,Công nghệ
điện toán đám mây đang thay đổi thị trường trong các dự án mới.,Công nghệ
an ninh mạng thu hút nhiều sự chú ý trong ngành công nghiệp.,Công nghệ
trí tuệ nhân tạo đang được nghiên cứu tại nhiều quốc gia.,Công nghệ
robot tạo ra nhiều ảnh hưởng trong cộng đồng.,Công nghệ
internet vạn vật thu hút nhiều sự chú ý trên toàn thế giới.,Công nghệ
dữ liệu lớn đang phát triển mạnh trong các công ty lớn.,Công nghệ
mạng 5G được nhiều người quan tâm trong các công ty lớn.,Công nghệ
dữ liệu lớn đang được nghiên cứu trong cộng đồng.,Công nghệ
xe tự lái thu hút nhiều sự chú ý tại nhiều quốc gia.,Công nghệ
blockchain được thảo luận rộng rãi tại nhiều quốc gia.,Công nghệ
internet vạn vật được áp dụng rộng rãi trong cộng đồng.,Công nghệ
xe tự lái mang lại nhiều cơ hội trong nhiều doanh nghiệp.,Công nghệ
phần mềm nguồn mở thu hút nhiều sự chú ý tại Việt Nam.,Công nghệ
dữ liệu lớn đang trở thành xu hướng trong các công ty lớn.,Công nghệ
xe tự lái thu hút nhiều sự chú ý trong các dự án mới.,Công nghệ
an ninh mạng được nhiều người quan tâm trong nhiều doanh nghiệp.,Công nghệ
robot mang lại nhiều cơ hội trong cộng đồng.,Công nghệ
internet vạn vật được nhiều người quan tâm trong các dự án mới.,Công nghệ
robot đang thay đổi thị trường tại nhiều quốc gia.,Công nghệ
phần mềm nguồn mở đang được nghiên cứu trong các dự án mới.,Công nghệ
an ninh mạng đang được nghiên cứu trong nhiều doanh nghiệp.,Công nghệ
điện toán đám mây đang phát triển mạnh trong nhiều doanh nghiệp.,Công nghệ
internet vạn vật thu hút nhiều sự chú ý trong ngành công nghiệp.,Công nghệ
internet vạn vật đang trở thành xu hướng trong ngành công nghiệp.,Công nghệ
robot thu hút nhiều sự chú ý tại Việt Nam.,Công nghệ
xe tự lái được thảo luận rộng rãi trên mạng xã hội.,Công nghệ
trí tuệ nhân tạo được nhiều người quan tâm tại Việt Nam.,Công nghệ
internet vạn vật được áp dụng rộng rãi trên mạng xã hội.,Công nghệ
an ninh mạng được nhiều người quan tâm trên mạng xã hội.,Công nghệ
mạng 5G đang trở thành xu hướng trong ngành công nghiệp.,Công nghệ
robot đang được nghiên cứu trong các dự án mới.,Công nghệ
dữ liệu lớn được áp dụng rộng rãi trên mạng xã hội.,Công nghệ
trí tuệ nhân tạo được thảo luận rộng rãi tại Việt Nam.,Công nghệ
internet vạn vật đang phát triển mạnh trong các tổ chức.,Công nghệ
mạng 5G được thảo luận rộng rãi trong các dự án mới.,Công nghệ
blockchain được áp dụng rộng rãi tại nhiều quốc gia.,Công nghệ
robot đang phát triển mạnh trong ngành công nghiệp.,Công nghệ
robot được nhiều người quan tâm trên toàn thế giới.,Công nghệ
trí tuệ nhân tạo đang phát triển mạnh trong các tổ chức.,Công nghệ
robot mang lại nhiều cơ hội trong nhiều doanh nghiệp.,Công nghệ
xe tự lái đang phát triển mạnh trên toàn thế giới.,Công nghệ
trí tuệ nhân tạo tạo ra nhiều ảnh hưởng trong cộng đồng.,Công nghệ
robot được thảo luận rộng rãi trong các dự án mới.,Công nghệ
điện toán đám mây được nhiều người quan tâm trong các dự án mới.,Công nghệ
robot được nhiều người quan tâm trên mạng xã hội.,Công nghệ
internet vạn vật được thảo luận rộng rãi trên toàn thế giới.,Công nghệ
trí tuệ nhân tạo được thảo luận rộng rãi trong các công ty lớn.,Công nghệ
mạng 5G đang thay đổi thị trường trong cộng đồng.,Công nghệ
trí tuệ nhân tạo đang phát triển mạnh trong nhiều doanh nghiệp.,Công nghệ
internet vạn vật được thảo luận rộng rãi trong ngành công nghiệp.,Công nghệ
điện toán đám mây mang lại nhiều cơ hội trong cộng đồng.,Công nghệ
internet vạn vật mang lại nhiều cơ hội tại Việt Nam.,Công nghệ
an ninh mạng được áp dụng rộng rãi trên toàn thế giới.,Công nghệ
an ninh mạng tạo ra nhiều ảnh hưởng trong nhiều doanh nghiệp.,Công nghệ
điện toán đám mây đang được nghiên cứu trên mạng xã hội.,Công nghệ
trí tuệ nhân tạo đang trở thành xu hướng trên mạng xã hội.,Công nghệ
phần mềm nguồn mở thu hút nhiều sự chú ý trong cộng đồng.,Công nghệ
dữ liệu lớn được nhiều người quan tâm trong cộng đồng.,Công nghệ
mạng 5G được nhiều người quan tâm tại Việt Nam.,Công nghệ
blockchain đang phát triển mạnh trong ngành công nghiệp.,Công nghệ
dữ liệu lớn được thảo luận rộng rãi trong các công ty lớn.,Công nghệ
internet vạn vật được thảo luận rộng rãi trong cộng đồng.,Công nghệ
trí tuệ nhân tạo mang lại nhiều cơ hội tại Việt Nam.,Công nghệ
blockchain được thảo luận rộng rãi tại Việt Nam.,Công nghệ
an ninh mạng được áp dụng rộng rãi trong các tổ chức.,Công nghệ
internet vạn vật đang phát triển mạnh trong các dự án mới.,Công nghệ
blockchain được áp dụng rộng rãi trong nhiều doanh nghiệp.,Công nghệ
robot đang trở thành xu hướng trên mạng xã hội.,Công nghệ
robot tạo ra nhiều ảnh hưởng trong các công ty lớn.,Công nghệ
robot đang thay đổi thị trường trong cộng đồng.,Công nghệ
an ninh mạng mang lại nhiều cơ hội trong các tổ chức.,Công nghệ
điện toán đám mây được thảo luận rộng rãi trong ngành công nghiệp.,Công nghệ
dữ liệu lớn được áp dụng rộng rãi trong ngành công nghiệp.,Công nghệ
điện toán đám mây tạo ra nhiều ảnh hưởng tại Việt Nam.,Công nghệ
dữ liệu lớn đang phát triển mạnh tại nhiều quốc gia.,Công nghệ
internet vạn vật đang trở thành xu hướng trên mạng xã hội.,Công nghệ
internet vạn vật được áp dụng rộng rãi tại Việt Nam.,Công nghệ
mạng 5G mang lại nhiều cơ hội trên mạng xã hội.,Công nghệ
xe tự lái được áp dụng rộng rãi trong ngành công nghiệp.,Công nghệ
trí tuệ nhân tạo thu hút nhiều sự chú ý trong ngành công nghiệp.,Công nghệ
blockchain được thảo luận rộng rãi trong các dự án mới.,Công nghệ
xe tự lái đang thay đổi thị trường trong các dự án mới.,Công nghệ
điện toán đám mây được áp dụng rộng rãi trong các công ty lớn.,Công nghệ
trí tuệ nhân tạo được thảo luận rộng rãi trong các tổ chức.,Công nghệ
trí tuệ nhân tạo đang được nghiên cứu trên mạng xã hội.,Công nghệ
điện toán đám mây tạo ra nhiều ảnh hưởng trên toàn thế giới.,Công nghệ
điện toán đám mây được nhiều người quan tâm tại nhiều quốc gia.,Công nghệ
trí tuệ nhân tạo được nhiều người quan tâm trên toàn thế giới.,Công nghệ
robot đang thay đổi thị trường trong các tổ chức.,Công nghệ
trí tuệ nhân tạo đang phát triển mạnh tại nhiều quốc gia.,Công nghệ
phần mềm nguồn mở đang thay đổi thị trường trên mạng xã hội.,Công nghệ
trí tuệ nhân tạo được áp dụng rộng rãi trong các công ty lớn.,Công nghệ
blockchain được áp dụng rộng rãi trong ngành công nghiệp.,Công nghệ
mạng 5G đang trở thành xu hướng trong các công ty lớn.,Công nghệ
trí tuệ nhân tạo mang lại nhiều cơ hội trong ngành công nghiệp.,Công nghệ
blockchain đang trở thành xu hướng trong các tổ chức.,Công nghệ
trí tuệ nhân tạo tạo ra nhiều ảnh hưởng trong các công ty lớn.,Công nghệ
điện toán đám mây tạo ra nhiều ảnh hưởng trên mạng xã hội.,Công nghệ
internet vạn vật đang phát triển mạnh trong nhiều doanh nghiệp.,Công nghệ
dữ liệu lớn đang trở thành xu hướng tại nhiều quốc gia.,Công nghệ
điện toán đám mây đang thay đổi thị trường trong các tổ chức.,Công nghệ
xe tự lái đang thay đổi thị trường trong các công ty lớn.,Công nghệ
phần mềm nguồn mở đang phát triển mạnh tại Việt Nam.,Công nghệ
blockchain tạo ra nhiều ảnh hưởng trên mạng xã hội.,Công nghệ
trí tuệ nhân tạo được nhiều người quan tâm trong các tổ chức.,Công nghệ
mạng 5G mang lại nhiều cơ hội trong các tổ chức.,Công nghệ
trí tuệ nhân tạo tạo ra nhiều ảnh hưởng trên toàn thế giới.,Công nghệ
xe tự lái đang trở thành xu hướng tại Việt Nam.,Công nghệ
an ninh mạng đang được nghiên cứu trên mạng xã hội.,Công nghệ
internet vạn vật mang lại nhiều cơ hội trong các công ty lớn.,Công nghệ
an ninh mạng được thảo luận rộng rãi trong các tổ chức.,Công nghệ
an ninh mạng đang trở thành xu hướng tại nhiều quốc gia.,Công nghệ
an ninh mạng đang thay đổi thị trường trong các dự án mới.,Công nghệ
an ninh mạng được thảo luận rộng rãi trong các công ty lớn.,Công nghệ
điện toán đám mây thu hút nhiều sự chú ý trong các tổ chức.,Công nghệ
dữ liệu lớn đang trở thành xu hướng trong cộng đồng.,Công nghệ
an ninh mạng thu hút nhiều sự chú ý trong cộng đồng.,Công nghệ
dữ liệu lớn thu hút nhiều sự chú ý trên mạng xã hội.,Công nghệ
robot tạo ra nhiều ảnh hưởng trong các dự án mới.,Công nghệ
trí tuệ nhân tạo đang trở thành xu hướng tại Việt Nam.,Công nghệ
trí tuệ nhân tạo thu hút nhiều sự chú ý trong các công ty lớn.,Công nghệ
xe tự lái đang được nghiên cứu tại Việt Nam.,Công nghệ
điện toán đám mây đang thay đổi thị trường trong ngành công nghiệp.,Công nghệ
blockchain thu hút nhiều sự chú ý tại Việt Nam.,Công nghệ
điện toán đám mây được thảo luận rộng rãi trong các tổ chức.,Công nghệ
blockchain đang phát triển mạnh trong các công ty lớn.,Công nghệ
trí tuệ nhân tạo đang trở thành xu hướng trong các công ty lớn.,Công nghệ
mạng 5G đang phát triển mạnh tại Việt Nam.,Công nghệ
trí tuệ nhân tạo đang thay đổi thị trường trong các tổ chức.,Công nghệ
xe tự lái được áp dụng rộng rãi trong nhiều doanh nghiệp.,Công nghệ
robot mang lại nhiều cơ hội trong các công ty lớn.,Công nghệ
mạng 5G đang phát triển mạnh trong cộng đồng.,Công nghệ
trí tuệ nhân tạo đang được nghiên cứu trong ngành công nghiệp.,Công nghệ
robot đang phát triển mạnh trong các tổ chức.,Công nghệ
xe tự lái tạo ra nhiều ảnh hưởng tại nhiều quốc gia.,Công nghệ
an ninh mạng đang được nghiên cứu trên toàn thế giới.,Công nghệ
phần mềm nguồn mở đang trở thành xu hướng trên toàn thế giới.,Công nghệ
phần mềm nguồn mở đang phát triển mạnh trong các tổ chức.,Công nghệ
dữ liệu lớn mang lại nhiều cơ hội trong các dự án mới.,Công nghệ
mạng 5G đang thay đổi thị trường tại nhiều quốc gia.,Công nghệ
phần mềm nguồn mở đang được nghiên cứu trên toàn thế giới.,Công nghệ
robot đang phát triển mạnh trong các dự án mới.,Công nghệ
phần mềm nguồn mở đang phát triển mạnh tại nhiều quốc gia.,Công nghệ
blockchain đang trở thành xu hướng trong nhiều doanh nghiệp.,Công nghệ
xe tự lái được áp dụng rộng rãi tại nhiều quốc gia.,Công nghệ
trí tuệ nhân tạo đang được nghiên cứu trên toàn thế giới.,Công nghệ
an ninh mạng được thảo luận rộng rãi trong ngành công nghiệp.,Công nghệ
mạng 5G đang thay đổi thị trường trong nhiều doanh nghiệp.,Công nghệ
phần mềm nguồn mở đang được nghiên cứu trong các công ty lớn.,Công nghệ
phần mềm nguồn mở đang trở thành xu hướng trong các công ty lớn.,Công nghệ
blockchain đang được nghiên cứu trên toàn thế giới.,Công nghệ
robot thu hút nhiều sự chú ý trong cộng đồng.,Công nghệ
trí tuệ nhân tạo được thảo luận rộng rãi trong các dự án mới.,Công nghệ
robot đang phát triển mạnh tại Việt Nam.,Công nghệ
internet vạn vật tạo ra nhiều ảnh hưởng trong ngành công nghiệp.,Công nghệ
robot mang lại nhiều cơ hội trong ngành công nghiệp.,Công nghệ
xe tự lái mang lại nhiều cơ hội trong các tổ chức.,Công nghệ
trí tuệ nhân tạo đang phát triển mạnh trong ngành công nghiệp.,Công nghệ
internet vạn vật đang thay đổi thị trường trong ngành công nghiệp.,Công nghệ
robot đang trở thành xu hướng trên toàn thế giới.,Công nghệ
internet vạn vật đang được nghiên cứu trong nhiều doanh nghiệp.,Công nghệ
xe tự lái đang được nghiên cứu trên mạng xã hội.,Công nghệ
phần mềm nguồn mở được nhiều người quan tâm trong các tổ chức.,Công nghệ
internet vạn vật đang trở thành xu hướng trong cộng đồng.,Công nghệ
an ninh mạng được nhiều người quan tâm trong các tổ chức.,Công nghệ
internet vạn vật thu hút nhiều sự chú ý trên mạng xã hội.,Công nghệ
trí tuệ nhân tạo mang lại nhiều cơ hội trên mạng xã hội.,Công nghệ
điện toán đám mây đang được nghiên cứu trong các công ty lớn.,Công nghệ
mạng 5G được thảo luận rộng rãi trên toàn thế giới.,Công nghệ
xe tự lái đang phát triển mạnh trong cộng đồng.,Công nghệ
dữ liệu lớn được nhiều người quan tâm trong các công ty lớn.,Công nghệ
mạng 5G được áp dụng rộng rãi trong các tổ chức.,Công nghệ
mạng 5G tạo ra nhiều ảnh hưởng trên mạng xã hội.,Công nghệ
blockchain đang trở thành xu hướng trong cộng đồng.,Công nghệ
an ninh mạng được thảo luận rộng rãi trong nhiều doanh nghiệp.,Công nghệ
xe tự lái đang phát triển mạnh trong ngành công nghiệp.,Công nghệ
mạng 5G thu hút nhiều sự chú ý trên mạng xã hội.,Công nghệ
internet vạn vật được áp dụng rộng rãi trong các tổ chức.,Công nghệ
internet vạn vật đang được nghiên cứu trong các tổ chức.,Công nghệ
xe tự lái mang lại nhiều cơ hội trong cộng đồng.,Công nghệ
robot được nhiều người quan tâm tại nhiều quốc gia.,Công nghệ
an ninh mạng đang thay đổi thị trường trong cộng đồng.,Công nghệ
internet vạn vật được áp dụng rộng rãi tại nhiều quốc gia.,Công nghệ
an ninh mạng đang phát triển mạnh trong cộng đồng.,Công nghệ
robot được áp dụng rộng rãi tại nhiều quốc gia.,Công nghệ
điện toán đám mây mang lại nhiều cơ hội tại nhiều quốc gia.,Công nghệ
phần mềm nguồn mở đang phát triển mạnh trong các dự án mới.,Công nghệ
xe tự lái đang trở thành xu hướng trên mạng xã hội.,Công nghệ
blockchain thu hút nhiều sự chú ý trên mạng xã hội.,Công nghệ
an ninh mạng đang trở thành xu hướng trên mạng xã hội.,Công nghệ
internet vạn vật thu hút nhiều sự chú ý trong các dự án mới.,Công nghệ
blockchain đang thay đổi thị trường trên mạng xã hội.,Công nghệ
mạng 5G tạo ra nhiều ảnh hưởng tại Việt Nam.,Công nghệ
an ninh mạng được nhiều người quan tâm trong cộng đồng.,Công nghệ
trí tuệ nhân tạo được áp dụng rộng rãi trong cộng đồng.,Công nghệ
internet vạn vật đang trở thành xu hướng trong các tổ chức.,Công nghệ
internet vạn vật thu hút nhiều sự chú ý trong các công ty lớn.,Công nghệ
điện toán đám mây đang thay đổi thị trường trong nhiều doanh nghiệp.,Công nghệ
xe tự lái đang thay đổi thị trường trên mạng xã hội.,Công nghệ
dữ liệu lớn đang thay đổi thị trường trong các dự án mới.,Công nghệ
an ninh mạng đang thay đổi thị trường trên toàn thế giới.,Công nghệ
robot đang được nghiên cứu trong các tổ chức.,Công nghệ
robot được áp dụng rộng rãi trong các công ty lớn.,Công nghệ
internet vạn vật đang thay đổi thị trường tại nhiều quốc gia.,Công nghệ
robot được áp dụng rộng rãi trong ngành công nghiệp.,Công nghệ
robot đang thay đổi thị trường trong nhiều doanh nghiệp.,Công nghệ
an ninh mạng được áp dụng rộng rãi tại Việt Nam.,Công nghệ
blockchain được áp dụng rộng rãi trên toàn thế giới.,Công nghệ
mạng 5G được nhiều người quan tâm trong các tổ chức.,Công nghệ
trí tuệ nhân tạo được áp dụng rộng rãi trong nhiều doanh nghiệp.,Công nghệ
internet vạn vật được áp dụng rộng rãi trong các dự án mới.,Công nghệ
robot được thảo luận rộng rãi tại nhiều quốc gia.,Công nghệ
an ninh mạng thu hút nhiều sự chú ý trong các tổ chức.,Công nghệ
trí tuệ nhân tạo tạo ra nhiều ảnh hưởng trong ngành công nghiệp.,Công nghệ
dữ liệu lớn đang phát triển mạnh tại Việt Nam.,Công nghệ
xe tự lái đang phát triển mạnh tại nhiều quốc gia.,Công nghệ
robot tạo ra nhiều ảnh hưởng trên mạng xã hội.,Công nghệ
điện toán đám mây đang được nghiên cứu trên toàn thế giới.,Công nghệ
điện toán đám mây đang trở thành xu hướng trong các công ty lớn.,Công nghệ
xe tự lái tạo ra nhiều ảnh hưởng trên mạng xã hội.,Công nghệ
blockchain được thảo luận rộng rãi trong các tổ chức.,Công nghệ
blockchain thu hút nhiều sự chú ý trong nhiều doanh nghiệp.,Công nghệ
trí tuệ nhân tạo tạo ra nhiều ảnh hưởng trong các dự án mới.,Công nghệ
điện toán đám mây được thảo luận rộng rãi trong các công ty lớn.,Công nghệ
blockchain được nhiều người quan tâm trên toàn thế giới.,Công nghệ
internet vạn vật tạo ra nhiều ảnh hưởng trong nhiều doanh nghiệp.,Công nghệ
mạng 5G đang trở thành xu hướng trong các dự án mới.,Công nghệ
trí tuệ nhân tạo thu hút nhiều sự chú ý trong các dự án mới.,Công nghệ
trí tuệ nhân tạo được nhiều người quan tâm trên mạng xã hội.,Công nghệ
blockchain được áp dụng rộng rãi trong các dự án mới.,Công nghệ
internet vạn vật được thảo luận rộng rãi tại Việt Nam.,Công nghệ
điện toán đám mây tạo ra nhiều ảnh hưởng trong các tổ chức.,Công nghệ
trí tuệ nhân tạo được áp dụng rộng rãi trong các tổ chức.,Công nghệ
điện toán đám mây đang phát triển mạnh trong ngành công nghiệp.,Công nghệ
mạng 5G thu hút nhiều sự chú ý tại nhiều quốc gia.,Công nghệ
dữ liệu lớn được áp dụng rộng rãi trong các tổ chức.,Công nghệ
internet vạn vật đang trở thành xu hướng trong các công ty lớn.,Công nghệ
xe tự lái được thảo luận rộng rãi trên toàn thế giới.,Công nghệ
trí tuệ nhân tạo mang lại nhiều cơ hội tại nhiều quốc gia.,Công nghệ
xe tự lái đang thay đổi thị trường trong cộng đồng.,Công nghệ
dữ liệu lớn đang được nghiên cứu trên mạng xã hội.,Công nghệ
blockchain được thảo luận rộng rãi trong các công ty lớn.,Công nghệ
mạng 5G đang thay đổi thị trường trong các tổ chức.,Công nghệ
robot đang thay đổi thị trường trong các dự án mới.,Công nghệ
dữ liệu lớn được thảo luận rộng rãi trên toàn thế giới.,Công nghệ
phần mềm nguồn mở được áp dụng rộng rãi trong các công ty lớn.,Công nghệ
internet vạn vật đang thay đổi thị trường trong các tổ chức.,Công nghệ
mạng 5G tạo ra nhiều ảnh hưởng trong cộng đồng.,Công nghệ
blockchain đang trở thành xu hướng trên mạng xã hội.,Công nghệ
điện toán đám mây được thảo luận rộng rãi trong cộng đồng.,Công nghệ
blockchain đang được nghiên cứu trong cộng đồng.,Công nghệ
mạng 5G được thảo luận rộng rãi trong các công ty lớn.,Công nghệ
xe tự lái được nhiều người quan tâm trong nhiều doanh nghiệp.,Công nghệ
mạng 5G thu hút nhiều sự chú ý trên toàn thế giới.,Công nghệ
xe tự lái mang lại nhiều cơ hội trên mạng xã hội.,Công nghệ
dữ liệu lớn tạo ra nhiều ảnh hưởng trên mạng xã hội.,Công nghệ
điện toán đám mây được áp dụng rộng rãi trên mạng xã hội.,Công nghệ
dữ liệu lớn thu hút nhiều sự chú ý tại nhiều quốc gia.,Công nghệ
blockchain đang được nghiên cứu trong ngành công nghiệp.,Công nghệ
blockchain được áp dụng rộng rãi trong các công ty lớn.,Công nghệ
robot mang lại nhiều cơ hội trên mạng xã hội.,Công nghệ
blockchain được nhiều người quan tâm trong cộng đồng.,Công nghệ
mạng 5G đang phát triển mạnh trong ngành công nghiệp.,Công nghệ
phần mềm nguồn mở được thảo luận rộng rãi trên toàn thế giới.,Công nghệ
phần mềm nguồn mở đang phát triển mạnh trên toàn thế giới.,Công nghệ
xe tự lái thu hút nhiều sự chú ý trong cộng đồng.,Công nghệ
blockchain đang phát triển mạnh tại nhiều quốc gia.,Công nghệ
trí tuệ nhân tạo mang lại nhiều cơ hội trong cộng đồng.,Công nghệ
dữ liệu lớn đang thay đổi thị trường trên toàn thế giới.,Công nghệ
an ninh mạng đang được nghiên cứu tại Việt Nam.,Công nghệ
internet vạn vật đang phát triển mạnh tại Việt Nam.,Công nghệ
trí tuệ nhân tạo đang phát triển mạnh trên mạng xã hội.,Công nghệ
robot được thảo luận rộng rãi trong các tổ chức.,Công nghệ
blockchain đang được nghiên cứu tại nhiều quốc gia.,Công nghệ
mạng 5G được áp dụng rộng rãi trên toàn thế giới.,Công nghệ
trí tuệ nhân tạo đang được nghiên cứu trong các tổ chức.,Công nghệ
internet vạn vật đang được nghiên cứu trong ngành công nghiệp.,Công nghệ
mạng 5G thu hút nhiều sự chú ý trong các công ty lớn.,Công nghệ
mạng 5G đang trở thành xu hướng tại nhiều quốc gia.,Công nghệ
robot được áp dụng rộng rãi trên mạng xã hội.,Công nghệ
an ninh mạng được thảo luận rộng rãi tại nhiều quốc gia.,Công nghệ
an ninh mạng đang phát triển mạnh trên toàn thế giới.,Công nghệ
xe tự lái được áp dụng rộng rãi trong các công ty lớn.,Công nghệ
điện toán đám mây đang được nghiên cứu trong các dự án mới.,Công nghệ
robot đang trở thành xu hướng trong các tổ chức.,Công nghệ
mạng 5G đang phát triển mạnh trong các tổ chức.,Công nghệ
blockchain được thảo luận rộng rãi trong cộng đồng.,Công nghệ
internet vạn vật đang phát triển mạnh tại nhiều quốc gia.,Công nghệ
xe tự lái được nhiều người quan tâm trong cộng đồng.,Công nghệ
dữ liệu lớn được áp dụng rộng rãi trong các dự án mới.,Công nghệ
trí tuệ nhân tạo đang được nghiên cứu trong các công ty lớn.,Công nghệ
xe tự lái mang lại nhiều cơ hội trong các dự án mới.,Công nghệ
trí tuệ nhân tạo được thảo luận rộng rãi trên toàn thế giới.,Công nghệ
an ninh mạng được nhiều người quan tâm trong các dự án mới.,Công nghệ
điện toán đám mây tạo ra nhiều ảnh hưởng trong nhiều doanh nghiệp.,Công nghệ
điện toán đám mây thu hút nhiều sự chú ý trong nhiều doanh nghiệp.,Công nghệ
điện toán đám mây đang trở thành xu hướng trên mạng xã hội.,Công nghệ
internet vạn vật mang lại nhiều cơ hội trong nhiều doanh nghiệp.,Công nghệ
điện toán đám mây được nhiều người quan tâm trong các công ty lớn.,Công nghệ
điện toán đám mây được áp dụng rộng rãi trong cộng đồng.,Công nghệ
internet vạn vật mang lại nhiều cơ hội trong các dự án mới.,Công nghệ
robot thu hút nhiều sự chú ý tại nhiều quốc gia.,Công nghệ
mạng 5G thu hút nhiều sự chú ý trong nhiều doanh nghiệp.,Công nghệ
blockchain được nhiều người quan tâm trong các công ty lớn.,Công nghệ
dữ liệu lớn được thảo luận rộng rãi trong các dự án mới.,Công nghệ
xe tự lái được áp dụng rộng rãi trong các dự án mới.,Công nghệ
dữ liệu lớn đang thay đổi thị trường trên mạng xã hội.,Công nghệ
blockchain tạo ra nhiều ảnh hưởng trong các tổ chức.,Công nghệ
an ninh mạng mang lại nhiều cơ hội trên toàn thế giới.,Công nghệ
an ninh mạng đang phát triển mạnh trong các công ty lớn.,Công nghệ
blockchain được áp dụng rộng rãi trên mạng xã hội.,Công nghệ
an ninh mạng đang trở thành xu hướng trong các tổ chức.,Công nghệ
an ninh mạng được áp dụng rộng rãi tại nhiều quốc gia.,Công nghệ
trí tuệ nhân tạo đang thay đổi thị trường trên mạng xã hội.,Công nghệ
phần mềm nguồn mở được thảo luận rộng rãi trong các tổ chức.,Công nghệ
internet vạn vật được áp dụng rộng rãi trên toàn thế giới.,Công nghệ
internet vạn vật được nhiều người quan tâm trong ngành công nghiệp.,Công nghệ
robot thu hút nhiều sự chú ý trong các dự án mới.,Công nghệ
robot đang được nghiên cứu trong ngành công nghiệp.,Công nghệ
dữ liệu lớn đang thay đổi thị trường tại Việt Nam.,Công nghệ
an ninh mạng mang lại nhiều cơ hội trong nhiều doanh nghiệp.,Công nghệ
dữ liệu lớn mang lại nhiều cơ hội trong nhiều doanh nghiệp.,Công nghệ
mạng 5G tạo ra nhiều ảnh hưởng trong các công ty lớn.,Công nghệ
phần mềm nguồn mở đang được nghiên cứu trong nhiều doanh nghiệp.,Công nghệ
phần mềm nguồn mở được thảo luận rộng rãi trên mạng xã hội.,Công nghệ
mạng 5G đang thay đổi thị trường trên mạng xã hội.,Công nghệ
internet vạn vật đang được nghiên cứu tại nhiều quốc gia.,Công nghệ
mạng 5G được thảo luận rộng rãi trong các tổ chức.,Công nghệ
internet vạn vật đang được nghiên cứu trong các công ty lớn.,Công nghệ
an ninh mạng đang thay đổi thị trường tại Việt Nam.,Công nghệ
trí tuệ nhân tạo thu hút nhiều sự chú ý tại nhiều quốc gia.,Công nghệ
điện toán đám mây được nhiều người quan tâm trong cộng đồng.,Công nghệ
mạng 5G đang thay đổi thị trường trên toàn thế giới.,Công nghệ
xe tự lái mang lại nhiều cơ hội trong các công ty lớn.,Công nghệ
an ninh mạng được áp dụng rộng rãi trên mạng xã hội.,Công nghệ
internet vạn vật thu hút nhiều sự chú ý tại nhiều quốc gia.,Công nghệ
robot đang trở thành xu hướng trong các dự án mới.,Công nghệ
robot đang thay đổi thị trường tại Việt Nam.,Công nghệ
trí tuệ nhân tạo thu hút nhiều sự chú ý trong các tổ chức.,Công nghệ
xe tự lái tạo ra nhiều ảnh hưởng trong ngành công nghiệp.,Công nghệ
điện toán đám mây được nhiều người quan tâm trong các tổ chức.,Công nghệ
mạng 5G được thảo luận rộng rãi trong ngành công nghiệp.,Công nghệ
dữ liệu lớn mang lại nhiều cơ hội trên toàn thế giới.,Công nghệ
phần mềm nguồn mở đang thay đổi thị trường tại nhiều quốc gia.,Công nghệ
dữ liệu lớn được áp dụng rộng rãi trong các công ty lớn.,Công nghệ
blockchain được thảo luận rộng rãi trong ngành công nghiệp.,Công nghệ
an ninh mạng tạo ra nhiều ảnh hưởng trong cộng đồng.,Công nghệ
internet vạn vật thu hút nhiều sự chú ý trong các tổ chức.,Công nghệ
dữ liệu lớn đang được nghiên cứu tại Việt Nam.,Công nghệ
điện toán đám mây đang trở thành xu hướng trong các tổ chức.,Công nghệ
dữ liệu lớn đang phát triển mạnh trong các tổ chức.,Công nghệ
mạng 5G được nhiều người quan tâm trong cộng đồng.,Công nghệ
mạng 5G mang lại nhiều cơ hội trong các dự án mới.,Công nghệ
robot đang được nghiên cứu trên toàn thế giới.,Công nghệ
mạng 5G được thảo luận rộng rãi trên mạng xã hội.,Công nghệ
trí tuệ nhân tạo tạo ra nhiều ảnh hưởng trên mạng xã hội.,Công nghệ
phần mềm nguồn mở tạo ra nhiều ảnh hưởng trong các dự án mới.,Công nghệ
an ninh mạng mang lại nhiều cơ hội tại nhiều quốc gia.,Công nghệ
điện toán đám mây được nhiều người quan tâm trên mạng xã hội.,Công nghệ
robot đang được nghiên cứu trên mạng xã hội.,Công nghệ
an ninh mạng được thảo luận rộng rãi tại Việt Nam.,Công nghệ
xe tự lái đang trở thành xu hướng trong các dự án mới.,Công nghệ
điện toán đám mây thu hút nhiều sự chú ý trong ngành công nghiệp.,Công nghệ
điện toán đám mây tạo ra nhiều ảnh hưởng trong các dự án mới.,Công nghệ
internet vạn vật đang phát triển mạnh trên mạng xã hội.,Công nghệ
trí tuệ nhân tạo thu hút nhiều sự chú ý trong nhiều doanh nghiệp.,Công nghệ
dữ liệu lớn được thảo luận rộng rãi trong ngành công nghiệp.,Công nghệ
phần mềm nguồn mở đang phát triển mạnh trong cộng đồng.,Công nghệ
robot được nhiều người quan tâm trong các công ty lớn.,Công nghệ
phần mềm nguồn mở mang lại nhiều cơ hội trên toàn thế giới.,Công nghệ
internet vạn vật mang lại nhiều cơ hội trên toàn thế giới.,Công nghệ
điện toán đám mây mang lại nhiều cơ hội trong nhiều doanh nghiệp.,Công nghệ
internet vạn vật đang trở thành xu hướng tại Việt Nam.,Công nghệ
điện toán đám mây tạo ra nhiều ảnh hưởng tại nhiều quốc gia.,Công nghệ
điện toán đám mây thu hút nhiều sự chú ý trong cộng đồng.,Công nghệ
mạng 5G đang trở thành xu hướng trên mạng xã hội.,Công nghệ
trí tuệ nhân tạo đang được nghiên cứu trong cộng đồng.,Công nghệ
trí tuệ nhân tạo đang trở thành xu hướng trong các tổ chức.,Công nghệ
blockchain đang thay đổi thị trường trong các tổ chức.,Công nghệ
dữ liệu lớn đang phát triển mạnh trên toàn thế giới.,Công nghệ
an ninh mạng thu hút nhiều sự chú ý trong các công ty lớn.,Công nghệ
phần mềm nguồn mở mang lại nhiều cơ hội tại Việt Nam.,Công nghệ
robot đang phát triển mạnh trong các công ty lớn.,Công nghệ
an ninh mạng đang được nghiên cứu trong cộng đồng.,Công nghệ
robot đang trở thành xu hướng tại nhiều quốc gia.,Công nghệ
robot đang trở thành xu hướng trong các công ty lớn.,Công nghệ
internet vạn vật đang được nghiên cứu trên toàn thế giới.,Công nghệ
blockchain được áp dụng rộng rãi trong các tổ chức.,Công nghệ
internet vạn vật đang phát triển mạnh trong ngành công nghiệp.,Công nghệ
điện toán đám mây được áp dụng rộng rãi tại Việt Nam.,Công nghệ
trí tuệ nhân tạo đang phát triển mạnh trong các công ty lớn.,Công nghệ
robot được áp dụng rộng rãi trên toàn thế giới.,Công nghệ
phần mềm nguồn mở đang trở thành xu hướng tại nhiều quốc gia.,Công nghệ
mạng 5G được nhiều người quan tâm trong các dự án mới.,Công nghệ
robot được thảo luận rộng rãi tại Việt Nam.,Công nghệ
blockchain được áp dụng rộng rãi trong cộng đồng.,Công nghệ
mạng 5G đang được nghiên cứu trên mạng xã hội.,Công nghệ
trí tuệ nhân tạo tạo ra nhiều ảnh hưởng tại nhiều quốc gia.,Công nghệ
trí tuệ nhân tạo đang phát triển mạnh trong các dự án mới.,Công nghệ
trí tuệ nhân tạo được thảo luận rộng rãi trong ngành công nghiệp.,Công nghệ
xe tự lái đang phát triển mạnh trong các công ty lớn.,Công nghệ
xe tự lái đang phát triển mạnh trong các tổ chức.,Công nghệ
điện toán đám mây được nhiều người quan tâm tại Việt Nam.,Công nghệ
mạng 5G đang được nghiên cứu trong các tổ chức.,Công nghệ
xe tự lái đang thay đổi thị trường tại nhiều quốc gia.,Công nghệ
xe tự lái đang phát triển mạnh trên mạng xã hội.,Công nghệ
dữ liệu lớn mang lại nhiều cơ hội tại nhiều quốc gia.,Công nghệ
xe tự lái đang thay đổi thị trường trên toàn thế giới.,Công nghệ
mạng 5G đang trở thành xu hướng trên toàn thế giới.,Công nghệ
robot đang phát triển mạnh trong nhiều doanh nghiệp.,Công nghệ
mạng 5G thu hút nhiều sự chú ý trong ngành công nghiệp.,Công nghệ
an ninh mạng được thảo luận rộng rãi trên toàn thế giới.,Công nghệ
internet vạn vật được thảo luận rộng rãi trong các dự án mới.,Công nghệ
an ninh mạng thu hút nhiều sự chú ý trong nhiều doanh nghiệp.,Công nghệ
phần mềm nguồn mở thu hút nhiều sự chú ý trong ngành công nghiệp.,Công nghệ
mạng 5G được thảo luận rộng rãi trong cộng đồng.,Công nghệ
internet vạn vật đang trở thành xu hướng trong các dự án mới.,Công nghệ
xe tự lái đang trở thành xu hướng trong các tổ chức.,Công nghệ
trí tuệ nhân tạo đang được nghiên cứu tại Việt Nam.,Công nghệ
an ninh mạng mang lại nhiều cơ hội trong các dự án mới.,Công nghệ
điện toán đám mây mang lại nhiều cơ hội trong các tổ chức.,Công nghệ
an ninh mạng được áp dụng rộng rãi trong các dự án mới.,Công nghệ
xe tự lái thu hút nhiều sự chú ý tại Việt Nam.,Công nghệ
điện toán đám mây thu hút nhiều sự chú ý trên mạng xã hội.,Công nghệ
mạng 5G đang thay đổi thị trường trong ngành công nghiệp.,Công nghệ
an ninh mạng đang trở thành xu hướng trong nhiều doanh nghiệp.,Công nghệ
mạng 5G mang lại nhiều cơ hội tại nhiều quốc gia.,Công nghệ
internet vạn vật tạo ra nhiều ảnh hưởng trên mạng xã hội.,Công nghệ
internet vạn vật được nhiều người quan tâm trên toàn thế giới.,Công nghệ
trí tuệ nhân tạo đang thay đổi thị trường trong ngành công nghiệp.,Công nghệ
dữ liệu lớn đang trở thành xu hướng trong nhiều doanh nghiệp.,Công nghệ
robot đang được nghiên cứu tại nhiều quốc gia.,Công nghệ
an ninh mạng được thảo luận rộng rãi trong cộng đồng.,Công nghệ
phần mềm nguồn mở được nhiều người quan tâm tại nhiều quốc gia.,Công nghệ
blockchain tạo ra nhiều ảnh hưởng tại nhiều quốc gia.,Công nghệ
huấn luyện viên được nhiều người quan tâm tại Việt Nam.,Thể thao
World Cup mang lại nhiều cơ hội trên mạng xã hội.,Thể thao
bóng rổ được nhiều người quan tâm trong ngành công nghiệp.,Thể thao
quần vợt thu hút nhiều sự chú ý tại nhiều quốc gia.,Thể thao
quần vợt được nhiều người quan tâm tại nhiều quốc gia.,Thể thao
bóng rổ thu hút nhiều sự chú ý tại Việt Nam.,Thể thao
Olympic thu hút nhiều sự chú ý trong các tổ chức.,Thể thao
quần vợt mang lại nhiều cơ hội trên mạng xã hội.,Thể thao
bóng rổ mang lại nhiều cơ hội trong các dự án mới.,Thể thao
Olympic tạo ra nhiều ảnh hưởng trên mạng xã hội.,Thể thao
cầu thủ tạo ra nhiều ảnh hưởng trong các công ty lớn.,Thể thao
huấn luyện viên đang phát triển mạnh trong các công ty lớn.,Thể thao
bóng đá đang phát triển mạnh trên toàn thế giới.,Thể thao
Olympic đang thay đổi thị trường trong cộng đồng.,Thể thao
bóng rổ tạo ra nhiều ảnh hưởng trong các dự án mới.,Thể thao
huấn luyện viên tạo ra nhiều ảnh hưởng trong ngành công nghiệp.,Thể thao
bóng rổ tạo ra nhiều ảnh hưởng tại nhiều quốc gia.,Thể thao
World Cup tạo ra nhiều ảnh hưởng trong cộng đồng.,Thể thao
huấn luyện viên tạo ra nhiều ảnh hưởng trong nhiều doanh nghiệp.,Thể thao
Olympic thu hút nhiều sự chú ý trong ngành công nghiệp.,Thể thao
quần vợt đang phát triển mạnh trong nhiều doanh nghiệp.,Thể thao
marathon đang trở thành xu hướng tại nhiều quốc gia.,Thể thao
cầu lông đang được nghiên cứu tại Việt Nam.,Thể thao
World Cup thu hút nhiều sự chú ý trong nhiều doanh nghiệp.,Thể thao
Olympic được nhiều người quan tâm trên toàn thế giới.,Thể thao
huấn luyện viên được áp dụng rộng rãi trong các tổ chức.,Thể thao
World Cup đang thay đổi thị trường trên toàn thế giới.,Thể thao
giải vô địch quốc gia thu hút nhiều sự chú ý tại nhiều quốc gia.,Thể thao
World Cup đang trở thành xu hướng tại nhiều quốc gia.,Thể thao
Olympic đang trở thành xu hướng tại Việt Nam.,Thể thao
cầu lông được áp dụng rộng rãi tại Việt Nam.,Thể thao
marathon đang thay đổi thị trường tại Việt Nam.,Thể thao
cầu thủ đang thay đổi thị trường trong các dự án mới.,Thể thao
giải vô địch quốc gia được nhiều người quan tâm trong ngành công nghiệp.,Thể thao
quần vợt đang phát triển mạnh trong các tổ chức.,Thể thao
cầu thủ mang lại nhiều cơ hội trong các tổ chức.,Thể thao
Olympic đang trở thành xu hướng trong cộng đồng.,Thể thao
quần vợt được áp dụng rộng rãi trên toàn thế giới.,Thể thao
bóng rổ thu hút nhiều sự chú ý trong nhiều doanh nghiệp.,Thể thao
marathon đang thay đổi thị trường trong cộng đồng.,Thể thao
cầu lông tạo ra nhiều ảnh hưởng trong nhiều doanh nghiệp.,Thể thao
cầu thủ đang thay đổi thị trường trên mạng xã hội.,Thể thao
bóng rổ đang trở thành xu hướng trong các tổ chức.,Thể thao
cầu lông tạo ra nhiều ảnh hưởng trên mạng xã hội.,Thể thao
bóng rổ đang trở thành xu hướng tại Việt Nam.,Thể thao
huấn luyện viên đang thay đổi thị trường trong nhiều doanh nghiệp.,Thể thao
bóng đá đang thay đổi thị trường trong cộng đồng.,Thể thao
giải vô địch quốc gia được áp dụng rộng rãi trong các dự án mới.,Thể thao
bóng đá được áp dụng rộng rãi trên toàn thế giới.,Thể thao
World Cup đang thay đổi thị trường trong ngành công nghiệp.,Thể thao
giải vô địch quốc gia được áp dụng rộng rãi trên toàn thế giới.,Thể thao
cầu thủ đang trở thành xu hướng tại Việt Nam.,Thể thao
marathon đang thay đổi thị trường trong ngành công nghiệp.,Thể thao
huấn luyện viên thu hút nhiều sự chú ý trong các công ty lớn.,Thể thao
cầu thủ được nhiều người quan tâm tại Việt Nam.,Thể thao
quần vợt thu hút nhiều sự chú ý trong các dự án mới.,Thể thao
cầu lông tạo ra nhiều ảnh hưởng trong cộng đồng.,Thể thao
World Cup thu hút nhiều sự chú ý trên mạng xã hội.,Thể thao
bóng đá thu hút nhiều sự chú ý tại nhiều quốc gia.,Thể thao
bóng đá thu hút nhiều sự chú ý trên mạng xã hội.,Thể thao
quần vợt đang trở thành xu hướng trên mạng xã hội.,Thể thao
quần vợt đang phát triển mạnh trong cộng đồng.,Thể thao
Olympic đang trở thành xu hướng trên toàn thế giới.,Thể thao
bóng đá được thảo luận rộng rãi trong ngành công nghiệp.,Thể thao
bóng rổ đang thay đổi thị trường tại nhiều quốc gia.,Thể thao
giải vô địch quốc gia thu hút nhiều sự chú ý trong các dự án mới.,Thể thao
World Cup đang trở thành xu hướng trên mạng xã hội.,Thể thao
quần vợt đang thay đổi thị trường tại Việt Nam.,Thể thao
cầu lông được nhiều người quan tâm trong ngành công nghiệp.,Thể thao
huấn luyện viên mang lại nhiều cơ hội trong nhiều doanh nghiệp.,Thể thao
giải vô địch quốc gia được nhiều người quan tâm trên mạng xã hội.,Thể thao
marathon đang thay đổi thị trường trong các dự án mới.,Thể thao
World Cup đang trở thành xu hướng trong cộng đồng.,Thể thao
World Cup đang thay đổi thị trường tại Việt Nam.,Thể thao
cầu thủ đang được nghiên cứu trên mạng xã hội.,Thể thao
bóng đá được áp dụng rộng rãi trong nhiều doanh nghiệp.,Thể thao
World Cup được áp dụng rộng rãi trong ngành công nghiệp.,Thể thao
marathon được thảo luận rộng rãi tại Việt Nam.,Thể thao
cầu lông thu hút nhiều sự chú ý trong ngành công nghiệp.,Thể thao
bóng đá được áp dụng rộng rãi trên mạng xã hội.,Thể thao
World Cup đang thay đổi thị trường tại nhiều quốc gia.,Thể thao
bóng đá thu hút nhiều sự chú ý trong các dự án mới.,Thể thao
bóng rổ đang phát triển mạnh trong nhiều doanh nghiệp.,Thể thao
giải vô địch quốc gia đang được nghiên cứu tại nhiều quốc gia.,Thể thao
Olympic đang thay đổi thị trường trong các dự án mới.,Thể thao
marathon thu hút nhiều sự chú ý trong các dự án mới.,Thể thao
marathon đang thay đổi thị trường trên toàn thế giới.,Thể thao
World Cup đang phát triển mạnh trong cộng đồng.,Thể thao
cầu thủ đang thay đổi thị trường trong nhiều doanh nghiệp.,Thể thao
cầu thủ tạo ra nhiều ảnh hưởng trên toàn thế giới.,Thể thao
World Cup thu hút nhiều sự chú ý trong cộng đồng.,Thể thao
World Cup thu hút nhiều sự chú ý tại Việt Nam.,Thể thao
cầu thủ đang được nghiên cứu trong các dự án mới.,Thể thao
bóng đá thu hút nhiều sự chú ý trong cộng đồng.,Thể thao
Olympic được nhiều người quan tâm trên mạng xã hội.,Thể thao
huấn luyện viên đang trở thành xu hướng trong các dự án mới.,Thể thao
World Cup đang phát triển mạnh trong nhiều doanh nghiệp.,Thể thao
quần vợt đang thay đổi thị trường trên toàn thế giới.,Thể thao
huấn luyện viên được thảo luận rộng rãi trong nhiều doanh nghiệp.,Thể thao
bóng đá đang trở thành xu hướng trên mạng xã hội.,Thể thao
World Cup đang được nghiên cứu trong nhiều doanh nghiệp.,Thể thao
cầu thủ mang lại nhiều cơ hội trong ngành công nghiệp.,Thể thao
giải vô địch quốc gia được nhiều người quan tâm trong cộng đồng.,Thể thao
Olympic đang phát triển mạnh trong các dự án mới.,Thể thao
quần vợt được thảo luận rộng rãi trong ngành công nghiệp.,Thể thao
bóng đá đang trở thành xu hướng trong các công ty lớn.,Thể thao
World Cup mang lại nhiều cơ hội trong cộng đồng.,Thể thao
bóng đá được áp dụng rộng rãi trong các tổ chức.,Thể thao
quần vợt thu hút nhiều sự chú ý trong các công ty lớn.,Thể thao
World Cup được thảo luận rộng rãi trong các công ty lớn.,Thể thao
cầu lông được nhiều người quan tâm trong các dự án mới.,Thể thao
marathon đang được nghiên cứu trên toàn thế giới.,Thể thao
Olympic mang lại nhiều cơ hội trong nhiều doanh nghiệp.,Thể thao
World Cup đang trở thành xu hướng trong các công ty lớn.,Thể thao
bóng đá đang được nghiên cứu trong ngành công nghiệp.,Thể thao
marathon đang trở thành xu hướng trên toàn thế giới.,Thể thao
huấn luyện viên đang thay đổi thị trường tại Việt Nam.,Thể thao
giải vô địch quốc gia đang trở thành xu hướng tại nhiều quốc gia.,Thể thao
Olympic đang thay đổi thị trường trong ngành công nghiệp.,Thể thao
huấn luyện viên thu hút nhiều sự chú ý trên toàn thế giới.,Thể thao
bóng rổ mang lại nhiều cơ hội tại nhiều quốc gia.,Thể thao
quần vợt tạo ra nhiều ảnh hưởng trên mạng xã hội.,Thể thao
quần vợt được áp dụng rộng rãi tại Việt Nam.,Thể thao
huấn luyện viên đang trở thành xu hướng trong nhiều doanh nghiệp.,Thể thao
huấn luyện viên tạo ra nhiều ảnh hưởng tại Việt Nam.,Thể thao
huấn luyện viên đang thay đổi thị trường tại nhiều quốc gia.,Thể thao
giải vô địch quốc gia mang lại nhiều cơ hội trên mạng xã hội.,Thể thao
marathon đang trở thành xu hướng trong nhiều doanh nghiệp.,Thể thao
quần vợt được nhiều người quan tâm trong cộng đồng.,Thể thao
bóng rổ tạo ra nhiều ảnh hưởng trong nhiều doanh nghiệp.,Thể thao
marathon tạo ra nhiều ảnh hưởng trong các công ty lớn.,Thể thao
bóng đá tạo ra nhiều ảnh hưởng trong các tổ chức.,Thể thao
huấn luyện viên thu hút nhiều sự chú ý tại Việt Nam.,Thể thao
giải vô địch quốc gia đang phát triển mạnh trong các công ty lớn.,Thể thao
marathon được áp dụng rộng rãi tại nhiều quốc gia.,Thể thao
bóng đá tạo ra nhiều ảnh hưởng tại Việt Nam.,Thể thao
huấn luyện viên được nhiều người quan tâm trong các dự án mới.,Thể thao
cầu lông đang phát triển mạnh trong ngành công nghiệp.,Thể thao
cầu lông đang thay đổi thị trường trong nhiều doanh nghiệp.,Thể thao
cầu lông được áp dụng rộng rãi trên toàn thế giới.,Thể thao
cầu lông đang trở thành xu hướng trong các dự án mới.,Thể thao
World Cup được nhiều người quan tâm trên mạng xã hội.,Thể thao
marathon đang trở thành xu hướng trong các công ty lớn.,Thể thao
bóng đá được nhiều người quan tâm trong ngành công nghiệp.,Thể thao
marathon được nhiều người quan tâm trong ngành công nghiệp.,Thể thao
giải vô địch quốc gia đang thay đổi thị trường trong các công ty lớn.,Thể thao
Olympic được áp dụng rộng rãi trên mạng xã hội.,Thể thao
cầu thủ được áp dụng rộng rãi tại Việt Nam.,Thể thao
Olympic đang được nghiên cứu trên toàn thế giới.,Thể thao
giải vô địch quốc gia tạo ra nhiều ảnh hưởng trên mạng xã hội.,Thể thao
huấn luyện viên thu hút nhiều sự chú ý trong ngành công nghiệp.,Thể thao
World Cup đang phát triển mạnh trên toàn thế giới.,Thể thao
Olympic đang phát triển mạnh trong các công ty lớn.,Thể thao
bóng đá được nhiều người quan tâm trong nhiều doanh nghiệp.,Thể thao
marathon thu hút nhiều sự chú ý trong cộng đồng.,Thể thao
marathon được áp dụng rộng rãi trong các dự án mới.,Thể thao
cầu lông được thảo luận rộng rãi trên mạng xã hội.,Thể thao
cầu lông mang lại nhiều cơ hội tại nhiều quốc gia.,Thể thao
Olympic được áp dụng rộng rãi tại Việt Nam.,Thể thao
World Cup đang trở thành xu hướng trong các dự án mới.,Thể thao
bóng đá thu hút nhiều sự chú ý trong nhiều doanh nghiệp.,Thể thao
World Cup đang phát triển mạnh trong các dự án mới.,Thể thao
bóng rổ tạo ra nhiều ảnh hưởng tại Việt Nam.,Thể thao
Olympic đang thay đổi thị trường tại Việt Nam.,Thể thao
marathon mang lại nhiều cơ hội tại nhiều quốc gia.,Thể thao
cầu thủ được nhiều người quan tâm trong các công ty lớn.,Thể thao
cầu lông đang được nghiên cứu trong các công ty lớn.,Thể thao
Olympic đang phát triển mạnh tại Việt Nam.,Thể thao
bóng đá mang lại nhiều cơ hội trong nhiều doanh nghiệp.,Thể thao
World Cup được nhiều người quan tâm trong các tổ chức.,Thể thao
huấn luyện viên đang trở thành xu hướng tại nhiều quốc gia.,Thể thao
giải vô địch quốc gia được áp dụng rộng rãi tại Việt Nam.,Thể thao
World Cup thu hút nhiều sự chú ý trong các tổ chức.,Thể thao
Olympic thu hút nhiều sự chú ý trên toàn thế giới.,Thể thao
World Cup mang lại nhiều cơ hội trong ngành công nghiệp.,Thể thao
cầu thủ đang thay đổi thị trường trong cộng đồng.,Thể thao
giải vô địch quốc gia đang phát triển mạnh trong cộng đồng.,Thể thao
cầu thủ được áp dụng rộng rãi trong ngành công nghiệp.,Thể thao
World Cup thu hút nhiều sự chú ý tại nhiều quốc gia.,Thể thao
World Cup được nhiều người quan tâm trong cộng đồng.,Thể thao
quần vợt tạo ra nhiều ảnh hưởng trong các dự án mới.,Thể thao
Olympic được thảo luận rộng rãi trong nhiều doanh nghiệp.,Thể thao
huấn luyện viên được áp dụng rộng rãi trong các công ty lớn.,Thể thao
Olympic đang thay đổi thị trường trong nhiều doanh nghiệp.,Thể thao
marathon tạo ra nhiều ảnh hưởng trong các tổ chức.,Thể thao
huấn luyện viên đang phát triển mạnh trên toàn thế giới.,Thể thao
Olympic thu hút nhiều sự chú ý trong cộng đồng.,Thể thao
quần vợt được nhiều người quan tâm trên toàn thế giới.,Thể thao
giải vô địch quốc gia đang phát triển mạnh trong các tổ chức.,Thể thao
huấn luyện viên đang trở thành xu hướng trên mạng xã hội.,Thể thao
huấn luyện viên được áp dụng rộng rãi trong các dự án mới.,Thể thao
Olympic thu hút nhiều sự chú ý tại Việt Nam.,Thể thao
World Cup được áp dụng rộng rãi trong nhiều doanh nghiệp.,Thể thao
World Cup thu hút nhiều sự chú ý trong các dự án mới.,Thể thao
cầu lông đang thay đổi thị trường trong các tổ chức.,Thể thao
bóng đá tạo ra nhiều ảnh hưởng trong ngành công nghiệp.,Thể thao
bóng đá đang thay đổi thị trường trong nhiều doanh nghiệp.,Thể thao
giải vô địch quốc gia mang lại nhiều cơ hội tại nhiều quốc gia.,Thể thao
bóng rổ đang trở thành xu hướng trong ngành công nghiệp.,Thể thao
quần vợt đang phát triển mạnh trên toàn thế giới.,Thể thao
marathon được nhiều người quan tâm trên toàn thế giới.,Thể thao
quần vợt được nhiều người quan tâm trong nhiều doanh nghiệp.,Thể thao
World Cup đang thay đổi thị trường trên mạng xã hội.,Thể thao
quần vợt đang thay đổi thị trường trong ngành công nghiệp.,Thể thao
Olympic mang lại nhiều cơ hội trong các công ty lớn.,Thể thao
cầu lông đang phát triển mạnh trong cộng đồng.,Thể thao
cầu thủ được nhiều người quan tâm trong cộng đồng.,Thể thao
giải vô địch quốc gia được nhiều người quan tâm trong các tổ chức.,Thể thao
World Cup thu hút nhiều sự chú ý trong ngành công nghiệp.,Thể thao
bóng đá đang phát triển mạnh trong các công ty lớn.,Thể thao
Olympic được nhiều người quan tâm trong nhiều doanh nghiệp.,Thể thao
bóng đá đang thay đổi thị trường tại Việt Nam.,Thể thao
World Cup được áp dụng rộng rãi tại nhiều quốc gia.,Thể thao
quần vợt được áp dụng rộng rãi trong nhiều doanh nghiệp.,Thể thao
marathon được thảo luận rộng rãi trong các dự án mới.,Thể thao
Olympic đang được nghiên cứu tại Việt Nam.,Thể thao
World Cup tạo ra nhiều ảnh hưởng tại nhiều quốc gia.,Thể thao
bóng đá được nhiều người quan tâm trên toàn thế giới.,Thể thao
bóng đá mang lại nhiều cơ hội trên toàn thế giới.,Thể thao
giải vô địch quốc gia tạo ra nhiều ảnh hưởng trong ngành công nghiệp.,Thể thao
giải vô địch quốc gia đang trở thành xu hướng trong các dự án mới.,Thể thao
quần vợt được áp dụng rộng rãi trong cộng đồng.,Thể thao
quần vợt đang được nghiên cứu trong các tổ chức.,Thể thao
bóng rổ được nhiều người quan tâm trong cộng đồng.,Thể thao
cầu lông thu hút nhiều sự chú ý tại nhiều quốc gia.,Thể thao
bóng rổ đang trở thành xu hướng trong các công ty lớn.,Thể thao
Olympic được thảo luận rộng rãi tại nhiều quốc gia.,Thể thao
cầu thủ đang được nghiên cứu trong các công ty lớn.,Thể thao
cầu lông đang thay đổi thị trường trong cộng đồng.,Thể thao
bóng đá được áp dụng rộng rãi trong cộng đồng.,Thể thao
Olympic được thảo luận rộng rãi trong các dự án mới.,Thể thao
quần vợt đang thay đổi thị trường trên mạng xã hội.,Thể thao
cầu thủ thu hút nhiều sự chú ý trong các tổ chức.,Thể thao
giải vô địch quốc gia đang thay đổi thị trường trong cộng đồng.,Thể thao
World Cup thu hút nhiều sự chú ý trong các công ty lớn.,Thể thao
quần vợt đang phát triển mạnh trong các công ty lớn.,Thể thao
cầu thủ đang được nghiên cứu tại Việt Nam.,Thể thao
giải vô địch quốc gia được nhiều người quan tâm trong các công ty lớn.,Thể thao
marathon tạo ra nhiều ảnh hưởng trong ngành công nghiệp.,Thể thao
bóng rổ đang thay đổi thị trường trong ngành công nghiệp.,Thể thao
marathon đang được nghiên cứu trong các tổ chức.,Thể thao
cầu lông đang phát triển mạnh trong các tổ chức.,Thể thao
cầu lông được thảo luận rộng rãi trong cộng đồng.,Thể thao
Olympic tạo ra nhiều ảnh hưởng trong các tổ chức.,Thể thao
quần vợt đang trở thành xu hướng trong nhiều doanh nghiệp.,Thể thao
bóng đá mang lại nhiều cơ hội tại Việt Nam.,Thể thao
marathon được áp dụng rộng rãi trên toàn thế giới.,Thể thao
giải vô địch quốc gia đang thay đổi thị trường trong các dự án mới.,Thể thao
giải vô địch quốc gia đang được nghiên cứu trong các dự án mới.,Thể thao
bóng rổ đang được nghiên cứu trong cộng đồng.,Thể thao
quần vợt đang phát triển mạnh trên mạng xã hội.,Thể thao
bóng đá tạo ra nhiều ảnh hưởng trong nhiều doanh nghiệp.,Thể thao
cầu lông tạo ra nhiều ảnh hưởng trên toàn thế giới.,Thể thao
cầu lông đang phát triển mạnh trên toàn thế giới.,Thể thao
cầu lông đang phát triển mạnh trong các dự án mới.,Thể thao
cầu thủ mang lại nhiều cơ hội trên mạng xã hội.,Thể thao
marathon đang thay đổi thị trường trong các tổ chức.,Thể thao
cầu thủ thu hút nhiều sự chú ý trên toàn thế giới.,Thể thao
bóng đá mang lại nhiều cơ hội trong cộng đồng.,Thể thao
bóng đá tạo ra nhiều ảnh hưởng trong các dự án mới.,Thể thao
cầu thủ thu hút nhiều sự chú ý tại Việt Nam.,Thể thao
World Cup tạo ra nhiều ảnh hưởng trên toàn thế giới.,Thể thao
cầu lông đang trở thành xu hướng tại Việt Nam.,Thể thao
cầu lông được nhiều người quan tâm trong cộng đồng.,Thể thao
marathon tạo ra nhiều ảnh hưởng trong nhiều doanh nghiệp.,Thể thao
marathon được thảo luận rộng rãi tại nhiều quốc gia.,Thể thao
cầu thủ được thảo luận rộng rãi trong cộng đồng.,Thể thao
bóng đá được thảo luận rộng rãi trong các dự án mới.,Thể thao
Olympic tạo ra nhiều ảnh hưởng trong các dự án mới.,Thể thao
cầu thủ thu hút nhiều sự chú ý trong các dự án mới.,Thể thao
quần vợt tạo ra nhiều ảnh hưởng tại nhiều quốc gia.,Thể thao
quần vợt được nhiều người quan tâm tại Việt Nam.,Thể thao
bóng đá mang lại nhiều cơ hội trong các dự án mới.,Thể thao
huấn luyện viên đang phát triển mạnh tại Việt Nam.,Thể thao
cầu thủ được thảo luận rộng rãi trong ngành công nghiệp.,Thể thao
quần vợt mang lại nhiều cơ hội trong ngành công nghiệp.,Thể thao
giải vô địch quốc gia đang trở thành xu hướng tại Việt Nam.,Thể thao
huấn luyện viên được thảo luận rộng rãi trong cộng đồng.,Thể thao
bóng đá đang trở thành xu hướng tại nhiều quốc gia.,Thể thao
cầu thủ đang trở thành xu hướng trên toàn thế giới.,Thể thao
quần vợt mang lại nhiều cơ hội trên toàn thế giới.,Thể thao
Olympic đang được nghiên cứu trên mạng xã hội.,Thể thao
Olympic được nhiều người quan tâm tại Việt Nam.,Thể thao
bóng đá được thảo luận rộng rãi tại nhiều quốc gia.,Thể thao
Olympic mang lại nhiều cơ hội tại Việt Nam.,Thể thao
bóng rổ đang trở thành xu hướng trên toàn thế giới.,Thể thao
marathon đang trở thành xu hướng tại Việt Nam.,Thể thao
bóng đá đang phát triển mạnh trong cộng đồng.,Thể thao
huấn luyện viên đang thay đổi thị trường trong ngành công nghiệp.,Thể thao
huấn luyện viên mang lại nhiều cơ hội trong ngành công nghiệp.,Thể thao
Olympic được áp dụng rộng rãi trong ngành công nghiệp.,Thể thao
marathon thu hút nhiều sự chú ý tại Việt Nam.,Thể thao
World Cup được áp dụng rộng rãi trong các tổ chức.,Thể thao
quần vợt đang phát triển mạnh trong ngành công nghiệp.,Thể thao
cầu lông được áp dụng rộng rãi tại nhiều quốc gia.,Thể thao
bóng rổ đang phát triển mạnh trên mạng xã hội.,Thể thao
marathon đang trở thành xu hướng trong các dự án mới.,Thể thao
huấn luyện viên mang lại nhiều cơ hội trong cộng đồng.,Thể thao
giải vô địch quốc gia mang lại nhiều cơ hội trong nhiều doanh nghiệp.,Thể thao
bóng rổ thu hút nhiều sự chú ý trong các công ty lớn.,Thể thao
quần vợt đang được nghiên cứu trong các dự án mới.,Thể thao
World Cup đang được nghiên cứu trong cộng đồng.,Thể thao
quần vợt đang được nghiên cứu trong nhiều doanh nghiệp.,Thể thao
marathon đang trở thành xu hướng trong ngành công nghiệp.,Thể thao
giải vô địch quốc gia được áp dụng rộng rãi trong cộng đồng.,Thể thao
huấn luyện viên mang lại nhiều cơ hội trong các tổ chức.,Thể thao
cầu lông đang thay đổi thị trường trên toàn thế giới.,Thể thao
bóng rổ được áp dụng rộng rãi trong các công ty lớn.,Thể thao
marathon đang phát triển mạnh trong các tổ chức.,Thể thao
cầu thủ đang được nghiên cứu trong cộng đồng.,Thể thao
huấn luyện viên được nhiều người quan tâm trên toàn thế giới.,Thể thao
cầu thủ đang trở thành xu hướng trong các công ty lớn.,Thể thao
giải vô địch quốc gia thu hút nhiều sự chú ý trong các tổ chức.,Thể thao
cầu lông đang trở thành xu hướng tại nhiều quốc gia.,Thể thao
cầu thủ đang phát triển mạnh trong nhiều doanh nghiệp.,Thể thao
cầu thủ tạo ra nhiều ảnh hưởng trên mạng xã hội.,Thể thao
marathon được nhiều người quan tâm tại nhiều quốc gia.,Thể thao
cầu lông được áp dụng rộng rãi trong ngành công nghiệp.,Thể thao
marathon đang được nghiên cứu tại nhiều quốc gia.,Thể thao
bóng đá được nhiều người quan tâm trong các tổ chức.,Thể thao
bóng rổ đang phát triển mạnh trên toàn thế giới.,Thể thao
World Cup đang phát triển mạnh tại nhiều quốc gia.,Thể thao
bóng rổ được nhiều người quan tâm trên toàn thế giới.,Thể thao
World Cup tạo ra nhiều ảnh hưởng trong các dự án mới.,Thể thao
Olympic đang được nghiên cứu trong các tổ chức.,Thể thao
huấn luyện viên mang lại nhiều cơ hội trên mạng xã hội.,Thể thao
World Cup được thảo luận rộng rãi trong các dự án mới.,Thể thao
bóng đá đang phát triển mạnh trong nhiều doanh nghiệp.,Thể thao
huấn luyện viên tạo ra nhiều ảnh hưởng trên toàn thế giới.,Thể thao
World Cup đang trở thành xu hướng trong các tổ chức.,Thể thao
cầu lông đang được nghiên cứu trên mạng xã hội.,Thể thao
cầu lông đang được nghiên cứu trong cộng đồng.,Thể thao
giải vô địch quốc gia tạo ra nhiều ảnh hưởng tại Việt Nam.,Thể thao
World Cup đang phát triển mạnh tại Việt Nam.,Thể thao
giải vô địch quốc gia được áp dụng rộng rãi tại nhiều quốc gia.,Thể thao
Olympic được thảo luận rộng rãi trong ngành công nghiệp.,Thể thao
giải vô địch quốc gia được áp dụng rộng rãi trong các công ty lớn.,Thể thao
giải vô địch quốc gia mang lại nhiều cơ hội tại Việt Nam.,Thể thao
bóng đá được thảo luận rộng rãi trong cộng đồng.,Thể thao
Olympic thu hút nhiều sự chú ý trong nhiều doanh nghiệp.,Thể thao
quần vợt đang trở thành xu hướng trong các dự án mới.,Thể thao
Olympic thu hút nhiều sự chú ý trên mạng xã hội.,Thể thao
marathon tạo ra nhiều ảnh hưởng tại nhiều quốc gia.,Thể thao
quần vợt đang phát triển mạnh tại Việt Nam.,Thể thao
bóng rổ mang lại nhiều cơ hội trong cộng đồng.,Thể thao
huấn luyện viên được nhiều người quan tâm trong các tổ chức.,Thể thao
cầu thủ được nhiều người quan tâm trong các dự án mới.,Thể thao
marathon đang phát triển mạnh trong các dự án mới.,Thể thao
cầu lông đang trở thành xu hướng trong ngành công nghiệp.,Thể thao
bóng đá tạo ra nhiều ảnh hưởng trên mạng xã hội.,Thể thao
cầu thủ được nhiều người quan tâm trên toàn thế giới.,Thể thao
huấn luyện viên được thảo luận rộng rãi trên mạng xã hội.,Thể thao
World Cup tạo ra nhiều ảnh hưởng trong các tổ chức.,Thể thao
cầu thủ mang lại nhiều cơ hội tại nhiều quốc gia.,Thể thao
cầu lông được áp dụng rộng rãi trong các tổ chức.,Thể thao
cầu thủ được thảo luận rộng rãi tại Việt Nam.,Thể thao
bóng rổ được nhiều người quan tâm trong các công ty lớn.,Thể thao
Olympic đang trở thành xu hướng trong nhiều doanh nghiệp.,Thể thao
quần vợt được áp dụng rộng rãi tại nhiều quốc gia.,Thể thao
bóng rổ tạo ra nhiều ảnh hưởng trong cộng đồng.,Thể thao
bóng rổ đang phát triển mạnh trong các công ty lớn.,Thể thao
cầu thủ đang trở thành xu hướng trong ngành công nghiệp.,Thể thao
cầu thủ đang thay đổi thị trường trong ngành công nghiệp.,Thể thao
marathon đang trở thành xu hướng trên mạng xã hội.,Thể thao
huấn luyện viên tạo ra nhiều ảnh hưởng trong các tổ chức.,Thể thao
Olympic đang phát triển mạnh trên mạng xã hội.,Thể thao
giải vô địch quốc gia được nhiều người quan tâm tại nhiều quốc gia.,Thể thao
bóng đá được áp dụng rộng rãi tại nhiều quốc gia.,Thể thao
cầu thủ đang được nghiên cứu trong nhiều doanh nghiệp.,Thể thao
World Cup được nhiều người quan tâm trong các công ty lớn.,Thể thao
bóng rổ mang lại nhiều cơ hội trong nhiều doanh nghiệp.,Thể thao
bóng rổ thu hút nhiều sự chú ý trong ngành công nghiệp.,Thể thao
Olympic thu hút nhiều sự chú ý tại nhiều quốc gia.,Thể thao
marathon thu hút nhiều sự chú ý trong các công ty lớn.,Thể thao
huấn luyện viên thu hút nhiều sự chú ý trong cộng đồng.,Thể thao
bóng đá được áp dụng rộng rãi tại Việt Nam.,Thể thao
World Cup đang được nghiên cứu trong các tổ chức.,Thể thao
giải vô địch quốc gia tạo ra nhiều ảnh hưởng trong cộng đồng.,Thể thao
huấn luyện viên đang thay đổi thị trường trong các tổ chức.,Thể thao
bóng rổ đang thay đổi thị trường tại Việt Nam.,Thể thao
giải vô địch quốc gia tạo ra nhiều ảnh hưởng trong các dự án mới.,Thể thao
quần vợt được thảo luận rộng rãi trong các dự án mới.,Thể thao
bóng đá đang thay đổi thị trường trong các dự án mới.,Thể thao
bóng đá tạo ra nhiều ảnh hưởng trong các công ty lớn.,Thể thao
bóng đá đang trở thành xu hướng trong các tổ chức.,Thể thao
World Cup mang lại nhiều cơ hội trên toàn thế giới.,Thể thao
bóng đá đang trở thành xu hướng trong nhiều doanh nghiệp.,Thể thao
bóng rổ được thảo luận rộng rãi trong cộng đồng.,Thể thao
bóng rổ đang phát triển mạnh tại nhiều quốc gia.,Thể thao
Olympic được thảo luận rộng rãi trong cộng đồng.,Thể thao
cầu thủ tạo ra nhiều ảnh hưởng trong ngành công nghiệp.,Thể thao
cầu thủ được thảo luận rộng rãi trong các tổ chức.,Thể thao
quần vợt tạo ra nhiều ảnh hưởng trong ngành công nghiệp.,Thể thao
marathon được thảo luận rộng rãi trong cộng đồng.,Thể thao
giải vô địch quốc gia thu hút nhiều sự chú ý trong nhiều doanh nghiệp.,Thể thao
cầu thủ tạo ra nhiều ảnh hưởng trong các tổ chức.,Thể thao
cầu lông mang lại nhiều cơ hội trong ngành công nghiệp.,Thể thao
Olympic đang thay đổi thị trường trong các công ty lớn.,Thể thao
huấn luyện viên đang thay đổi thị trường trong cộng đồng.,Thể thao
cầu thủ được áp dụng rộng rãi tại nhiều quốc gia.,Thể thao
giải vô địch quốc gia mang lại nhiều cơ hội trong các công ty lớn.,Thể thao
Olympic tạo ra nhiều ảnh hưởng trong cộng đồng.,Thể thao
World Cup thu hút nhiều sự chú ý trên toàn thế giới.,Thể thao
quần vợt được áp dụng rộng rãi trong các công ty lớn.,Thể thao
quần vợt thu hút nhiều sự chú ý trên toàn thế giới.,Thể thao
bóng đá đang được nghiên cứu tại nhiều quốc gia.,Thể thao
bóng rổ mang lại nhiều cơ hội trên toàn thế giới.,Thể thao
cầu lông mang lại nhiều cơ hội trong các tổ chức.,Thể thao
huấn luyện viên tạo ra nhiều ảnh hưởng trong cộng đồng.,Thể thao
bóng đá được áp dụng rộng rãi trong ngành công nghiệp.,Thể thao
marathon mang lại nhiều cơ hội trong nhiều doanh nghiệp.,Thể thao
cầu lông được nhiều người quan tâm trên toàn thế giới.,Thể thao
cầu lông đang phát triển mạnh trong nhiều doanh nghiệp.,Thể thao
bóng đá mang lại nhiều cơ hội trên mạng xã hội.,Thể thao
quần vợt được nhiều người quan tâm trong các công ty lớn.,Thể thao
bóng rổ thu hút nhiều sự chú ý trong cộng đồng.,Thể thao
giải vô địch quốc gia đang phát triển mạnh trên toàn thế giới.,Thể thao
cầu lông đang phát triển mạnh tại nhiều quốc gia.,Thể thao
cầu thủ đang được nghiên cứu trong các tổ chức.,Thể thao
giải vô địch quốc gia được thảo luận rộng rãi trong các công ty lớn.,Thể thao
quần vợt được thảo luận rộng rãi trên toàn thế giới.,Thể thao
huấn luyện viên đang được nghiên cứu trong nhiều doanh nghiệp.,Thể thao
World Cup đang trở thành xu hướng tại Việt Nam.,Thể thao
cầu thủ được áp dụng rộng rãi trong các dự án mới.,Thể thao
Olympic được áp dụng rộng rãi trong các tổ chức.,Thể thao
giải vô địch quốc gia tạo ra nhiều ảnh hưởng trong nhiều doanh nghiệp.,Thể thao
quần vợt được áp dụng rộng rãi trên mạng xã hội.,Thể thao
World Cup đang phát triển mạnh trong ngành công nghiệp.,Thể thao
quần vợt đang trở thành xu hướng tại nhiều quốc gia.,Thể thao
huấn luyện viên tạo ra nhiều ảnh hưởng tại nhiều quốc gia.,Thể thao
cầu thủ được thảo luận rộng rãi trong các dự án mới.,Thể thao
marathon được nhiều người quan tâm trong các công ty lớn.,Thể thao
giải vô địch quốc gia đang phát triển mạnh trong ngành công nghiệp.,Thể thao
cầu lông đang trở thành xu hướng trong cộng đồng.,Thể thao
bóng rổ được áp dụng rộng rãi trên toàn thế giới.,Thể thao
marathon thu hút nhiều sự chú ý trong ngành công nghiệp.,Thể thao
World Cup đang phát triển mạnh trong các tổ chức.,Thể thao
bóng đá đang phát triển mạnh trên mạng xã hội.,Thể thao
quần vợt tạo ra nhiều ảnh hưởng trên toàn thế giới.,Thể thao
cầu lông được áp dụng rộng rãi trong cộng đồng.,Thể thao
bóng rổ đang thay đổi thị trường trong nhiều doanh nghiệp.,Thể thao
bóng rổ được thảo luận rộng rãi tại nhiều quốc gia.,Thể thao
quần vợt được nhiều người quan tâm trong các tổ chức.,Thể thao
huấn luyện viên đang được nghiên cứu trên mạng xã hội.,Thể thao
marathon tạo ra nhiều ảnh hưởng trên toàn thế giới.,Thể thao
cầu thủ đang trở thành xu hướng trong các tổ chức.,Thể thao
huấn luyện viên được nhiều người quan tâm trong các công ty lớn.,Thể thao
marathon được nhiều người quan tâm trên mạng xã hội.,Thể thao
Olympic đang phát triển mạnh trong các tổ chức.,Thể thao
World Cup được thảo luận rộng rãi trong ngành công nghiệp.,Thể thao
cầu thủ được áp dụng rộng rãi trên toàn thế giới.,Thể thao
huấn luyện viên đang phát triển mạnh trong các tổ chức.,Thể thao
bóng rổ được áp dụng rộng rãi trong các dự án mới.,Thể thao
quần vợt mang lại nhiều cơ hội tại Việt Nam.,Thể thao
cầu lông đang trở thành xu hướng trong nhiều doanh nghiệp.,Thể thao
Olympic đang được nghiên cứu tại nhiều quốc gia.,Thể thao
Olympic tạo ra nhiều ảnh hưởng trong các công ty lớn.,Thể thao
Olympic đang trở thành xu hướng trong các tổ chức.,Thể thao
World Cup tạo ra nhiều ảnh hưởng trong các công ty lớn.,Thể thao
bóng đá mang lại nhiều cơ hội trong các công ty lớn.,Thể thao
bóng rổ được nhiều người quan tâm tại Việt Nam.,Thể thao
marathon được áp dụng rộng rãi tại Việt Nam.,Thể thao
giải vô địch quốc gia đang thay đổi thị trường trên mạng xã hội.,Thể thao
cầu thủ đang phát triển mạnh tại nhiều quốc gia.,Thể thao
bóng đá được thảo luận rộng rãi trong các tổ chức.,Thể thao
cầu thủ đang trở thành xu hướng tại nhiều quốc gia.,Thể thao
huấn luyện viên đang được nghiên cứu trong các công ty lớn.,Thể thao
Olympic mang lại nhiều cơ hội trong các dự án mới.,Thể thao
giải vô địch quốc gia tạo ra nhiều ảnh hưởng trên toàn thế giới.,Thể thao
World Cup được áp dụng rộng rãi trên toàn thế giới.,Thể thao
cầu lông đang thay đổi thị trường tại Việt Nam.,Thể thao
cầu lông tạo ra nhiều ảnh hưởng trong các công ty lớn.,Thể thao
cầu lông đang trở thành xu hướng trên toàn thế giới.,Thể thao
Olympic được áp dụng rộng rãi trong các dự án mới.,Thể thao
giải vô địch quốc gia mang lại nhiều cơ hội trong các tổ chức.,Thể thao
bóng đá được nhiều người quan tâm trong các công ty lớn.,Thể thao
Olympic được nhiều người quan tâm trong các tổ chức.,Thể thao
bóng đá thu hút nhiều sự chú ý trong các công ty lớn.,Thể thao
bóng rổ đang được nghiên cứu tại Việt Nam.,Thể thao
marathon tạo ra nhiều ảnh hưởng tại Việt Nam.,Thể thao
huấn luyện viên đang trở thành xu hướng trong ngành công nghiệp.,Thể thao
bóng đá thu hút nhiều sự chú ý trong các tổ chức.,Thể thao
marathon được thảo luận rộng rãi trong nhiều doanh nghiệp.,Thể thao
quần vợt đang trở thành xu hướng tại Việt Nam.,Thể thao
World Cup tạo ra nhiều ảnh hưởng trong nhiều doanh nghiệp.,Thể thao
quần vợt mang lại nhiều cơ hội trong các công ty lớn.,Thể thao
Olympic đang được nghiên cứu trong nhiều doanh nghiệp.,Thể thao
bóng rổ đang trở thành xu hướng trong nhiều doanh nghiệp.,Thể thao
huấn luyện viên thu hút nhiều sự chú ý trong các tổ chức.,Thể thao
giải vô địch quốc gia được thảo luận rộng rãi trên toàn thế giới.,Thể thao
marathon đang phát triển mạnh trên toàn thế giới.,Thể thao
cầu lông tạo ra nhiều ảnh hưởng tại nhiều quốc gia.,Thể thao
bóng rổ thu hút nhiều sự chú ý trên mạng xã hội.,Thể thao
marathon được nhiều người quan tâm trong các dự án mới.,Thể thao
Olympic được thảo luận rộng rãi trong các công ty lớn.,Thể thao
bóng rổ đang trở thành xu hướng trên mạng xã hội.,Thể thao
bóng rổ đang được nghiên cứu tại nhiều quốc gia.,Thể thao
bóng rổ được áp dụng rộng rãi trên mạng xã hội.,Thể thao
World Cup được áp dụng rộng rãi trong các dự án mới.,Thể thao
Olympic mang lại nhiều cơ hội trong các tổ chức.,Thể thao
World Cup đang được nghiên cứu tại Việt Nam.,Thể thao
giải vô địch quốc gia đang trở thành xu hướng trong cộng đồng.,Thể thao
giải vô địch quốc gia đang thay đổi thị trường trên toàn thế giới.,Thể thao
huấn luyện viên đang phát triển mạnh trên mạng xã hội.,Thể thao
huấn luyện viên tạo ra nhiều ảnh hưởng trong các dự án mới.,Thể thao
quần vợt tạo ra nhiều ảnh hưởng trong các công ty lớn.,Thể thao
bóng rổ đang phát triển mạnh trong ngành công nghiệp.,Thể thao
Olympic đang được nghiên cứu trong các dự án mới.,Thể thao
bóng rổ được thảo luận rộng rãi trong nhiều doanh nghiệp.,Thể thao
cầu lông thu hút nhiều sự chú ý trong nhiều doanh nghiệp.,Thể thao
giải vô địch quốc gia đang được nghiên cứu trong ngành công nghiệp.,Thể thao
bóng rổ tạo ra nhiều ảnh hưởng trong các công ty lớn.,Thể thao
cầu lông đang trở thành xu hướng trên mạng xã hội.,Thể thao
bóng đá đang thay đổi thị trường trong các công ty lớn.,Thể thao
cầu thủ đang phát triển mạnh trên toàn thế giới.,Thể thao
giải vô địch quốc gia đang được nghiên cứu trong nhiều doanh nghiệp.,Thể thao
World Cup đang được nghiên cứu trên toàn thế giới.,Thể thao
cầu lông tạo ra nhiều ảnh hưởng trong các tổ chức.,Thể thao
bóng rổ đang được nghiên cứu trong ngành công nghiệp.,Thể thao
quần vợt đang phát triển mạnh trong các dự án mới.,Thể thao
cầu lông đang phát triển mạnh trong các công ty lớn.,Thể thao
giải vô địch quốc gia đang được nghiên cứu tại Việt Nam.,Thể thao
giải vô địch quốc gia đang trở thành xu hướng trong các công ty lớn.,Thể thao
cầu lông đang thay đổi thị trường trong các dự án mới.,Thể thao
quần vợt mang lại nhiều cơ hội trong các dự án mới.,Thể thao
huấn luyện viên được nhiều người quan tâm trong ngành công nghiệp.,Thể thao
bóng đá thu hút nhiều sự chú ý trong ngành công nghiệp.,Thể thao
bóng đá đang được nghiên cứu trong cộng đồng.,Thể thao
cầu thủ đang được nghiên cứu trong ngành công nghiệp.,Thể thao
Olympic đang phát triển mạnh trong cộng đồng.,Thể thao
bóng đá được nhiều người quan tâm trên mạng xã hội.,Thể thao
giải vô địch quốc gia được thảo luận rộng rãi tại nhiều quốc gia.,Thể thao
cầu thủ mang lại nhiều cơ hội trong cộng đồng.,Thể thao
cầu lông được nhiều người quan tâm trong các tổ chức.,Thể thao
Olympic được thảo luận rộng rãi trên mạng xã hội.,Thể thao
Olympic được áp dụng rộng rãi trong nhiều doanh nghiệp.,Thể thao
bóng rổ tạo ra nhiều ảnh hưởng trong các tổ chức.,Thể thao
giải vô địch quốc gia đang được nghiên cứu trong các công ty lớn.,Thể thao
cầu thủ thu hút nhiều sự chú ý trong cộng đồng.,Thể thao
Olympic đang trở thành xu hướng trong các công ty lớn.,Thể thao
marathon được thảo luận rộng rãi trên mạng xã hội.,Thể thao
giải vô địch quốc gia tạo ra nhiều ảnh hưởng trong các công ty lớn.,Thể thao
marathon thu hút nhiều sự chú ý trong nhiều doanh nghiệp.,Thể thao
Olympic thu hút nhiều sự chú ý trong các công ty lớn.,Thể thao
huấn luyện viên mang lại nhiều cơ hội tại nhiều quốc gia.,Thể thao
cầu lông mang lại nhiều cơ hội tại Việt Nam.,Thể thao
huấn luyện viên đang phát triển mạnh tại nhiều quốc gia.,Thể thao
Olympic đang trở thành xu hướng trong ngành công nghiệp.,Thể thao
bóng rổ đang trở thành xu hướng tại nhiều quốc gia.,Thể thao
cầu thủ được áp dụng rộng rãi trong các tổ chức.,Thể thao
cầu lông thu hút nhiều sự chú ý trong cộng đồng.,Thể thao
marathon được nhiều người quan tâm tại Việt Nam.,Thể thao
bóng đá được nhiều người quan tâm tại nhiều quốc gia.,Thể thao
bóng rổ đang thay đổi thị trường trong các dự án mới.,Thể thao
Olympic được nhiều người quan tâm trong cộng đồng.,Thể thao
giải vô địch quốc gia mang lại nhiều cơ hội trong các dự án mới.,Thể thao
huấn luyện viên tạo ra nhiều ảnh hưởng trong các công ty lớn.,Thể thao
Olympic được nhiều người quan tâm trong các công ty lớn.,Thể thao
huấn luyện viên tạo ra nhiều ảnh hưởng trên mạng xã hội.,Thể thao
huấn luyện viên đang được nghiên cứu tại nhiều quốc gia.,Thể thao
huấn luyện viên được áp dụng rộng rãi trên mạng xã hội.,Thể thao
huấn luyện viên đang trở thành xu hướng trong cộng đồng.,Thể thao
huấn luyện viên được nhiều người quan tâm trong nhiều doanh nghiệp.,Thể thao
cầu lông đang trở thành xu hướng trong các công ty lớn.,Thể thao
cầu lông đang được nghiên cứu tại nhiều quốc gia.,Thể thao
cầu lông được nhiều người quan tâm trên mạng xã hội.,Thể thao
bóng đá đang trở thành xu hướng tại Việt Nam.,Thể thao
quần vợt đang thay đổi thị trường trong các công ty lớn.,Thể thao
huấn luyện viên đang thay đổi thị trường trong các dự án mới.,Thể thao
quần vợt đang thay đổi thị trường trong nhiều doanh nghiệp.,Thể thao
cầu lông thu hút nhiều sự chú ý trong các tổ chức.,Thể thao
quần vợt được áp dụng rộng rãi trong các tổ chức.,Thể thao
World Cup được thảo luận rộng rãi trên toàn thế giới.,Thể thao
bóng rổ được thảo luận rộng rãi trong các công ty lớn.,Thể thao
giải vô địch quốc gia đang được nghiên cứu trên toàn thế giới.,Thể thao
quần vợt đang được nghiên cứu tại Việt Nam.,Thể thao
bóng đá đang trở thành xu hướng trong ngành công nghiệp.,Thể thao
bóng rổ được áp dụng rộng rãi trong nhiều doanh nghiệp.,Thể thao
bóng rổ đang thay đổi thị trường trên mạng xã hội.,Thể thao
bóng đá được thảo luận rộng rãi trong các công ty lớn.,Thể thao
marathon được nhiều người quan tâm trong cộng đồng.,Thể thao
quần vợt tạo ra nhiều ảnh hưởng tại Việt Nam.,Thể thao
Olympic đang thay đổi thị trường tại nhiều quốc gia.,Thể thao
marathon đang phát triển mạnh trên mạng xã hội.,Thể thao
bóng đá đang thay đổi thị trường trên mạng xã hội.,Thể thao
bóng đá đang trở thành xu hướng trong cộng đồng.,Thể thao
bóng đá đang phát triển mạnh trong ngành công nghiệp.,Thể thao
cầu lông được thảo luận rộng rãi trong ngành công nghiệp.,Thể thao
cầu lông được thảo luận rộng rãi tại nhiều quốc gia.,Thể thao
quần vợt đang thay đổi thị trường tại nhiều quốc gia.,Thể thao
bóng rổ đang thay đổi thị trường trong các công ty lớn.,Thể thao
Olympic được thảo luận rộng rãi tại Việt Nam.,Thể thao
Olympic đang phát triển mạnh tại nhiều quốc gia.,Thể thao
huấn luyện viên được nhiều người quan tâm trên mạng xã hội.,Thể thao
World Cup đang được nghiên cứu trên mạng xã hội.,Thể thao
cầu thủ mang lại nhiều cơ hội tại Việt Nam.,Thể thao
bóng rổ tạo ra nhiều ảnh hưởng trên toàn thế giới.,Thể thao
World Cup được nhiều người quan tâm trong nhiều doanh nghiệp.,Thể thao
quần vợt thu hút nhiều sự chú ý trên mạng xã hội.,Thể thao
cầu thủ mang lại nhiều cơ hội trong nhiều doanh nghiệp.,Thể thao
marathon mang lại nhiều cơ hội trên toàn thế giới.,Thể thao
cầu thủ đang được nghiên cứu tại nhiều quốc gia.,Thể thao
marathon được thảo luận rộng rãi trong các tổ chức.,Thể thao
marathon thu hút nhiều sự chú ý trên mạng xã hội.,Thể thao
Olympic tạo ra nhiều ảnh hưởng tại Việt Nam.,Thể thao
cầu thủ thu hút nhiều sự chú ý trong nhiều doanh nghiệp.,Thể thao
World Cup đang được nghiên cứu trong các công ty lớn.,Thể thao
Olympic được áp dụng rộng rãi trong các công ty lớn.,Thể thao
marathon thu hút nhiều sự chú ý tại nhiều quốc gia.,Thể thao
cầu thủ đang trở thành xu hướng trong nhiều doanh nghiệp.,Thể thao
bóng rổ đang được nghiên cứu trong các công ty lớn.,Thể thao
bóng rổ được áp dụng rộng rãi trong các tổ chức.,Thể thao
huấn luyện viên được thảo luận rộng rãi tại Việt Nam.,Thể thao
cầu thủ đang phát triển mạnh trong các dự án mới.,Thể thao
quần vợt đang được nghiên cứu trên mạng xã hội.,Thể thao
marathon đang được nghiên cứu trong các dự án mới.,Thể thao
bóng đá đang phát triển mạnh trong các dự án mới.,Thể thao
giải vô địch quốc gia đang trở thành xu hướng trên toàn thế giới.,Thể thao
marathon đang phát triển mạnh trong nhiều doanh nghiệp.,Thể thao
marathon được áp dụng rộng rãi trong nhiều doanh nghiệp.,Thể thao
quần vợt đang trở thành xu hướng trên toàn thế giới.,Thể thao
cầu lông được thảo luận rộng rãi trong các tổ chức.,Thể thao
giải vô địch quốc gia được thảo luận rộng rãi trong ngành công nghiệp.,Thể thao
World Cup được thảo luận rộng rãi trong nhiều doanh nghiệp.,Thể thao
huấn luyện viên được áp dụng rộng rãi trên toàn thế giới.,Thể thao
World Cup đang được nghiên cứu trong các dự án mới.,Thể thao
marathon mang lại nhiều cơ hội trong cộng đồng.,Thể thao
Olympic tạo ra nhiều ảnh hưởng tại nhiều quốc gia.,Thể thao
quần vợt mang lại nhiều cơ hội trong các tổ chức.,Thể thao
quần vợt được thảo luận rộng rãi trong các công ty lớn.,Thể thao
quần vợt thu hút nhiều sự chú ý trong ngành công nghiệp.,Thể thao
cầu lông đang được nghiên cứu trong các tổ chức.,Thể thao
World Cup đang thay đổi thị trường trong các tổ chức.,Thể thao
cầu thủ được nhiều người quan tâm trong ngành công nghiệp.,Thể thao
Olympic tạo ra nhiều ảnh hưởng trong ngành công nghiệp.,Thể thao
quần vợt được thảo luận rộng rãi tại Việt Nam.,Thể thao
bóng rổ mang lại nhiều cơ hội trong các công ty lớn.,Thể thao
giải vô địch quốc gia mang lại nhiều cơ hội trên toàn thế giới.,Thể thao
marathon được thảo luận rộng rãi trong các công ty lớn.,Thể thao
huấn luyện viên đang được nghiên cứu tại Việt Nam.,Thể thao
bóng đá được thảo luận rộng rãi trên mạng xã hội.,Thể thao
marathon được thảo luận rộng rãi trên toàn thế giới.,Thể thao
cầu thủ thu hút nhiều sự chú ý trong ngành công nghiệp.,Thể thao
marathon tạo ra nhiều ảnh hưởng trong cộng đồng.,Thể thao
marathon đang được nghiên cứu trong ngành công nghiệp.,Thể thao
quần vợt được nhiều người quan tâm trong các dự án mới.,Thể thao
World Cup mang lại nhiều cơ hội trong các công ty lớn.,Thể thao
bóng rổ được áp dụng rộng rãi trong ngành công nghiệp.,Thể thao
Olympic đang được nghiên cứu trong ngành công nghiệp.,Thể thao
bóng rổ được nhiều người quan tâm tại nhiều quốc gia.,Thể thao
huấn luyện viên đang phát triển mạnh trong ngành công nghiệp.,Thể thao
giải vô địch quốc gia đang thay đổi thị trường trong nhiều doanh nghiệp.,Thể thao
huấn luyện viên đang trở thành xu hướng trên toàn thế giới.,Thể thao
cầu thủ đang được nghiên cứu trên toàn thế giới.,Thể thao
bóng đá đang được nghiên cứu trên mạng xã hội.,Thể thao
World Cup đang trở thành xu hướng trên toàn thế giới.,Thể thao
huấn luyện viên đang trở thành xu hướng trong các tổ chức.,Thể thao
bóng rổ được thảo luận rộng rãi trong các dự án mới.,Thể thao
bóng đá được nhiều người quan tâm trong cộng đồng.,Thể thao
cầu thủ đang thay đổi thị trường tại nhiều quốc gia.,Thể thao
World Cup mang lại nhiều cơ hội tại nhiều quốc gia.,Thể thao
huấn luyện viên được áp dụng rộng rãi trong cộng đồng.,Thể thao
Olympic được nhiều người quan tâm tại nhiều quốc gia.,Thể thao
cầu lông mang lại nhiều cơ hội trong nhiều doanh nghiệp.,Thể thao
giải vô địch quốc gia đang trở thành xu hướng trong các tổ chức.,Thể thao
cầu thủ được áp dụng rộng rãi trong các công ty lớn.,Thể thao
huấn luyện viên thu hút nhiều sự chú ý trong các dự án mới.,Thể thao
quần vợt được áp dụng rộng rãi trong các dự án mới.,Thể thao
cầu lông thu hút nhiều sự chú ý trên toàn thế giới.,Thể thao
cầu lông đang phát triển mạnh trên mạng xã hội.,Thể thao
World Cup mang lại nhiều cơ hội trong các dự án mới.,Thể thao
giải vô địch quốc gia thu hút nhiều sự chú ý tại Việt Nam.,Thể thao
giải vô địch quốc gia được thảo luận rộng rãi trong nhiều doanh nghiệp.,Thể thao
marathon được thảo luận rộng rãi trong ngành công nghiệp.,Thể thao
bóng đá mang lại nhiều cơ hội tại nhiều quốc gia.,Thể thao
bóng đá tạo ra nhiều ảnh hưởng tại nhiều quốc gia.,Thể thao
bóng rổ thu hút nhiều sự chú ý tại nhiều quốc gia.,Thể thao
huấn luyện viên mang lại nhiều cơ hội trong các công ty lớn.,Thể thao
huấn luyện viên đang được nghiên cứu trên toàn thế giới.,Thể thao
quần vợt đang trở thành xu hướng trong ngành công nghiệp.,Thể thao
World Cup mang lại nhiều cơ hội tại Việt Nam.,Thể thao
marathon được áp dụng rộng rãi trong cộng đồng.,Thể thao
huấn luyện viên thu hút nhiều sự chú ý tại nhiều quốc gia.,Thể thao
giải vô địch quốc gia được nhiều người quan tâm tại Việt Nam.,Thể thao
cầu thủ được thảo luận rộng rãi trên mạng xã hội.,Thể thao
cầu thủ được thảo luận rộng rãi trong nhiều doanh nghiệp.,Thể thao
huấn luyện viên được nhiều người quan tâm tại nhiều quốc gia.,Thể thao
cầu lông được thảo luận rộng rãi tại Việt Nam.,Thể thao
huấn luyện viên đang thay đổi thị trường trên mạng xã hội.,Thể thao
huấn luyện viên được áp dụng rộng rãi tại Việt Nam.,Thể thao
World Cup được thảo luận rộng rãi tại Việt Nam.,Thể thao
bóng rổ đang được nghiên cứu trên mạng xã hội.,Thể thao
marathon đang phát triển mạnh trong ngành công nghiệp.,Thể thao
giải vô địch quốc gia đang được nghiên cứu trong các tổ chức.,Thể thao
bóng đá đang được nghiên cứu trên toàn thế giới.,Thể thao
quần vợt đang trở thành xu hướng trong các tổ chức.,Thể thao
quần vợt đang được nghiên cứu trong cộng đồng.,Thể thao
giải vô địch quốc gia đang được nghiên cứu trên mạng xã hội.,Thể thao
Olympic được áp dụng rộng rãi trên toàn thế giới.,Thể thao
huấn luyện viên đang được nghiên cứu trong cộng đồng.,Thể thao
marathon mang lại nhiều cơ hội trong ngành công nghiệp.,Thể thao
marathon tạo ra nhiều ảnh hưởng trong các dự án mới.,Thể thao
World Cup được áp dụng rộng rãi tại Việt Nam.,Thể thao
huấn luyện viên thu hút nhiều sự chú ý trên mạng xã hội.,Thể thao
quần vợt mang lại nhiều cơ hội tại nhiều quốc gia.,Thể thao
giải vô địch quốc gia đang phát triển mạnh tại nhiều quốc gia.,Thể thao
giải vô địch quốc gia thu hút nhiều sự chú ý trong các công ty lớn.,Thể thao
quần vợt đang được nghiên cứu trong các công ty lớn.,Thể thao
giải vô địch quốc gia đang trở thành xu hướng trong nhiều doanh nghiệp.,Thể thao
giải vô địch quốc gia được áp dụng rộng rãi trên mạng xã hội.,Thể thao
marathon được áp dụng rộng rãi trong ngành công nghiệp.,Thể thao
marathon mang lại nhiều cơ hội trong các dự án mới.,Thể thao
huấn luyện viên được thảo luận rộng rãi trên toàn thế giới.,Thể thao
quần vợt đang được nghiên cứu tại nhiều quốc gia.,Thể thao
cầu lông được thảo luận rộng rãi trong nhiều doanh nghiệp.,Thể thao
cầu lông đang được nghiên cứu trong các dự án mới.,Thể thao
bóng rổ đang được nghiên cứu trên toàn thế giới.,Thể thao
quần vợt được thảo luận rộng rãi tại nhiều quốc gia.,Thể thao
quần vợt đang phát triển mạnh tại nhiều quốc gia.,Thể thao
quần vợt tạo ra nhiều ảnh hưởng trong nhiều doanh nghiệp.,Thể thao
giải vô địch quốc gia được nhiều người quan tâm trong nhiều doanh nghiệp.,Thể thao
huấn luyện viên đang trở thành xu hướng trong các công ty lớn.,Thể thao
bóng rổ tạo ra nhiều ảnh hưởng trên mạng xã hội.,Thể thao
Olympic đang được nghiên cứu trong cộng đồng.,Thể thao
bóng đá thu hút nhiều sự chú ý tại Việt Nam.,Thể thao
cầu lông được nhiều người quan tâm tại Việt Nam.,Thể thao
Olympic mang lại nhiều cơ hội trong cộng đồng.,Thể thao
Olympic đang thay đổi thị trường trong các tổ chức.,Thể thao
giải vô địch quốc gia thu hút nhiều sự chú ý trên toàn thế giới.,Thể thao
cầu lông mang lại nhiều cơ hội trong các công ty lớn.,Thể thao
cầu lông đang được nghiên cứu trong ngành công nghiệp.,Thể thao
bóng đá đang được nghiên cứu trong các công ty lớn.,Thể thao
bóng đá đang thay đổi thị trường trên toàn thế giới.,Thể thao
Olympic tạo ra nhiều ảnh hưởng trên toàn thế giới.,Thể thao
quần vợt tạo ra nhiều ảnh hưởng trong cộng đồng.,Thể thao
bóng rổ được nhiều người quan tâm trong nhiều doanh nghiệp.,Thể thao
giải vô địch quốc gia mang lại nhiều cơ hội trong ngành công nghiệp.,Thể thao
bóng rổ đang thay đổi thị trường trong cộng đồng.,Thể thao
giải vô địch quốc gia đang thay đổi thị trường tại nhiều quốc gia.,Thể thao
giải vô địch quốc gia đang phát triển mạnh trong nhiều doanh nghiệp.,Thể thao
bóng đá được thảo luận rộng rãi trong nhiều doanh nghiệp.,Thể thao
marathon mang lại nhiều cơ hội trên mạng xã hội.,Thể thao
giải vô địch quốc gia tạo ra nhiều ảnh hưởng trong các tổ chức.,Thể thao
bóng rổ được nhiều người quan tâm trong các dự án mới.,Thể thao
World Cup được thảo luận rộng rãi trên mạng xã hội.,Thể thao
bóng đá đang phát triển mạnh tại nhiều quốc gia.,Thể thao
quần vợt mang lại nhiều cơ hội trong cộng đồng.,Thể thao
huấn luyện viên đang trở thành xu hướng tại Việt Nam.,Thể thao
cầu thủ đang trở thành xu hướng trong các dự án mới.,Thể thao
cầu thủ được nhiều người quan tâm tại nhiều quốc gia.,Thể thao
cầu thủ đang phát triển mạnh trong các tổ chức.,Thể thao
giải vô địch quốc gia đang thay đổi thị trường trong các tổ chức.,Thể thao
Olympic đang phát triển mạnh trong nhiều doanh nghiệp.,Thể thao
quần vợt được thảo luận rộng rãi trong nhiều doanh nghiệp.,Thể thao
giải vô địch quốc gia được nhiều người quan tâm trên toàn thế giới.,Thể thao
giải vô địch quốc gia được nhiều người quan tâm trong các dự án mới.,Thể thao
cầu thủ đang thay đổi thị trường trong các tổ chức.,Thể thao
bóng đá đang phát triển mạnh trong các tổ chức.,Thể thao
cầu lông được nhiều người quan tâm trong các công ty lớn.,Thể thao
marathon được nhiều người quan tâm trong nhiều doanh nghiệp.,Thể thao
cầu lông được áp dụng rộng rãi trong nhiều doanh nghiệp.,Thể thao
cầu thủ thu hút nhiều sự chú ý tại nhiều quốc gia.,Thể thao
marathon mang lại nhiều cơ hội trong các tổ chức.,Thể thao
cầu thủ đang trở thành xu hướng trên mạng xã hội.,Thể thao
bóng rổ thu hút nhiều sự chú ý trong các dự án mới.,Thể thao
bóng đá tạo ra nhiều ảnh hưởng trên toàn thế giới.,Thể thao
giải vô địch quốc gia đang trở thành xu hướng trên mạng xã hội.,Thể thao
bóng rổ tạo ra nhiều ảnh hưởng trong ngành công nghiệp.,Thể thao
Olympic được thảo luận rộng rãi trên toàn thế giới.,Thể thao
cầu lông được áp dụng rộng rãi trên mạng xã hội.,Thể thao
bóng rổ được áp dụng rộng rãi tại Việt Nam.,Thể thao
bóng đá đang được nghiên cứu tại Việt Nam.,Thể thao
Olympic thu hút nhiều sự chú ý trong các dự án mới.,Thể thao
giải vô địch quốc gia thu hút nhiều sự chú ý trong ngành công nghiệp.,Thể thao
bóng rổ thu hút nhiều sự chú ý trong các tổ chức.,Thể thao
World Cup được nhiều người quan tâm trên toàn thế giới.,Thể thao
quần vợt được áp dụng rộng rãi trong ngành công nghiệp.,Thể thao
Olympic mang lại nhiều cơ hội trên toàn thế giới.,Thể thao
bóng đá đang thay đổi thị trường trong các tổ chức.,Thể thao
bóng rổ được nhiều người quan tâm trong các tổ chức.,Thể thao
cầu thủ tạo ra nhiều ảnh hưởng tại Việt Nam.,Thể thao
bóng đá đang thay đổi thị trường trong ngành công nghiệp.,Thể thao
bóng đá được nhiều người quan tâm trong các dự án mới.,Thể thao
bóng rổ đang phát triển mạnh trong các tổ chức.,Thể thao
huấn luyện viên thu hút nhiều sự chú ý trong nhiều doanh nghiệp.,Thể thao
marathon đang thay đổi thị trường trên mạng xã hội.,Thể thao
Olympic được nhiều người quan tâm trong các dự án mới.,Thể thao
giải vô địch quốc gia tạo ra nhiều ảnh hưởng tại nhiều quốc gia.,Thể thao
Olympic được áp dụng rộng rãi tại nhiều quốc gia.,Thể thao
bóng rổ mang lại nhiều cơ hội tại Việt Nam.,Thể thao
cầu lông đang thay đổi thị trường trên mạng xã hội.,Thể thao
marathon đang trở thành xu hướng trong các tổ chức.,Thể thao
huấn luyện viên đang được nghiên cứu trong các tổ chức.,Thể thao
cầu thủ được thảo luận rộng rãi trong các công ty lớn.,Thể thao
giải vô địch quốc gia được thảo luận rộng rãi trên mạng xã hội.,Thể thao
marathon đang được nghiên cứu trong cộng đồng.,Thể thao
giải vô địch quốc gia được thảo luận rộng rãi trong các tổ chức.,Thể thao
quần vợt đang thay đổi thị trường trong cộng đồng.,Thể thao
cầu lông thu hút nhiều sự chú ý tại Việt Nam.,Thể thao
bóng đá tạo ra nhiều ảnh hưởng trong cộng đồng.,Thể thao
cầu lông đang được nghiên cứu trong nhiều doanh nghiệp.,Thể thao
cầu thủ đang trở thành xu hướng trong cộng đồng.,Thể thao
cầu thủ mang lại nhiều cơ hội trong các dự án mới.,Thể thao
bóng rổ đang được nghiên cứu trong nhiều doanh nghiệp.,Thể thao
cầu thủ đang phát triển mạnh trong ngành công nghiệp.,Thể thao
bóng đá đang trở thành xu hướng trên toàn thế giới.,Thể thao
quần vợt được nhiều người quan tâm trên mạng xã hội.,Thể thao
huấn luyện viên mang lại nhiều cơ hội trong các dự án mới.,Thể thao
Olympic mang lại nhiều cơ hội trong ngành công nghiệp.,Thể thao
huấn luyện viên đang thay đổi thị trường trên toàn thế giới.,Thể thao
cầu lông thu hút nhiều sự chú ý trên mạng xã hội.,Thể thao
cầu lông được nhiều người quan tâm trong nhiều doanh nghiệp.,Thể thao
quần vợt đang trở thành xu hướng trong cộng đồng.,Thể thao
cầu thủ được nhiều người quan tâm trên mạng xã hội.,Thể thao
World Cup được thảo luận rộng rãi trong cộng đồng.,Thể thao
bóng rổ đang thay đổi thị trường trong các tổ chức.,Thể thao
cầu lông đang thay đổi thị trường trong ngành công nghiệp.,Thể thao
World Cup đang được nghiên cứu tại nhiều quốc gia.,Thể thao
bóng rổ được thảo luận rộng rãi trên mạng xã hội.,Thể thao
huấn luyện viên được áp dụng rộng rãi trong ngành công nghiệp.,Thể thao
cầu thủ đang phát triển mạnh trong cộng đồng.,Thể thao
cầu lông được áp dụng rộng rãi trong các dự án mới.,Thể thao
giải vô địch quốc gia thu hút nhiều sự chú ý trong cộng đồng.,Thể thao
marathon đang thay đổi thị trường tại nhiều quốc gia.,Thể thao
quần vợt tạo ra nhiều ảnh hưởng trong các tổ chức.,Thể thao
bóng đá được thảo luận rộng rãi tại Việt Nam.,Thể thao
Olympic đang thay đổi thị trường trên mạng xã hội.,Thể thao
Olympic đang phát triển mạnh trên toàn thế giới.,Thể thao
quần vợt thu hút nhiều sự chú ý trong nhiều doanh nghiệp.,Thể thao
Olympic mang lại nhiều cơ hội trên mạng xã hội.,Thể thao
marathon đang phát triển mạnh trong các công ty lớn.,Thể thao
huấn luyện viên được thảo luận rộng rãi tại nhiều quốc gia.,Thể thao
cầu lông được áp dụng rộng rãi trong các công ty lớn.,Thể thao
cầu thủ đang phát triển mạnh tại Việt Nam.,Thể thao
cầu thủ được thảo luận rộng rãi tại nhiều quốc gia.,Thể thao
cầu lông được thảo luận rộng rãi trong các công ty lớn.,Thể thao
bóng rổ thu hút nhiều sự chú ý trên toàn thế giới.,Thể thao
World Cup đang trở thành xu hướng trong ngành công nghiệp.,Thể thao
bóng rổ đang thay đổi thị trường trên toàn thế giới.,Thể thao
bóng đá mang lại nhiều cơ hội trong ngành công nghiệp.,Thể thao
cầu thủ được thảo luận rộng rãi trên toàn thế giới.,Thể thao
marathon thu hút nhiều sự chú ý trên toàn thế giới.,Thể thao
cầu lông được thảo luận rộng rãi trong các dự án mới.,Thể thao
huấn luyện viên đang được nghiên cứu trong các dự án mới.,Thể thao
quần vợt đang thay đổi thị trường trong các dự án mới.,Thể thao
bóng rổ đang trở thành xu hướng trong cộng đồng.,Thể thao
World Cup đang được nghiên cứu trong ngành công nghiệp.,Thể thao
marathon đang thay đổi thị trường trong các công ty lớn.,Thể thao
cầu lông mang lại nhiều cơ hội trên mạng xã hội.,Thể thao
cầu thủ được áp dụng rộng rãi trong cộng đồng.,Thể thao
giải vô địch quốc gia được thảo luận rộng rãi tại Việt Nam.,Thể thao
bóng rổ đang được nghiên cứu trong các dự án mới.,Thể thao
bóng rổ được áp dụng rộng rãi tại nhiều quốc gia.,Thể thao
cầu lông đang phát triển mạnh tại Việt Nam.,Thể thao
marathon đang phát triển mạnh tại Việt Nam.,Thể thao
bóng rổ được áp dụng rộng rãi trong cộng đồng.,Thể thao
bóng đá được áp dụng rộng rãi trong các dự án mới.,Thể thao
giải vô địch quốc gia thu hút nhiều sự chú ý trên mạng xã hội.,Thể thao
cầu lông tạo ra nhiều ảnh hưởng trong ngành công nghiệp.,Thể thao
cầu thủ tạo ra nhiều ảnh hưởng tại nhiều quốc gia.,Thể thao
giải vô địch quốc gia đang phát triển mạnh tại Việt Nam.,Thể thao
Olympic đang trở thành xu hướng tại nhiều quốc gia.,Thể thao
giải vô địch quốc gia được thảo luận rộng rãi trong các dự án mới.,Thể thao
bóng rổ mang lại nhiều cơ hội trên mạng xã hội.,Thể thao
bóng đá được áp dụng rộng rãi trong các công ty lớn.,Thể thao
giải vô địch quốc gia được thảo luận rộng rãi trong cộng đồng.,Thể thao
cầu thủ được áp dụng rộng rãi trong nhiều doanh nghiệp.,Thể thao
cầu lông đang được nghiên cứu trên toàn thế giới.,Thể thao
marathon mang lại nhiều cơ hội tại Việt Nam.,Thể thao
bóng đá đang được nghiên cứu trong nhiều doanh nghiệp.,Thể thao
bóng đá đang phát triển mạnh tại Việt Nam.,Thể thao
cầu thủ đang thay đổi thị trường trên toàn thế giới.,Thể thao
marathon đang được nghiên cứu trong các công ty lớn.,Thể thao
cầu thủ mang lại nhiều cơ hội trong các công ty lớn.,Thể thao
Olympic tạo ra nhiều ảnh hưởng trong nhiều doanh nghiệp.,Thể thao
doanh nghiệp tạo ra nhiều ảnh hưởng trong các tổ chức.,Kinh tế
ngân hàng đang được nghiên cứu tại Việt Nam.,Kinh tế
xuất khẩu đang thay đổi thị trường tại Việt Nam.,Kinh tế
nhập khẩu đang được nghiên cứu tại Việt Nam.,Kinh tế
ngân hàng được thảo luận rộng rãi tại Việt Nam.,Kinh tế
doanh nghiệp được thảo luận rộng rãi trong các công ty lớn.,Kinh tế
tài chính được áp dụng rộng rãi trên toàn thế giới.,Kinh tế
thị trường chứng khoán đang thay đổi thị trường trên toàn thế giới.,Kinh tế
nhập khẩu thu hút nhiều sự chú ý trong nhiều doanh nghiệp.,Kinh tế
ngân hàng được áp dụng rộng rãi trong nhiều doanh nghiệp.,Kinh tế
đầu tư đang thay đổi thị trường trong nhiều doanh nghiệp.,Kinh tế
doanh nghiệp được nhiều người quan tâm trong cộng đồng.,Kinh tế
tài chính tạo ra nhiều ảnh hưởng tại Việt Nam.,Kinh tế
tài chính đang thay đổi thị trường trong các công ty lớn.,Kinh tế
thị trường chứng khoán được áp dụng rộng rãi trên toàn thế giới.,Kinh tế
ngân hàng đang được nghiên cứu trong nhiều doanh nghiệp.,Kinh tế
thương mại điện tử được thảo luận rộng rãi trong cộng đồng.,Kinh tế
lạm phát mang lại nhiều cơ hội trên mạng xã hội.,Kinh tế
doanh nghiệp được thảo luận rộng rãi tại Việt Nam.,Kinh tế
ngân hàng được áp dụng rộng rãi trên toàn thế giới.,Kinh tế
khởi nghiệp mang lại nhiều cơ hội trong các tổ chức.,Kinh tế
khởi nghiệp được áp dụng rộng rãi trong các tổ chức.,Kinh tế
đầu tư đang thay đổi thị trường trong ngành công nghiệp.,Kinh tế
đầu tư được áp dụng rộng rãi trên toàn thế giới.,Kinh tế
lạm phát đang thay đổi thị trường tại Việt Nam.,Kinh tế
nhập khẩu đang phát triển mạnh trên mạng xã hội.,Kinh tế
xuất khẩu đang trở thành xu hướng tại Việt Nam.,Kinh tế
tài chính đang thay đổi thị trường trong nhiều doanh nghiệp.,Kinh tế
lạm phát tạo ra nhiều ảnh hưởng tại Việt Nam.,Kinh tế
doanh nghiệp thu hút nhiều sự chú ý tại Việt Nam.,Kinh tế
nhập khẩu thu hút nhiều sự chú ý tại nhiều quốc gia.,Kinh tế
nhập khẩu được thảo luận rộng rãi trong cộng đồng.,Kinh tế
nhập khẩu đang được nghiên cứu trên mạng xã hội.,Kinh tế
thị trường chứng khoán mang lại nhiều cơ hội trên mạng xã hội.,Kinh tế
lạm phát đang trở thành xu hướng trong các dự án mới.,Kinh tế
đầu tư được áp dụng rộng rãi tại Việt Nam.,Kinh tế
thị trường chứng khoán đang thay đổi thị trường trong ngành công nghiệp.,Kinh tế
tài chính được thảo luận rộng rãi trong nhiều doanh nghiệp.,Kinh tế
khởi nghiệp được áp dụng rộng rãi trên toàn thế giới.,Kinh tế
lạm phát mang lại nhiều cơ hội tại nhiều quốc gia.,Kinh tế
lạm phát thu hút nhiều sự chú ý trên toàn thế giới.,Kinh tế
thương mại điện tử được thảo luận rộng rãi trên mạng xã hội.,Kinh tế
thương mại điện tử tạo ra nhiều ảnh hưởng trong cộng đồng.,Kinh tế
ngân hàng đang phát triển mạnh trên toàn thế giới.,Kinh tế
ngân hàng được thảo luận rộng rãi tại nhiều quốc gia.,Kinh tế
thương mại điện tử đang thay đổi thị trường trên mạng xã hội.,Kinh tế
thị trường chứng khoán tạo ra nhiều ảnh hưởng trên toàn thế giới.,Kinh tế
thị trường chứng khoán tạo ra nhiều ảnh hưởng trong các dự án mới.,Kinh tế
doanh nghiệp được áp dụng rộng rãi trên toàn thế giới.,Kinh tế
thị trường chứng khoán được thảo luận rộng rãi trong các dự án mới.,Kinh tế
doanh nghiệp mang lại nhiều cơ hội trong các dự án mới.,Kinh tế
thương mại điện tử được áp dụng rộng rãi trong nhiều doanh nghiệp.,Kinh tế
thương mại điện tử đang thay đổi thị trường tại nhiều quốc gia.,Kinh tế
ngân hàng đang trở thành xu hướng trong cộng đồng.,Kinh tế
thị trường chứng khoán được áp dụng rộng rãi trong các công ty lớn.,Kinh tế
lạm phát mang lại nhiều cơ hội trên toàn thế giới.,Kinh tế
doanh nghiệp đang phát triển mạnh trong các dự án mới.,Kinh tế
tài chính thu hút nhiều sự chú ý tại Việt Nam.,Kinh tế
khởi nghiệp mang lại nhiều cơ hội trên mạng xã hội.,Kinh tế
tài chính đang phát triển mạnh trong các công ty lớn.,Kinh tế
tài chính tạo ra nhiều ảnh hưởng trên toàn thế giới.,Kinh tế
thương mại điện tử được thảo luận rộng rãi trên toàn thế giới.,Kinh tế
tài chính được thảo luận rộng rãi trên mạng xã hội.,Kinh tế
lạm phát đang thay đổi thị trường trong các công ty lớn.,Kinh tế
đầu tư thu hút nhiều sự chú ý trong ngành công nghiệp.,Kinh tế
tài chính được thảo luận rộng rãi trong cộng đồng.,Kinh tế
doanh nghiệp đang thay đổi thị trường trong ngành công nghiệp.,Kinh tế
lạm phát được áp dụng rộng rãi trên mạng xã hội.,Kinh tế
đầu tư đang thay đổi thị trường trong các dự án mới.,Kinh tế
doanh nghiệp đang trở thành xu hướng tại Việt Nam.,Kinh tế
ngân hàng thu hút nhiều sự chú ý trong cộng đồng.,Kinh tế
lạm phát thu hút nhiều sự chú ý trong các công ty lớn.,Kinh tế
thị trường chứng khoán được thảo luận rộng rãi trong các công ty lớn.,Kinh tế
tài chính đang thay đổi thị trường trong các tổ chức.,Kinh tế
tài chính tạo ra nhiều ảnh hưởng trong các dự án mới.,Kinh tế
thương mại điện tử tạo ra nhiều ảnh hưởng trong nhiều doanh nghiệp.,Kinh tế
thương mại điện tử mang lại nhiều cơ hội trong ngành công nghiệp.,Kinh tế
lạm phát được áp dụng rộng rãi trong các công ty lớn.,Kinh tế
tài chính thu hút nhiều sự chú ý trong cộng đồng.,Kinh tế
lạm phát được thảo luận rộng rãi trong các dự án mới.,Kinh tế
ngân hàng tạo ra nhiều ảnh hưởng tại nhiều quốc gia.,Kinh tế
tài chính đang thay đổi thị trường trong cộng đồng.,Kinh tế
đầu tư thu hút nhiều sự chú ý trên mạng xã hội.,Kinh tế
nhập khẩu thu hút nhiều sự chú ý trong các dự án mới.,Kinh tế
tài chính đang được nghiên cứu trên toàn thế giới.,Kinh tế
khởi nghiệp được thảo luận rộng rãi trong các dự án mới.,Kinh tế
ngân hàng đang phát triển mạnh trong các tổ chức.,Kinh tế
thương mại điện tử thu hút nhiều sự chú ý trong các công ty lớn.,Kinh tế
xuất khẩu đang thay đổi thị trường trên toàn thế giới.,Kinh tế
thương mại điện tử thu hút nhiều sự chú ý trong cộng đồng.,Kinh tế
khởi nghiệp đang được nghiên cứu trong nhiều doanh nghiệp.,Kinh tế
lạm phát tạo ra nhiều ảnh hưởng trong ngành công nghiệp.,Kinh tế
khởi nghiệp đang phát triển mạnh trong nhiều doanh nghiệp.,Kinh tế
nhập khẩu được nhiều người quan tâm trong ngành công nghiệp.,Kinh tế
ngân hàng thu hút nhiều sự chú ý trong các công ty lớn.,Kinh tế
khởi nghiệp được thảo luận rộng rãi trong các công ty lớn.,Kinh tế
xuất khẩu được nhiều người quan tâm trong nhiều doanh nghiệp.,Kinh tế
lạm phát thu hút nhiều sự chú ý tại Việt Nam.,Kinh tế
doanh nghiệp đang phát triển mạnh trong ngành công nghiệp.,Kinh tế
xuất khẩu tạo ra nhiều ảnh hưởng trong các dự án mới.,Kinh tế
lạm phát đang được nghiên cứu trên mạng xã hội.,Kinh tế
doanh nghiệp được nhiều người quan tâm tại nhiều quốc gia.,Kinh tế
ngân hàng đang phát triển mạnh trong các dự án mới.,Kinh tế
tài chính thu hút nhiều sự chú ý trong các tổ chức.,Kinh tế
ngân hàng đang thay đổi thị trường trong các công ty lớn.,Kinh tế
thương mại điện tử đang thay đổi thị trường trong các công ty lớn.,Kinh tế
ngân hàng được nhiều người quan tâm trong cộng đồng.,Kinh tế
lạm phát được áp dụng rộng rãi trên toàn thế giới.,Kinh tế
thị trường chứng khoán đang thay đổi thị trường trên mạng xã hội.,Kinh tế
lạm phát được thảo luận rộng rãi tại nhiều quốc gia.,Kinh tế
thị trường chứng khoán đang phát triển mạnh trong ngành công nghiệp.,Kinh tế
lạm phát mang lại nhiều cơ hội tại Việt Nam.,Kinh tế
xuất khẩu đang trở thành xu hướng trong nhiều doanh nghiệp.,Kinh tế
đầu tư tạo ra nhiều ảnh hưởng trên toàn thế giới.,Kinh tế
xuất khẩu đang phát triển mạnh trong các dự án mới.,Kinh tế
nhập khẩu đang phát triển mạnh trong các dự án mới.,Kinh tế
đầu tư tạo ra nhiều ảnh hưởng tại Việt Nam.,Kinh tế
đầu tư đang trở thành xu hướng trên mạng xã hội.,Kinh tế
tài chính đang phát triển mạnh tại nhiều quốc gia.,Kinh tế
lạm phát thu hút nhiều sự chú ý tại nhiều quốc gia.,Kinh tế
ngân hàng được nhiều người quan tâm trên mạng xã hội.,Kinh tế
doanh nghiệp được thảo luận rộng rãi tại nhiều quốc gia.,Kinh tế
đầu tư đang thay đổi thị trường tại Việt Nam.,Kinh tế
ngân hàng đang phát triển mạnh tại Việt Nam.,Kinh tế
doanh nghiệp đang thay đổi thị trường trong các tổ chức.,Kinh tế
lạm phát được thảo luận rộng rãi tại Việt Nam.,Kinh tế
ngân hàng đang thay đổi thị trường trong cộng đồng.,Kinh tế
ngân hàng đang trở thành xu hướng trong nhiều doanh nghiệp.,Kinh tế
lạm phát đang được nghiên cứu trên toàn thế giới.,Kinh tế
xuất khẩu mang lại nhiều cơ hội tại Việt Nam.,Kinh tế
thị trường chứng khoán đang phát triển mạnh trong các dự án mới.,Kinh tế
lạm phát mang lại nhiều cơ hội trong các dự án mới.,Kinh tế
xuất khẩu tạo ra nhiều ảnh hưởng tại nhiều quốc gia.,Kinh tế
xuất khẩu đang được nghiên cứu trên mạng xã hội.,Kinh tế
lạm phát được nhiều người quan tâm tại Việt Nam.,Kinh tế
xuất khẩu đang phát triển mạnh trong các công ty lớn.,Kinh tế
lạm phát tạo ra nhiều ảnh hưởng trên toàn thế giới.,Kinh tế
thị trường chứng khoán đang trở thành xu hướng tại Việt Nam.,Kinh tế
nhập khẩu đang thay đổi thị trường tại nhiều quốc gia.,Kinh tế
thương mại điện tử mang lại nhiều cơ hội trong các dự án mới.,Kinh tế
ngân hàng được nhiều người quan tâm trong các tổ chức.,Kinh tế
nhập khẩu được nhiều người quan tâm trên toàn thế giới.,Kinh tế
nhập khẩu đang phát triển mạnh trên toàn thế giới.,Kinh tế
xuất khẩu được nhiều người quan tâm trên mạng xã hội.,Kinh tế
khởi nghiệp đang trở thành xu hướng tại nhiều quốc gia.,Kinh tế
ngân hàng đang thay đổi thị trường trên mạng xã hội.,Kinh tế
thị trường chứng khoán được nhiều người quan tâm trong nhiều doanh nghiệp.,Kinh tế
tài chính thu hút nhiều sự chú ý trong nhiều doanh nghiệp.,Kinh tế
khởi nghiệp đang phát triển mạnh tại nhiều quốc gia.,Kinh tế
xuất khẩu được thảo luận rộng rãi trên mạng xã hội.,Kinh tế
lạm phát đang trở thành xu hướng trên mạng xã hội.,Kinh tế
đầu tư mang lại nhiều cơ hội tại Việt Nam.,Kinh tế
khởi nghiệp được thảo luận rộng rãi tại nhiều quốc gia.,Kinh tế
doanh nghiệp được thảo luận rộng rãi trong cộng đồng.,Kinh tế
tài chính được áp dụng rộng rãi trong các công ty lớn.,Kinh tế
lạm phát tạo ra nhiều ảnh hưởng trong nhiều doanh nghiệp.,Kinh tế
thị trường chứng khoán đang thay đổi thị trường trong các tổ chức.,Kinh tế
ngân hàng được thảo luận rộng rãi trong cộng đồng.,Kinh tế
nhập khẩu được thảo luận rộng rãi trong các công ty lớn.,Kinh tế
thị trường chứng khoán thu hút nhiều sự chú ý trong các công ty lớn.,Kinh tế
nhập khẩu được nhiều người quan tâm trong các công ty lớn.,Kinh tế
khởi nghiệp đang thay đổi thị trường trong ngành công nghiệp.,Kinh tế
doanh nghiệp đang được nghiên cứu trong cộng đồng.,Kinh tế
thương mại điện tử tạo ra nhiều ảnh hưởng trên toàn thế giới.,Kinh tế
ngân hàng đang thay đổi thị trường trong các tổ chức.,Kinh tế
khởi nghiệp thu hút nhiều sự chú ý trong cộng đồng.,Kinh tế
xuất khẩu được thảo luận rộng rãi trong các công ty lớn.,Kinh tế
thương mại điện tử được nhiều người quan tâm tại nhiều quốc gia.,Kinh tế
ngân hàng được áp dụng rộng rãi trong cộng đồng.,Kinh tế
tài chính được thảo luận rộng rãi trong các tổ chức.,Kinh tế
doanh nghiệp đang trở thành xu hướng trên toàn thế giới.,Kinh tế
lạm phát được nhiều người quan tâm trên toàn thế giới.,Kinh tế
nhập khẩu mang lại nhiều cơ hội trên mạng xã hội.,Kinh tế
đầu tư được áp dụng rộng rãi trong ngành công nghiệp.,Kinh tế
xuất khẩu mang lại nhiều cơ hội trong các dự án mới.,Kinh tế
lạm phát đang phát triển mạnh trên toàn thế giới.,Kinh tế
khởi nghiệp đang phát triển mạnh trong các công ty lớn.,Kinh tế
ngân hàng tạo ra nhiều ảnh hưởng tại Việt Nam.,Kinh tế
xuất khẩu được nhiều người quan tâm trong các dự án mới.,Kinh tế
ngân hàng đang thay đổi thị trường trong các dự án mới.,Kinh tế
nhập khẩu mang lại nhiều cơ hội tại nhiều quốc gia.,Kinh tế
xuất khẩu mang lại nhiều cơ hội trên toàn thế giới.,Kinh tế
ngân hàng được nhiều người quan tâm tại Việt Nam.,Kinh tế
tài chính mang lại nhiều cơ hội trong các công ty lớn.,Kinh tế
tài chính tạo ra nhiều ảnh hưởng trong các tổ chức.,Kinh tế
khởi nghiệp đang thay đổi thị trường tại nhiều quốc gia.,Kinh tế
đầu tư đang được nghiên cứu trên toàn thế giới.,Kinh tế
khởi nghiệp tạo ra nhiều ảnh hưởng tại nhiều quốc gia.,Kinh tế
thị trường chứng khoán mang lại nhiều cơ hội trong nhiều doanh nghiệp.,Kinh tế
khởi nghiệp đang được nghiên cứu trong ngành công nghiệp.,Kinh tế
thị trường chứng khoán mang lại nhiều cơ hội tại Việt Nam.,Kinh tế
tài chính đang phát triển mạnh trong nhiều doanh nghiệp.,Kinh tế
tài chính được áp dụng rộng rãi tại nhiều quốc gia.,Kinh tế
lạm phát đang phát triển mạnh trong các dự án mới.,Kinh tế
khởi nghiệp thu hút nhiều sự chú ý tại Việt Nam.,Kinh tế
thương mại điện tử được nhiều người quan tâm trong nhiều doanh nghiệp.,Kinh tế
ngân hàng mang lại nhiều cơ hội trên mạng xã hội.,Kinh tế
khởi nghiệp đang phát triển mạnh trong các tổ chức.,Kinh tế
doanh nghiệp tạo ra nhiều ảnh hưởng trong các công ty lớn.,Kinh tế
lạm phát đang được nghiên cứu trong các dự án mới.,Kinh tế
doanh nghiệp đang phát triển mạnh trong nhiều doanh nghiệp.,Kinh tế
xuất khẩu thu hút nhiều sự chú ý trong các tổ chức.,Kinh tế
lạm phát đang được nghiên cứu trong cộng đồng.,Kinh tế
đầu tư đang thay đổi thị trường tại nhiều quốc gia.,Kinh tế
thị trường chứng khoán mang lại nhiều cơ hội trong các tổ chức.,Kinh tế
thương mại điện tử đang trở thành xu hướng trên mạng xã hội.,Kinh tế
ngân hàng được áp dụng rộng rãi tại Việt Nam.,Kinh tế
nhập khẩu mang lại nhiều cơ hội trong ngành công nghiệp.,Kinh tế
nhập khẩu đang trở thành xu hướng trong các công ty lớn.,Kinh tế
đầu tư đang được nghiên cứu trong ngành công nghiệp.,Kinh tế
khởi nghiệp mang lại nhiều cơ hội trong nhiều doanh nghiệp.,Kinh tế
đầu tư được thảo luận rộng rãi tại Việt Nam.,Kinh tế
đầu tư đang được nghiên cứu trong nhiều doanh nghiệp.,Kinh tế
xuất khẩu đang được nghiên cứu trong cộng đồng.,Kinh tế
khởi nghiệp được áp dụng rộng rãi trong nhiều doanh nghiệp.,Kinh tế
doanh nghiệp được nhiều người quan tâm trong các tổ chức.,Kinh tế
nhập khẩu tạo ra nhiều ảnh hưởng tại nhiều quốc gia.,Kinh tế
thị trường chứng khoán đang phát triển mạnh trong nhiều doanh nghiệp.,Kinh tế
xuất khẩu được áp dụng rộng rãi tại nhiều quốc gia.,Kinh tế
nhập khẩu thu hút nhiều sự chú ý trong ngành công nghiệp.,Kinh tế
doanh nghiệp được áp dụng rộng rãi tại nhiều quốc gia.,Kinh tế
xuất khẩu đang thay đổi thị trường trong ngành công nghiệp.,Kinh tế
ngân hàng đang được nghiên cứu trong ngành công nghiệp.,Kinh tế
lạm phát được áp dụng rộng rãi trong các tổ chức.,Kinh tế
tài chính được thảo luận rộng rãi trong các dự án mới.,Kinh tế
thị trường chứng khoán đang phát triển mạnh trong cộng đồng.,Kinh tế
đầu tư được áp dụng rộng rãi trong các công ty lớn.,Kinh tế
xuất khẩu thu hút nhiều sự chú ý trên mạng xã hội.,Kinh tế
thị trường chứng khoán mang lại nhiều cơ hội tại nhiều quốc gia.,Kinh tế
đầu tư đang được nghiên cứu trong các tổ chức.,Kinh tế
nhập khẩu mang lại nhiều cơ hội trong các tổ chức.,Kinh tế
ngân hàng đang phát triển mạnh tại nhiều quốc gia.,Kinh tế
xuất khẩu đang được nghiên cứu tại nhiều quốc gia.,Kinh tế
thương mại điện tử tạo ra nhiều ảnh hưởng tại Việt Nam.,Kinh tế
xuất khẩu được thảo luận rộng rãi trên toàn thế giới.,Kinh tế
đầu tư mang lại nhiều cơ hội trong các công ty lớn.,Kinh tế
tài chính được nhiều người quan tâm trong các công ty lớn.,Kinh tế
ngân hàng thu hút nhiều sự chú ý trong nhiều doanh nghiệp.,Kinh tế
lạm phát đang thay đổi thị trường trong ngành công nghiệp.,Kinh tế
khởi nghiệp đang được nghiên cứu tại Việt Nam.,Kinh tế
thị trường chứng khoán được nhiều người quan tâm trong các công ty lớn.,Kinh tế
khởi nghiệp được áp dụng rộng rãi tại nhiều quốc gia.,Kinh tế
đầu tư đang thay đổi thị trường trong cộng đồng.,Kinh tế
thương mại điện tử mang lại nhiều cơ hội tại nhiều quốc gia.,Kinh tế
ngân hàng tạo ra nhiều ảnh hưởng trong các dự án mới.,Kinh tế
thị trường chứng khoán được áp dụng rộng rãi trong các dự án mới.,Kinh tế
xuất khẩu đang được nghiên cứu trong các công ty lớn.,Kinh tế
doanh nghiệp đang thay đổi thị trường trong các dự án mới.,Kinh tế
xuất khẩu đang được nghiên cứu trong các tổ chức.,Kinh tế
ngân hàng được áp dụng rộng rãi trong các công ty lớn.,Kinh tế
khởi nghiệp đang trở thành xu hướng tại Việt Nam.,Kinh tế
lạm phát đang trở thành xu hướng trong nhiều doanh nghiệp.,Kinh tế
thương mại điện tử đang thay đổi thị trường tại Việt Nam.,Kinh tế
khởi nghiệp đang trở thành xu hướng trên mạng xã hội.,Kinh tế
thị trường chứng khoán tạo ra nhiều ảnh hưởng trong các công ty lớn.,Kinh tế
doanh nghiệp đang trở thành xu hướng trong các công ty lớn.,Kinh tế
tài chính được thảo luận rộng rãi trong các công ty lớn.,Kinh tế
nhập khẩu được áp dụng rộng rãi trong các tổ chức.,Kinh tế
doanh nghiệp đang được nghiên cứu tại Việt Nam.,Kinh tế
thị trường chứng khoán đang được nghiên cứu trong các công ty lớn.,Kinh tế
thương mại điện tử đang thay đổi thị trường trên toàn thế giới.,Kinh tế
thị trường chứng khoán đang phát triển mạnh trong các công ty lớn.,Kinh tế
đầu tư đang phát triển mạnh trong cộng đồng.,Kinh tế
đầu tư được thảo luận rộng rãi trên mạng xã hội.,Kinh tế
khởi nghiệp đang trở thành xu hướng trên toàn thế giới.,Kinh tế
thương mại điện tử thu hút nhiều sự chú ý trong các dự án mới.,Kinh tế
khởi nghiệp đang phát triển mạnh trên mạng xã hội.,Kinh tế
khởi nghiệp được thảo luận rộng rãi trong nhiều doanh nghiệp.,Kinh tế
xuất khẩu tạo ra nhiều ảnh hưởng trong ngành công nghiệp.,Kinh tế
doanh nghiệp được nhiều người quan tâm trong các dự án mới.,Kinh tế
ngân hàng được thảo luận rộng rãi trên toàn thế giới.,Kinh tế
khởi nghiệp mang lại nhiều cơ hội trong cộng đồng.,Kinh tế
tài chính được thảo luận rộng rãi tại Việt Nam.,Kinh tế
thương mại điện tử được thảo luận rộng rãi trong ngành công nghiệp.,Kinh tế
thị trường chứng khoán được thảo luận rộng rãi tại nhiều quốc gia.,Kinh tế
lạm phát mang lại nhiều cơ hội trong các tổ chức.,Kinh tế
thị trường chứng khoán thu hút nhiều sự chú ý trong ngành công nghiệp.,Kinh tế
doanh nghiệp đang thay đổi thị trường trên toàn thế giới.,Kinh tế
lạm phát thu hút nhiều sự chú ý trong nhiều doanh nghiệp.,Kinh tế
lạm phát được áp dụng rộng rãi tại Việt Nam.,Kinh tế
nhập khẩu đang trở thành xu hướng trong các dự án mới.,Kinh tế
đầu tư đang trở thành xu hướng trong các dự án mới.,Kinh tế
thương mại điện tử tạo ra nhiều ảnh hưởng tại nhiều quốc gia.,Kinh tế
doanh nghiệp thu hút nhiều sự chú ý trong các dự án mới.,Kinh tế
thị trường chứng khoán đang trở thành xu hướng trên toàn thế giới.,Kinh tế
thương mại điện tử mang lại nhiều cơ hội tại Việt Nam.,Kinh tế
nhập khẩu thu hút nhiều sự chú ý trong các công ty lớn.,Kinh tế
thị trường chứng khoán đang trở thành xu hướng tại nhiều quốc gia.,Kinh tế
thị trường chứng khoán mang lại nhiều cơ hội trong các dự án mới.,Kinh tế
xuất khẩu thu hút nhiều sự chú ý trong các dự án mới.,Kinh tế
tài chính đang trở thành xu hướng tại Việt Nam.,Kinh tế
đầu tư đang được nghiên cứu tại Việt Nam.,Kinh tế
nhập khẩu được nhiều người quan tâm tại nhiều quốc gia.,Kinh tế
doanh nghiệp được thảo luận rộng rãi trên mạng xã hội.,Kinh tế
ngân hàng thu hút nhiều sự chú ý tại nhiều quốc gia.,Kinh tế
lạm phát được thảo luận rộng rãi trên toàn thế giới.,Kinh tế
ngân hàng được áp dụng rộng rãi tại nhiều quốc gia.,Kinh tế
tài chính đang trở thành xu hướng trên mạng xã hội.,Kinh tế
thị trường chứng khoán thu hút nhiều sự chú ý tại nhiều quốc gia.,Kinh tế
xuất khẩu mang lại nhiều cơ hội trong các tổ chức.,Kinh tế
xuất khẩu tạo ra nhiều ảnh hưởng trong các công ty lớn.,Kinh tế
đầu tư tạo ra nhiều ảnh hưởng tại nhiều quốc gia.,Kinh tế
thương mại điện tử tạo ra nhiều ảnh hưởng trên mạng xã hội.,Kinh tế
ngân hàng thu hút nhiều sự chú ý trên toàn thế giới.,Kinh tế
thương mại điện tử đang phát triển mạnh trên toàn thế giới.,Kinh tế
tài chính mang lại nhiều cơ hội trên mạng xã hội.,Kinh tế
tài chính tạo ra nhiều ảnh hưởng trong nhiều doanh nghiệp.,Kinh tế
tài chính được thảo luận rộng rãi trong ngành công nghiệp.,Kinh tế
xuất khẩu mang lại nhiều cơ hội trong nhiều doanh nghiệp.,Kinh tế
thị trường chứng khoán đang trở thành xu hướng trong các tổ chức.,Kinh tế
lạm phát đang thay đổi thị trường trong cộng đồng.,Kinh tế
xuất khẩu đang trở thành xu hướng tại nhiều quốc gia.,Kinh tế
tài chính đang được nghiên cứu trong cộng đồng.,Kinh tế
lạm phát được áp dụng rộng rãi trong nhiều doanh nghiệp.,Kinh tế
khởi nghiệp tạo ra nhiều ảnh hưởng trên toàn thế giới.,Kinh tế
doanh nghiệp mang lại nhiều cơ hội trên toàn thế giới.,Kinh tế
tài chính được nhiều người quan tâm trong các dự án mới.,Kinh tế
thương mại điện tử được áp dụng rộng rãi tại Việt Nam.,Kinh tế
doanh nghiệp tạo ra nhiều ảnh hưởng trong ngành công nghiệp.,Kinh tế
ngân hàng mang lại nhiều cơ hội trong các dự án mới.,Kinh tế
xuất khẩu được nhiều người quan tâm trong cộng đồng.,Kinh tế
xuất khẩu đang được nghiên cứu trong ngành công nghiệp.,Kinh tế
nhập khẩu được áp dụng rộng rãi tại nhiều quốc gia.,Kinh tế
thương mại điện tử đang phát triển mạnh trong các dự án mới.,Kinh tế
đầu tư đang phát triển mạnh trên mạng xã hội.,Kinh tế
đầu tư được nhiều người quan tâm trên toàn thế giới.,Kinh tế
đầu tư đang trở thành xu hướng trên toàn thế giới.,Kinh tế
ngân hàng đang thay đổi thị trường trên toàn thế giới.,Kinh tế
xuất khẩu mang lại nhiều cơ hội trong cộng đồng.,Kinh tế
doanh nghiệp đang được nghiên cứu trong nhiều doanh nghiệp.,Kinh tế
đầu tư đang phát triển mạnh trong các công ty lớn.,Kinh tế
tài chính đang trở thành xu hướng trong các công ty lớn.,Kinh tế
thương mại điện tử thu hút nhiều sự chú ý trong nhiều doanh nghiệp.,Kinh tế
thương mại điện tử thu hút nhiều sự chú ý trong các tổ chức.,Kinh tế
nhập khẩu được nhiều người quan tâm trong cộng đồng.,Kinh tế
doanh nghiệp được nhiều người quan tâm trên mạng xã hội.,Kinh tế
thương mại điện tử đang trở thành xu hướng trong các tổ chức.,Kinh tế
thị trường chứng khoán mang lại nhiều cơ hội trên toàn thế giới.,Kinh tế
ngân hàng thu hút nhiều sự chú ý trên mạng xã hội.,Kinh tế
tài chính tạo ra nhiều ảnh hưởng trong ngành công nghiệp.,Kinh tế
đầu tư tạo ra nhiều ảnh hưởng trong nhiều doanh nghiệp.,Kinh tế
nhập khẩu đang thay đổi thị trường trong ngành công nghiệp.,Kinh tế
khởi nghiệp mang lại nhiều cơ hội trong các công ty lớn.,Kinh tế
xuất khẩu đang thay đổi thị trường tại nhiều quốc gia.,Kinh tế
thương mại điện tử đang thay đổi thị trường trong ngành công nghiệp.,Kinh tế
thị trường chứng khoán tạo ra nhiều ảnh hưởng trong nhiều doanh nghiệp.,Kinh tế
thương mại điện tử đang phát triển mạnh tại nhiều quốc gia.,Kinh tế
xuất khẩu được nhiều người quan tâm trong ngành công nghiệp.,Kinh tế
đầu tư đang trở thành xu hướng trong các công ty lớn.,Kinh tế
xuất khẩu được thảo luận rộng rãi trong các tổ chức.,Kinh tế
doanh nghiệp đang phát triển mạnh trên mạng xã hội.,Kinh tế
thị trường chứng khoán mang lại nhiều cơ hội trong các công ty lớn.,Kinh tế
xuất khẩu được nhiều người quan tâm trong các tổ chức.,Kinh tế
khởi nghiệp đang phát triển mạnh tại Việt Nam.,Kinh tế
xuất khẩu được nhiều người quan tâm trên toàn thế giới.,Kinh tế
xuất khẩu đang thay đổi thị trường trong các tổ chức.,Kinh tế
xuất khẩu đang trở thành xu hướng trong các dự án mới.,Kinh tế
tài chính đang trở thành xu hướng trong cộng đồng.,Kinh tế
nhập khẩu đang thay đổi thị trường trong các tổ chức.,Kinh tế
khởi nghiệp mang lại nhiều cơ hội trong ngành công nghiệp.,Kinh tế
thị trường chứng khoán tạo ra nhiều ảnh hưởng trong các tổ chức.,Kinh tế
ngân hàng được thảo luận rộng rãi trong ngành công nghiệp.,Kinh tế
thị trường chứng khoán được áp dụng rộng rãi trong ngành công nghiệp.,Kinh tế
lạm phát mang lại nhiều cơ hội trong ngành công nghiệp.,Kinh tế
thương mại điện tử đang được nghiên cứu trong ngành công nghiệp.,Kinh tế
thương mại điện tử đang phát triển mạnh trong các công ty lớn.,Kinh tế
xuất khẩu đang trở thành xu hướng trong các công ty lớn.,Kinh tế
nhập khẩu tạo ra nhiều ảnh hưởng trong các tổ chức.,Kinh tế
doanh nghiệp thu hút nhiều sự chú ý trong nhiều doanh nghiệp.,Kinh tế
xuất khẩu đang được nghiên cứu trong nhiều doanh nghiệp.,Kinh tế
nhập khẩu thu hút nhiều sự chú ý tại Việt Nam.,Kinh tế
doanh nghiệp đang được nghiên cứu trong các dự án mới.,Kinh tế
lạm phát đang trở thành xu hướng trong cộng đồng.,Kinh tế
lạm phát được nhiều người quan tâm tại nhiều quốc gia.,Kinh tế
lạm phát thu hút nhiều sự chú ý trong các dự án mới.,Kinh tế
nhập khẩu đang được nghiên cứu trong các dự án mới.,Kinh tế
tài chính được nhiều người quan tâm trong ngành công nghiệp.,Kinh tế
doanh nghiệp tạo ra nhiều ảnh hưởng tại Việt Nam.,Kinh tế
tài chính đang trở thành xu hướng tại nhiều quốc gia.,Kinh tế
xuất khẩu tạo ra nhiều ảnh hưởng tại Việt Nam.,Kinh tế
lạm phát tạo ra nhiều ảnh hưởng trong cộng đồng.,Kinh tế
tài chính đang trở thành xu hướng trên toàn thế giới.,Kinh tế
tài chính được áp dụng rộng rãi trong cộng đồng.,Kinh tế
tài chính được nhiều người quan tâm trong cộng đồng.,Kinh tế
khởi nghiệp mang lại nhiều cơ hội tại nhiều quốc gia.,Kinh tế
thương mại điện tử đang phát triển mạnh trong ngành công nghiệp.,Kinh tế
thị trường chứng khoán thu hút nhiều sự chú ý trong cộng đồng.,Kinh tế
doanh nghiệp đang được nghiên cứu tại nhiều quốc gia.,Kinh tế
nhập khẩu đang thay đổi thị trường trong các công ty lớn.,Kinh tế
doanh nghiệp đang phát triển mạnh tại nhiều quốc gia.,Kinh tế
thương mại điện tử thu hút nhiều sự chú ý trong ngành công nghiệp.,Kinh tế
đầu tư được áp dụng rộng rãi trong cộng đồng.,Kinh tế
doanh nghiệp đang thay đổi thị trường tại Việt Nam.,Kinh tế
nhập khẩu đang trở thành xu hướng trên toàn thế giới.,Kinh tế
doanh nghiệp được áp dụng rộng rãi trong các tổ chức.,Kinh tế
thương mại điện tử được áp dụng rộng rãi tại nhiều quốc gia.,Kinh tế
khởi nghiệp được nhiều người quan tâm trong các tổ chức.,Kinh tế
tài chính được áp dụng rộng rãi trong các tổ chức.,Kinh tế
doanh nghiệp tạo ra nhiều ảnh hưởng trên toàn thế giới.,Kinh tế
xuất khẩu mang lại nhiều cơ hội trong các công ty lớn.,Kinh tế
ngân hàng được nhiều người quan tâm trong các công ty lớn.,Kinh tế
nhập khẩu đang được nghiên cứu trong nhiều doanh nghiệp.,Kinh tế
nhập khẩu đang được nghiên cứu tại nhiều quốc gia.,Kinh tế
nhập khẩu đang trở thành xu hướng trong ngành công nghiệp.,Kinh tế
ngân hàng đang trở thành xu hướng tại Việt Nam.,Kinh tế
thương mại điện tử tạo ra nhiều ảnh hưởng trong các dự án mới.,Kinh tế
ngân hàng được thảo luận rộng rãi trong các tổ chức.,Kinh tế
lạm phát đang trở thành xu hướng tại Việt Nam.,Kinh tế
đầu tư được áp dụng rộng rãi trong các dự án mới.,Kinh tế
ngân hàng đang được nghiên cứu tại nhiều quốc gia.,Kinh tế
nhập khẩu được nhiều người quan tâm trên mạng xã hội.,Kinh tế
xuất khẩu được áp dụng rộng rãi trong nhiều doanh nghiệp.,Kinh tế
doanh nghiệp được nhiều người quan tâm tại Việt Nam.,Kinh tế
thị trường chứng khoán được thảo luận rộng rãi trong cộng đồng.,Kinh tế
ngân hàng được nhiều người quan tâm trong ngành công nghiệp.,Kinh tế
nhập khẩu đang trở thành xu hướng tại nhiều quốc gia.,Kinh tế
khởi nghiệp đang thay đổi thị trường trong các tổ chức.,Kinh tế
lạm phát tạo ra nhiều ảnh hưởng trong các dự án mới.,Kinh tế
tài chính thu hút nhiều sự chú ý trên mạng xã hội.,Kinh tế
tài chính đang được nghiên cứu trên mạng xã hội.,Kinh tế
ngân hàng đang phát triển mạnh trong các công ty lớn.,Kinh tế
ngân hàng mang lại nhiều cơ hội trong nhiều doanh nghiệp.,Kinh tế
thị trường chứng khoán đang trở thành xu hướng trong nhiều doanh nghiệp.,Kinh tế
thương mại điện tử đang thay đổi thị trường trong các tổ chức.,Kinh tế
thương mại điện tử được nhiều người quan tâm trên mạng xã hội.,Kinh tế
đầu tư mang lại nhiều cơ hội trong các tổ chức.,Kinh tế
doanh nghiệp thu hút nhiều sự chú ý tại nhiều quốc gia.,Kinh tế
thương mại điện tử tạo ra nhiều ảnh hưởng trong ngành công nghiệp.,Kinh tế
tài chính đang được nghiên cứu trong nhiều doanh nghiệp.,Kinh tế
tài chính đang phát triển mạnh tại Việt Nam.,Kinh tế
nhập khẩu được thảo luận rộng rãi trong ngành công nghiệp.,Kinh tế
khởi nghiệp đang được nghiên cứu trong các công ty lớn.,Kinh tế
xuất khẩu tạo ra nhiều ảnh hưởng trong các tổ chức.,Kinh tế
thương mại điện tử được nhiều người quan tâm trong ngành công nghiệp.,Kinh tế
ngân hàng thu hút nhiều sự chú ý trong các dự án mới.,Kinh tế
thị trường chứng khoán được thảo luận rộng rãi trong nhiều doanh nghiệp.,Kinh tế
thương mại điện tử đang trở thành xu hướng tại Việt Nam.,Kinh tế
thị trường chứng khoán thu hút nhiều sự chú ý trong các dự án mới.,Kinh tế
thị trường chứng khoán đang thay đổi thị trường tại nhiều quốc gia.,Kinh tế
thương mại điện tử được thảo luận rộng rãi tại nhiều quốc gia.,Kinh tế
lạm phát tạo ra nhiều ảnh hưởng tại nhiều quốc gia.,Kinh tế
nhập khẩu đang được nghiên cứu trên toàn thế giới.,Kinh tế
đầu tư được nhiều người quan tâm trong nhiều doanh nghiệp.,Kinh tế
tài chính được nhiều người quan tâm trên mạng xã hội.,Kinh tế
thương mại điện tử đang phát triển mạnh tại Việt Nam.,Kinh tế
xuất khẩu đang phát triển mạnh tại Việt Nam.,Kinh tế
xuất khẩu được áp dụng rộng rãi trong các công ty lớn.,Kinh tế
doanh nghiệp thu hút nhiều sự chú ý trong các tổ chức.,Kinh tế
thương mại điện tử tạo ra nhiều ảnh hưởng trong các công ty lớn.,Kinh tế
nhập khẩu đang thay đổi thị trường trong cộng đồng.,Kinh tế
ngân hàng đang phát triển mạnh trong cộng đồng.,Kinh tế
thị trường chứng khoán đang được nghiên cứu trong cộng đồng.,Kinh tế
lạm phát đang phát triển mạnh trong ngành công nghiệp.,Kinh tế
ngân hàng được thảo luận rộng rãi trên mạng xã hội.,Kinh tế
đầu tư mang lại nhiều cơ hội trong ngành công nghiệp.,Kinh tế
thương mại điện tử thu hút nhiều sự chú ý tại nhiều quốc gia.,Kinh tế
đầu tư đang phát triển mạnh tại nhiều quốc gia.,Kinh tế
khởi nghiệp thu hút nhiều sự chú ý tại nhiều quốc gia.,Kinh tế
tài chính được áp dụng rộng rãi trong nhiều doanh nghiệp.,Kinh tế
ngân hàng đang trở thành xu hướng trong các dự án mới.,Kinh tế
nhập khẩu đang thay đổi thị trường trong các dự án mới.,Kinh tế
khởi nghiệp được nhiều người quan tâm trên mạng xã hội.,Kinh tế
xuất khẩu đang trở thành xu hướng trên mạng xã hội.,Kinh tế
thị trường chứng khoán được áp dụng rộng rãi trong cộng đồng.,Kinh tế
tài chính đang phát triển mạnh trên toàn thế giới.,Kinh tế
tài chính được áp dụng rộng rãi trong ngành công nghiệp.,Kinh tế
tài chính được áp dụng rộng rãi trong các dự án mới.,Kinh tế
ngân hàng đang trở thành xu hướng trong các tổ chức.,Kinh tế
khởi nghiệp được thảo luận rộng rãi trên mạng xã hội.,Kinh tế
lạm phát được nhiều người quan tâm trong các dự án mới.,Kinh tế
ngân hàng đang trở thành xu hướng tại nhiều quốc gia.,Kinh tế
khởi nghiệp đang thay đổi thị trường trên toàn thế giới.,Kinh tế
đầu tư được thảo luận rộng rãi trên toàn thế giới.,Kinh tế
thị trường chứng khoán thu hút nhiều sự chú ý trong các tổ chức.,Kinh tế
ngân hàng tạo ra nhiều ảnh hưởng trong cộng đồng.,Kinh tế
doanh nghiệp đang trở thành xu hướng trên mạng xã hội.,Kinh tế
nhập khẩu thu hút nhiều sự chú ý trong cộng đồng.,Kinh tế
thương mại điện tử thu hút nhiều sự chú ý trên mạng xã hội.,Kinh tế
khởi nghiệp đang được nghiên cứu tại nhiều quốc gia.,Kinh tế
đầu tư được thảo luận rộng rãi trong các công ty lớn.,Kinh tế
doanh nghiệp tạo ra nhiều ảnh hưởng trên mạng xã hội.,Kinh tế
thương mại điện tử được áp dụng rộng rãi trong các dự án mới.,Kinh tế
thị trường chứng khoán đang thay đổi thị trường trong các dự án mới.,Kinh tế
nhập khẩu mang lại nhiều cơ hội trong cộng đồng.,Kinh tế
doanh nghiệp mang lại nhiều cơ hội trong ngành công nghiệp.,Kinh tế
doanh nghiệp được nhiều người quan tâm trên toàn thế giới.,Kinh tế
đầu tư đang được nghiên cứu trong các công ty lớn.,Kinh tế
nhập khẩu đang trở thành xu hướng tại Việt Nam.,Kinh tế
lạm phát mang lại nhiều cơ hội trong các công ty lớn.,Kinh tế
xuất khẩu được áp dụng rộng rãi trong ngành công nghiệp.,Kinh tế
ngân hàng đang trở thành xu hướng trên mạng xã hội.,Kinh tế
doanh nghiệp được nhiều người quan tâm trong các công ty lớn.,Kinh tế
xuất khẩu đang thay đổi thị trường trong các công ty lớn.,Kinh tế
khởi nghiệp thu hút nhiều sự chú ý trong các dự án mới.,Kinh tế
khởi nghiệp thu hút nhiều sự chú ý trong các tổ chức.,Kinh tế
ngân hàng đang thay đổi thị trường tại Việt Nam.,Kinh tế
đầu tư tạo ra nhiều ảnh hưởng trên mạng xã hội.,Kinh tế
khởi nghiệp đang trở thành xu hướng trong các tổ chức.,Kinh tế
ngân hàng đang thay đổi thị trường trong nhiều doanh nghiệp.,Kinh tế
khởi nghiệp tạo ra nhiều ảnh hưởng trong các tổ chức.,Kinh tế
đầu tư được thảo luận rộng rãi trong ngành công nghiệp.,Kinh tế
đầu tư đang trở thành xu hướng trong các tổ chức.,Kinh tế
đầu tư tạo ra nhiều ảnh hưởng trong các dự án mới.,Kinh tế
thương mại điện tử được nhiều người quan tâm trong cộng đồng.,Kinh tế
doanh nghiệp mang lại nhiều cơ hội trong các tổ chức.,Kinh tế
thị trường chứng khoán thu hút nhiều sự chú ý trên toàn thế giới.,Kinh tế
nhập khẩu được nhiều người quan tâm trong nhiều doanh nghiệp.,Kinh tế
nhập khẩu đang thay đổi thị trường tại Việt Nam.,Kinh tế
xuất khẩu được áp dụng rộng rãi trong các tổ chức.,Kinh tế
thương mại điện tử đang trở thành xu hướng trong các công ty lớn.,Kinh tế
tài chính mang lại nhiều cơ hội tại Việt Nam.,Kinh tế
đầu tư được áp dụng rộng rãi tại nhiều quốc gia.,Kinh tế
thương mại điện tử đang được nghiên cứu trên mạng xã hội.,Kinh tế
khởi nghiệp được áp dụng rộng rãi trong cộng đồng.,Kinh tế
doanh nghiệp đang được nghiên cứu trên mạng xã hội.,Kinh tế
xuất khẩu được áp dụng rộng rãi tại Việt Nam.,Kinh tế
đầu tư đang phát triển mạnh trong các tổ chức.,Kinh tế
lạm phát tạo ra nhiều ảnh hưởng trong các công ty lớn.,Kinh tế
xuất khẩu được thảo luận rộng rãi tại Việt Nam.,Kinh tế
thương mại điện tử mang lại nhiều cơ hội trong nhiều doanh nghiệp.,Kinh tế
tài chính tạo ra nhiều ảnh hưởng trong cộng đồng.,Kinh tế
thị trường chứng khoán được áp dụng rộng rãi tại nhiều quốc gia.,Kinh tế
đầu tư đang được nghiên cứu trong các dự án mới.,Kinh tế
thị trường chứng khoán được nhiều người quan tâm trên mạng xã hội.,Kinh tế
lạm phát tạo ra nhiều ảnh hưởng trong các tổ chức.,Kinh tế
thị trường chứng khoán đang thay đổi thị trường trong nhiều doanh nghiệp.,Kinh tế
ngân hàng thu hút nhiều sự chú ý trong ngành công nghiệp.,Kinh tế
lạm phát đang trở thành xu hướng trong các tổ chức.,Kinh tế
xuất khẩu thu hút nhiều sự chú ý tại Việt Nam.,Kinh tế
đầu tư được nhiều người quan tâm trong ngành công nghiệp.,Kinh tế
nhập khẩu mang lại nhiều cơ hội trên toàn thế giới.,Kinh tế
tài chính tạo ra nhiều ảnh hưởng tại nhiều quốc gia.,Kinh tế
khởi nghiệp tạo ra nhiều ảnh hưởng trong cộng đồng.,Kinh tế
xuất khẩu đang được nghiên cứu trong các dự án mới.,Kinh tế
doanh nghiệp thu hút nhiều sự chú ý trong cộng đồng.,Kinh tế
nhập khẩu đang được nghiên cứu trong các tổ chức.,Kinh tế
khởi nghiệp được thảo luận rộng rãi trong ngành công nghiệp.,Kinh tế
doanh nghiệp đang được nghiên cứu trong các công ty lớn.,Kinh tế
nhập khẩu thu hút nhiều sự chú ý trong các tổ chức.,Kinh tế
khởi nghiệp tạo ra nhiều ảnh hưởng trong các dự án mới.,Kinh tế
doanh nghiệp mang lại nhiều cơ hội tại Việt Nam.,Kinh tế
lạm phát đang thay đổi thị trường tại nhiều quốc gia.,Kinh tế
nhập khẩu được áp dụng rộng rãi trên toàn thế giới.,Kinh tế
khởi nghiệp được nhiều người quan tâm trong các dự án mới.,Kinh tế
đầu tư được nhiều người quan tâm trong cộng đồng.,Kinh tế
khởi nghiệp được nhiều người quan tâm tại nhiều quốc gia.,Kinh tế
thị trường chứng khoán mang lại nhiều cơ hội trong cộng đồng.,Kinh tế
thị trường chứng khoán đang thay đổi thị trường tại Việt Nam.,Kinh tế
khởi nghiệp tạo ra nhiều ảnh hưởng trong các công ty lớn.,Kinh tế
tài chính được thảo luận rộng rãi tại nhiều quốc gia.,Kinh tế
thị trường chứng khoán được thảo luận rộng rãi trên mạng xã hội.,Kinh tế
doanh nghiệp đang trở thành xu hướng trong các tổ chức.,Kinh tế
ngân hàng mang lại nhiều cơ hội trong các công ty lớn.,Kinh tế
lạm phát đang phát triển mạnh trong các công ty lớn.,Kinh tế
lạm phát đang trở thành xu hướng trong các công ty lớn.,Kinh tế
khởi nghiệp được thảo luận rộng rãi trong các tổ chức.,Kinh tế
xuất khẩu tạo ra nhiều ảnh hưởng trong nhiều doanh nghiệp.,Kinh tế
ngân hàng mang lại nhiều cơ hội trong các tổ chức.,Kinh tế
khởi nghiệp mang lại nhiều cơ hội tại Việt Nam.,Kinh tế
nhập khẩu được áp dụng rộng rãi trong ngành công nghiệp.,Kinh tế
khởi nghiệp được áp dụng rộng rãi trong các dự án mới.,Kinh tế
thị trường chứng khoán thu hút nhiều sự chú ý trên mạng xã hội.,Kinh tế
lạm phát đang thay đổi thị trường trên toàn thế giới.,Kinh tế
khởi nghiệp thu hút nhiều sự chú ý trong nhiều doanh nghiệp.,Kinh tế
tài chính đang phát triển mạnh trong các dự án mới.,Kinh tế
xuất khẩu mang lại nhiều cơ hội trên mạng xã hội.,Kinh tế
doanh nghiệp thu hút nhiều sự chú ý trên toàn thế giới.,Kinh tế
đầu tư đang trở thành xu hướng trong ngành công nghiệp.,Kinh tế
thương mại điện tử được nhiều người quan tâm trong các công ty lớn.,Kinh tế
đầu tư được thảo luận rộng rãi trong các tổ chức.,Kinh tế
ngân hàng đang được nghiên cứu trong các dự án mới.,Kinh tế
thương mại điện tử đang được nghiên cứu trong nhiều doanh nghiệp.,Kinh tế
nhập khẩu đang được nghiên cứu trong ngành công nghiệp.,Kinh tế
thương mại điện tử đang thay đổi thị trường trong nhiều doanh nghiệp.,Kinh tế
doanh nghiệp đang thay đổi thị trường trên mạng xã hội.,Kinh tế
tài chính được nhiều người quan tâm tại Việt Nam.,Kinh tế
thị trường chứng khoán đang được nghiên cứu trong nhiều doanh nghiệp.,Kinh tế
thương mại điện tử được nhiều người quan tâm trong các tổ chức.,Kinh tế
nhập khẩu đang phát triển mạnh trong các công ty lớn.,Kinh tế
ngân hàng thu hút nhiều sự chú ý tại Việt Nam.,Kinh tế
thương mại điện tử tạo ra nhiều ảnh hưởng trong các tổ chức.,Kinh tế
đầu tư đang trở thành xu hướng tại Việt Nam.,Kinh tế
đầu tư được thảo luận rộng rãi trong cộng đồng.,Kinh tế
nhập khẩu được áp dụng rộng rãi trên mạng xã hội.,Kinh tế
đầu tư mang lại nhiều cơ hội tại nhiều quốc gia.,Kinh tế
đầu tư thu hút nhiều sự chú ý trong các dự án mới.,Kinh tế
tài chính thu hút nhiều sự chú ý trên toàn thế giới.,Kinh tế
ngân hàng đang trở thành xu hướng trên toàn thế giới.,Kinh tế
doanh nghiệp mang lại nhiều cơ hội trong nhiều doanh nghiệp.,Kinh tế
nhập khẩu được thảo luận rộng rãi trong các dự án mới.,Kinh tế
doanh nghiệp được thảo luận rộng rãi trong các dự án mới.,Kinh tế
thị trường chứng khoán được nhiều người quan tâm trong các tổ chức.,Kinh tế
nhập khẩu đang được nghiên cứu trong các công ty lớn.,Kinh tế
tài chính được nhiều người quan tâm tại nhiều quốc gia.,Kinh tế
thị trường chứng khoán đang phát triển mạnh tại Việt Nam.,Kinh tế
đầu tư tạo ra nhiều ảnh hưởng trong các công ty lớn.,Kinh tế
thương mại điện tử được thảo luận rộng rãi tại Việt Nam.,Kinh tế
ngân hàng tạo ra nhiều ảnh hưởng trong các công ty lớn.,Kinh tế
doanh nghiệp được áp dụng rộng rãi trong nhiều doanh nghiệp.,Kinh tế
thị trường chứng khoán được áp dụng rộng rãi tại Việt Nam.,Kinh tế
doanh nghiệp đang trở thành xu hướng trong ngành công nghiệp.,Kinh tế
nhập khẩu được thảo luận rộng rãi trong các tổ chức.,Kinh tế
ngân hàng đang được nghiên cứu trên toàn thế giới.,Kinh tế
khởi nghiệp đang trở thành xu hướng trong các công ty lớn.,Kinh tế
tài chính được nhiều người quan tâm trong các tổ chức.,Kinh tế
lạm phát đang trở thành xu hướng trên toàn thế giới.,Kinh tế
doanh nghiệp được nhiều người quan tâm trong ngành công nghiệp.,Kinh tế
doanh nghiệp thu hút nhiều sự chú ý trong các công ty lớn.,Kinh tế
tài chính tạo ra nhiều ảnh hưởng trong các công ty lớn.,Kinh tế
doanh nghiệp đang được nghiên cứu trên toàn thế giới.,Kinh tế
nhập khẩu đang trở thành xu hướng trong cộng đồng.,Kinh tế
đầu tư đang thay đổi thị trường trong các tổ chức.,Kinh tế
nhập khẩu tạo ra nhiều ảnh hưởng trong các công ty lớn.,Kinh tế
doanh nghiệp được thảo luận rộng rãi trong nhiều doanh nghiệp.,Kinh tế
thương mại điện tử đang được nghiên cứu trên toàn thế giới.,Kinh tế
lạm phát đang trở thành xu hướng trong ngành công nghiệp.,Kinh tế
thương mại điện tử đang trở thành xu hướng trong các dự án mới.,Kinh tế
lạm phát đang trở thành xu hướng tại nhiều quốc gia.,Kinh tế
lạm phát được áp dụng rộng rãi trong cộng đồng.,Kinh tế
thị trường chứng khoán đang được nghiên cứu trong các dự án mới.,Kinh tế
xuất khẩu thu hút nhiều sự chú ý trên toàn thế giới.,Kinh tế
thương mại điện tử đang được nghiên cứu trong các dự án mới.,Kinh tế
nhập khẩu mang lại nhiều cơ hội trong nhiều doanh nghiệp.,Kinh tế
xuất khẩu đang trở thành xu hướng trên toàn thế giới.,Kinh tế
đầu tư được áp dụng rộng rãi trên mạng xã hội.,Kinh tế
doanh nghiệp được áp dụng rộng rãi trong các dự án mới.,Kinh tế
thị trường chứng khoán được nhiều người quan tâm trên toàn thế giới.,Kinh tế
nhập khẩu được thảo luận rộng rãi trên mạng xã hội.,Kinh tế
lạm phát đang thay đổi thị trường trong nhiều doanh nghiệp.,Kinh tế
tài chính đang thay đổi thị trường tại Việt Nam.,Kinh tế
khởi nghiệp được thảo luận rộng rãi trên toàn thế giới.,Kinh tế
ngân hàng đang phát triển mạnh trên mạng xã hội.,Kinh tế
khởi nghiệp tạo ra nhiều ảnh hưởng trong ngành công nghiệp.,Kinh tế
ngân hàng được áp dụng rộng rãi trong các tổ chức.,Kinh tế
nhập khẩu tạo ra nhiều ảnh hưởng trên mạng xã hội.,Kinh tế
xuất khẩu tạo ra nhiều ảnh hưởng trên mạng xã hội.,Kinh tế
doanh nghiệp được thảo luận rộng rãi trong ngành công nghiệp.,Kinh tế
xuất khẩu thu hút nhiều sự chú ý trong ngành công nghiệp.,Kinh tế
thị trường chứng khoán đang trở thành xu hướng trong các dự án mới.,Kinh tế
ngân hàng được áp dụng rộng rãi trong ngành công nghiệp.,Kinh tế
nhập khẩu tạo ra nhiều ảnh hưởng trong các dự án mới.,Kinh tế
thương mại điện tử được thảo luận rộng rãi trong nhiều doanh nghiệp.,Kinh tế
thương mại điện tử được áp dụng rộng rãi trên toàn thế giới.,Kinh tế
khởi nghiệp thu hút nhiều sự chú ý trong ngành công nghiệp.,Kinh tế
tài chính mang lại nhiều cơ hội trong nhiều doanh nghiệp.,Kinh tế
tài chính được áp dụng rộng rãi tại Việt Nam.,Kinh tế
khởi nghiệp đang phát triển mạnh trong ngành công nghiệp.,Kinh tế
thương mại điện tử mang lại nhiều cơ hội trong các tổ chức.,Kinh tế
doanh nghiệp được áp dụng rộng rãi trong ngành công nghiệp.,Kinh tế
đầu tư tạo ra nhiều ảnh hưởng trong ngành công nghiệp.,Kinh tế
thị trường chứng khoán thu hút nhiều sự chú ý trong nhiều doanh nghiệp.,Kinh tế
thị trường chứng khoán được thảo luận rộng rãi trong các tổ chức.,Kinh tế
nhập khẩu đang phát triển mạnh tại nhiều quốc gia.,Kinh tế
thị trường chứng khoán đang phát triển mạnh trong các tổ chức.,Kinh tế
ngân hàng được nhiều người quan tâm trên toàn thế giới.,Kinh tế
nhập khẩu tạo ra nhiều ảnh hưởng trong nhiều doanh nghiệp.,Kinh tế
nhập khẩu được áp dụng rộng rãi tại Việt Nam.,Kinh tế
thị trường chứng khoán được áp dụng rộng rãi trong các tổ chức.,Kinh tế
ngân hàng được thảo luận rộng rãi trong nhiều doanh nghiệp.,Kinh tế
thương mại điện tử đang thay đổi thị trường trong các dự án mới.,Kinh tế
thương mại điện tử đang phát triển mạnh trong các tổ chức.,Kinh tế
đầu tư đang thay đổi thị trường trên mạng xã hội.,Kinh tế
khởi nghiệp đang trở thành xu hướng trong cộng đồng.,Kinh tế
thị trường chứng khoán đang được nghiên cứu tại nhiều quốc gia.,Kinh tế
xuất khẩu được thảo luận rộng rãi tại nhiều quốc gia.,Kinh tế
nhập khẩu đang thay đổi thị trường trên mạng xã hội.,Kinh tế
doanh nghiệp được thảo luận rộng rãi trong các tổ chức.,Kinh tế
xuất khẩu được thảo luận rộng rãi trong cộng đồng.,Kinh tế
khởi nghiệp đang trở thành xu hướng trong các dự án mới.,Kinh tế
doanh nghiệp đang trở thành xu hướng trong các dự án mới.,Kinh tế
lạm phát đang thay đổi thị trường trong các dự án mới.,Kinh tế
lạm phát đang phát triển mạnh trên mạng xã hội.,Kinh tế
tài chính đang được nghiên cứu trong các tổ chức.,Kinh tế
khởi nghiệp đang phát triển mạnh trong các dự án mới.,Kinh tế
tài chính được nhiều người quan tâm trên toàn thế giới.,Kinh tế
lạm phát được thảo luận rộng rãi trong ngành công nghiệp.,Kinh tế
khởi nghiệp đang phát triển mạnh trên toàn thế giới.,Kinh tế
lạm phát thu hút nhiều sự chú ý trong các tổ chức.,Kinh tế
tài chính thu hút nhiều sự chú ý tại nhiều quốc gia.,Kinh tế
xuất khẩu đang phát triển mạnh trên toàn thế giới.,Kinh tế
lạm phát đang phát triển mạnh tại nhiều quốc gia.,Kinh tế
đầu tư thu hút nhiều sự chú ý tại nhiều quốc gia.,Kinh tế
lạm phát đang được nghiên cứu trong các công ty lớn.,Kinh tế
đầu tư được thảo luận rộng rãi trong nhiều doanh nghiệp.,Kinh tế
xuất khẩu đang thay đổi thị trường trên mạng xã hội.,Kinh tế
xuất khẩu mang lại nhiều cơ hội tại nhiều quốc gia.,Kinh tế
khởi nghiệp được nhiều người quan tâm trên toàn thế giới.,Kinh tế
ngân hàng đang được nghiên cứu trong các tổ chức.,Kinh tế
doanh nghiệp mang lại nhiều cơ hội trong các công ty lớn.,Kinh tế
thương mại điện tử đang phát triển mạnh trong nhiều doanh nghiệp.,Kinh tế
lạm phát được nhiều người quan tâm trong ngành công nghiệp.,Kinh tế
xuất khẩu đang phát triển mạnh tại nhiều quốc gia.,Kinh tế
khởi nghiệp tạo ra nhiều ảnh hưởng trong nhiều doanh nghiệp.,Kinh tế
thương mại điện tử mang lại nhiều cơ hội trong các công ty lớn.,Kinh tế
đầu tư được thảo luận rộng rãi trong các dự án mới.,Kinh tế
xuất khẩu đang được nghiên cứu trên toàn thế giới.,Kinh tế
đầu tư đang phát triển mạnh trong nhiều doanh nghiệp.,Kinh tế
doanh nghiệp được thảo luận rộng rãi trên toàn thế giới.,Kinh tế
đầu tư thu hút nhiều sự chú ý tại Việt Nam.,Kinh tế
tài chính đang trở thành xu hướng trong ngành công nghiệp.,Kinh tế
ngân hàng được thảo luận rộng rãi trong các dự án mới.,Kinh tế
lạm phát được thảo luận rộng rãi trong nhiều doanh nghiệp.,Kinh tế
lạm phát được nhiều người quan tâm trong nhiều doanh nghiệp.,Kinh tế
xuất khẩu được nhiều người quan tâm tại nhiều quốc gia.,Kinh tế
thị trường chứng khoán được thảo luận rộng rãi trên toàn thế giới.,Kinh tế
thương mại điện tử thu hút nhiều sự chú ý trên toàn thế giới.,Kinh tế
doanh nghiệp tạo ra nhiều ảnh hưởng trong các dự án mới.,Kinh tế
nhập khẩu mang lại nhiều cơ hội trong các công ty lớn.,Kinh tế
nhập khẩu được nhiều người quan tâm trong các tổ chức.,Kinh tế
đầu tư đang trở thành xu hướng trong cộng đồng.,Kinh tế
đầu tư thu hút nhiều sự chú ý trong nhiều doanh nghiệp.,Kinh tế
khởi nghiệp được thảo luận rộng rãi trong cộng đồng.,Kinh tế
xuất khẩu được áp dụng rộng rãi trên mạng xã hội.,Kinh tế
khởi nghiệp thu hút nhiều sự chú ý trên mạng xã hội.,Kinh tế
xuất khẩu thu hút nhiều sự chú ý tại nhiều quốc gia.,Kinh tế
tài chính đang được nghiên cứu trong các công ty lớn.,Kinh tế
nhập khẩu được thảo luận rộng rãi trong nhiều doanh nghiệp.,Kinh tế
doanh nghiệp được áp dụng rộng rãi trên mạng xã hội.,Kinh tế
lạm phát mang lại nhiều cơ hội trong cộng đồng.,Kinh tế
đầu tư được nhiều người quan tâm trên mạng xã hội.,Kinh tế
khởi nghiệp được áp dụng rộng rãi trong các công ty lớn.,Kinh tế
lạm phát đang phát triển mạnh tại Việt Nam.,Kinh tế
doanh nghiệp đang thay đổi thị trường trong nhiều doanh nghiệp.,Kinh tế
lạm phát đang phát triển mạnh trong các tổ chức.,Kinh tế
thương mại điện tử mang lại nhiều cơ hội trên mạng xã hội.,Kinh tế
nhập khẩu đang phát triển mạnh trong các tổ chức.,Kinh tế
thị trường chứng khoán được nhiều người quan tâm tại Việt Nam.,Kinh tế
doanh nghiệp đang thay đổi thị trường trong cộng đồng.,Kinh tế
nhập khẩu được áp dụng rộng rãi trong cộng đồng.,Kinh tế
thị trường chứng khoán đang phát triển mạnh tại nhiều quốc gia.,Kinh tế
nhập khẩu được nhiều người quan tâm tại Việt Nam.,Kinh tế
xuất khẩu đang thay đổi thị trường trong các dự án mới.,Kinh tế
nhập khẩu đang trở thành xu hướng trong nhiều doanh nghiệp.,Kinh tế
ngân hàng đang được nghiên cứu trong các công ty lớn.,Kinh tế
đầu tư mang lại nhiều cơ hội trong cộng đồng.,Kinh tế
thị trường chứng khoán đang được nghiên cứu trên toàn thế giới.,Kinh tế
nhập khẩu được thảo luận rộng rãi tại Việt Nam.,Kinh tế
doanh nghiệp đang thay đổi thị trường tại nhiều quốc gia.,Kinh tế
thương mại điện tử đang được nghiên cứu trong các công ty lớn.,Kinh tế
xuất khẩu được thảo luận rộng rãi trong ngành công nghiệp.,Kinh tế
doanh nghiệp mang lại nhiều cơ hội trên mạng xã hội.,Kinh tế
nhập khẩu thu hút nhiều sự chú ý trên toàn thế giới.,Kinh tế
ngân hàng mang lại nhiều cơ hội trên toàn thế giới.,Kinh tế
khởi nghiệp được áp dụng rộng rãi trên mạng xã hội.,Kinh tế
thương mại điện tử đang trở thành xu hướng trên toàn thế giới.,Kinh tế
lạm phát mang lại nhiều cơ hội trong nhiều doanh nghiệp.,Kinh tế
khởi nghiệp thu hút nhiều sự chú ý trong các công ty lớn.,Kinh tế
doanh nghiệp đang phát triển mạnh trong các tổ chức.,Kinh tế
lạm phát đang được nghiên cứu tại Việt Nam.,Kinh tế
xuất khẩu đang được nghiên cứu tại Việt Nam.,Kinh tế
xuất khẩu thu hút nhiều sự chú ý trong các công ty lớn.,Kinh tế
thị trường chứng khoán đang được nghiên cứu trên mạng xã hội.,Kinh tế
doanh nghiệp tạo ra nhiều ảnh hưởng trong cộng đồng.,Kinh tế
ngân hàng đang trở thành xu hướng trong ngành công nghiệp.,Kinh tế
tài chính đang trở thành xu hướng trong nhiều doanh nghiệp.,Kinh tế
thị trường chứng khoán đang thay đổi thị trường trong cộng đồng.,Kinh tế
đầu tư mang lại nhiều cơ hội trên toàn thế giới.,Kinh tế
doanh nghiệp đang phát triển mạnh trong các công ty lớn.,Kinh tế
thị trường chứng khoán được nhiều người quan tâm trong các dự án mới.,Kinh tế
doanh nghiệp mang lại nhiều cơ hội tại nhiều quốc gia.,Kinh tế
đầu tư đang được nghiên cứu trên mạng xã hội.,Kinh tế
thương mại điện tử đang được nghiên cứu tại nhiều quốc gia.,Kinh tế
thương mại điện tử đang được nghiên cứu trong các tổ chức.,Kinh tế
thị trường chứng khoán tạo ra nhiều ảnh hưởng tại nhiều quốc gia.,Kinh tế
ngân hàng được nhiều người quan tâm trong các dự án mới.,Kinh tế
nhập khẩu đang phát triển mạnh trong ngành công nghiệp.,Kinh tế
đầu tư được áp dụng rộng rãi trong nhiều doanh nghiệp.,Kinh tế
thương mại điện tử được áp dụng rộng rãi trong cộng đồng.,Kinh tế
thị trường chứng khoán được áp dụng rộng rãi trong nhiều doanh nghiệp.,Kinh tế
thị trường chứng khoán tạo ra nhiều ảnh hưởng trên mạng xã hội.,Kinh tế
khởi nghiệp tạo ra nhiều ảnh hưởng tại Việt Nam.,Kinh tế
lạm phát thu hút nhiều sự chú ý trong cộng đồng.,Kinh tế
nhập khẩu mang lại nhiều cơ hội tại Việt Nam.,Kinh tế
khởi nghiệp đang trở thành xu hướng trong ngành công nghiệp.,Kinh tế
xuất khẩu đang phát triển mạnh trong ngành công nghiệp.,Kinh tế
ngân hàng tạo ra nhiều ảnh hưởng trên toàn thế giới.,Kinh tế
ngân hàng tạo ra nhiều ảnh hưởng trong nhiều doanh nghiệp.,Kinh tế
nhập khẩu đang thay đổi thị trường trên toàn thế giới.,Kinh tế
khởi nghiệp mang lại nhiều cơ hội trong các dự án mới.,Kinh tế
doanh nghiệp được áp dụng rộng rãi tại Việt Nam.,Kinh tế
tài chính mang lại nhiều cơ hội trong các dự án mới.,Kinh tế
thương mại điện tử mang lại nhiều cơ hội trong cộng đồng.,Kinh tế
tài chính đang trở thành xu hướng trong các tổ chức.,Kinh tế
thương mại điện tử được áp dụng rộng rãi trong các công ty lớn.,Kinh tế
đầu tư được nhiều người quan tâm trong các tổ chức.,Kinh tế
thị trường chứng khoán đang phát triển mạnh trên toàn thế giới.,Kinh tế
thị trường chứng khoán đang trở thành xu hướng trên mạng xã hội.,Kinh tế
ngân hàng đang thay đổi thị trường tại nhiều quốc gia.,Kinh tế
khởi nghiệp đang được nghiên cứu trên toàn thế giới.,Kinh tế
khởi nghiệp đang trở thành xu hướng trong nhiều doanh nghiệp.,Kinh tế
thương mại điện tử được thảo luận rộng rãi trong các tổ chức.,Kinh tế
tài chính đang phát triển mạnh trên mạng xã hội.,Kinh tế
đầu tư đang thay đổi thị trường trên toàn thế giới.,Kinh tế
thương mại điện tử đang được nghiên cứu trong cộng đồng.,Kinh tế
thương mại điện tử đang trở thành xu hướng trong ngành công nghiệp.,Kinh tế
ngân hàng đang trở thành xu hướng trong các công ty lớn.,Kinh tế
xuất khẩu đang thay đổi thị trường trong cộng đồng.,Kinh tế
đầu tư thu hút nhiều sự chú ý trong các công ty lớn.,Kinh tế
khởi nghiệp đang thay đổi thị trường tại Việt Nam.,Kinh tế
lạm phát đang được nghiên cứu trong các tổ chức.,Kinh tế
ngân hàng tạo ra nhiều ảnh hưởng trong các tổ chức.,Kinh tế
thị trường chứng khoán được áp dụng rộng rãi trên mạng xã hội.,Kinh tế
nhập khẩu đang phát triển mạnh tại Việt Nam.,Kinh tế
nhập khẩu được áp dụng rộng rãi trong các dự án mới.,Kinh tế
nhập khẩu được nhiều người quan tâm trong các dự án mới.,Kinh tế
xuất khẩu được áp dụng rộng rãi trong cộng đồng.,Kinh tế
nhập khẩu đang trở thành xu hướng trên mạng xã hội.,Kinh tế
doanh nghiệp đang trở thành xu hướng trong cộng đồng.,Kinh tế
thị trường chứng khoán được nhiều người quan tâm trong ngành công nghiệp.,Kinh tế
tài chính đang thay đổi thị trường trong các dự án mới.,Kinh tế
khởi nghiệp đang thay đổi thị trường trong cộng đồng.,Kinh tế
thị trường chứng khoán được thảo luận rộng rãi tại Việt Nam.,Kinh tế
thương mại điện tử đang thay đổi thị trường trong cộng đồng.,Kinh tế
thương mại điện tử được nhiều người quan tâm tại Việt Nam.,Kinh tế
xuất khẩu đang phát triển mạnh trong cộng đồng.,Kinh tế
lạm phát được thảo luận rộng rãi trên mạng xã hội.,Kinh tế
đầu tư tạo ra nhiều ảnh hưởng trong các tổ chức.,Kinh tế
nhập khẩu tạo ra nhiều ảnh hưởng trong ngành công nghiệp.,Kinh tế
đầu tư được nhiều người quan tâm tại Việt Nam.,Kinh tế
xuất khẩu đang phát triển mạnh trong các tổ chức.,Kinh tế
thương mại điện tử đang phát triển mạnh trong cộng đồng.,Kinh tế
thương mại điện tử đang trở thành xu hướng tại nhiều quốc gia.,Kinh tế
nhập khẩu đang thay đổi thị trường trong nhiều doanh nghiệp.,Kinh tế
thương mại điện tử thu hút nhiều sự chú ý tại Việt Nam.,Kinh tế
tài chính đang phát triển mạnh trong các tổ chức.,Kinh tế
thị trường chứng khoán mang lại nhiều cơ hội trong ngành công nghiệp.,Kinh tế
ngân hàng mang lại nhiều cơ hội trong cộng đồng.,Kinh tế
thương mại điện tử được áp dụng rộng rãi trong ngành công nghiệp.,Kinh tế
xuất khẩu đang trở thành xu hướng trong ngành công nghiệp.,Kinh tế
lạm phát đang được nghiên cứu trong ngành công nghiệp.,Kinh tế
đầu tư được áp dụng rộng rãi trong các tổ chức.,Kinh tế
thị trường chứng khoán đang trở thành xu hướng trong các công ty lớn.,Kinh tế
đầu tư đang được nghiên cứu trong cộng đồng.,Kinh tế
khởi nghiệp mang lại nhiều cơ hội trên toàn thế giới.,Kinh tế
đầu tư đang phát triển mạnh tại Việt Nam.,Kinh tế
thị trường chứng khoán đang trở thành xu hướng trong ngành công nghiệp.,Kinh tế
tài chính đang được nghiên cứu trong ngành công nghiệp.,Kinh tế
nhập khẩu đang phát triển mạnh trong nhiều doanh nghiệp.,Kinh tế
đầu tư được nhiều người quan tâm tại nhiều quốc gia.,Kinh tế
nhập khẩu đang được nghiên cứu trong cộng đồng.,Kinh tế
nhập khẩu đang phát triển mạnh trong cộng đồng.,Kinh tế
thương mại điện tử đang trở thành xu hướng trong cộng đồng.,Kinh tế
đầu tư đang được nghiên cứu tại nhiều quốc gia.,Kinh tế
lạm phát đang phát triển mạnh trong nhiều doanh nghiệp.,Kinh tế
thị trường chứng khoán đang được nghiên cứu tại Việt Nam.,Kinh tế
lạm phát đang thay đổi thị trường trong các tổ chức.,Kinh tế
lạm phát đang được nghiên cứu trong nhiều doanh nghiệp.,Kinh tế
xuất khẩu đang thay đổi thị trường trong nhiều doanh nghiệp.,Kinh tế
thị trường chứng khoán thu hút nhiều sự chú ý tại Việt Nam.,Kinh tế
thị trường chứng khoán được nhiều người quan tâm tại nhiều quốc gia.,Kinh tế
doanh nghiệp được nhiều người quan tâm trong nhiều doanh nghiệp.,Kinh tế
xuất khẩu mang lại nhiều cơ hội trong ngành công nghiệp.,Kinh tế
khởi nghiệp đang được nghiên cứu trên mạng xã hội.,Kinh tế
tài chính mang lại nhiều cơ hội trên toàn thế giới.,Kinh tế
doanh nghiệp được áp dụng rộng rãi trong các công ty lớn.,Kinh tế
doanh nghiệp mang lại nhiều cơ hội trong cộng đồng.,Kinh tế
thương mại điện tử đang được nghiên cứu tại Việt Nam.,Kinh tế
doanh nghiệp thu hút nhiều sự chú ý trong ngành công nghiệp.,Kinh tế
xuất khẩu đang trở thành xu hướng trong cộng đồng.,Kinh tế
doanh nghiệp thu hút nhiều sự chú ý trên mạng xã hội.,Kinh tế
đầu tư thu hút nhiều sự chú ý trong cộng đồng.,Kinh tế
tài chính đang được nghiên cứu trong các dự án mới.,Kinh tế
đầu tư mang lại nhiều cơ hội trên mạng xã hội.,Kinh tế
tài chính đang thay đổi thị trường trên mạng xã hội.,Kinh tế
khởi nghiệp được nhiều người quan tâm trong cộng đồng.,Kinh tế
nhập khẩu tạo ra nhiều ảnh hưởng trên toàn thế giới.,Kinh tế
thương mại điện tử được thảo luận rộng rãi trong các dự án mới.,Kinh tế
nhập khẩu mang lại nhiều cơ hội trong các dự án mới.,Kinh tế
nhập khẩu được thảo luận rộng rãi tại nhiều quốc gia.,Kinh tế
xuất khẩu được áp dụng rộng rãi trên toàn thế giới.,Kinh tế
thương mại điện tử mang lại nhiều cơ hội trên toàn thế giới.,Kinh tế
khởi nghiệp đang được nghiên cứu trong các dự án mới.,Kinh tế
tài chính được áp dụng rộng rãi trên mạng xã hội.,Kinh tế
khởi nghiệp được nhiều người quan tâm tại Việt Nam.,Kinh tế
khởi nghiệp được thảo luận rộng rãi tại Việt Nam.,Kinh tế
show truyền hình được áp dụng rộng rãi trên mạng xã hội.,Giải trí
show truyền hình tạo ra nhiều ảnh hưởng tại nhiều quốc gia.,Giải trí
bộ phim mới thu hút nhiều sự chú ý trong các công ty lớn.,Giải trí
concert đang phát triển mạnh trong cộng đồng.,Giải trí
concert thu hút nhiều sự chú ý trong cộng đồng.,Giải trí
người nổi tiếng đang được nghiên cứu tại nhiều quốc gia.,Giải trí
ca sĩ nổi tiếng được thảo luận rộng rãi tại nhiều quốc gia.,Giải trí
album âm nhạc thu hút nhiều sự chú ý trong nhiều doanh nghiệp.,Giải trí
lễ trao giải thu hút nhiều sự chú ý tại nhiều quốc gia.,Giải trí
show truyền hình được thảo luận rộng rãi trong cộng đồng.,Giải trí
ca sĩ nổi tiếng tạo ra nhiều ảnh hưởng trong nhiều doanh nghiệp.,Giải trí
show truyền hình tạo ra nhiều ảnh hưởng trong cộng đồng.,Giải trí
người nổi tiếng được thảo luận rộng rãi trong cộng đồng.,Giải trí
ngôi sao điện ảnh đang trở thành xu hướng trong các công ty lớn.,Giải trí
diễn viên đang thay đổi thị trường trong nhiều doanh nghiệp.,Giải trí
concert mang lại nhiều cơ hội trong cộng đồng.,Giải trí
album âm nhạc đang phát triển mạnh tại nhiều quốc gia.,Giải trí
diễn viên tạo ra nhiều ảnh hưởng trên toàn thế giới.,Giải trí
show truyền hình mang lại nhiều cơ hội trong cộng đồng.,Giải trí
ca sĩ nổi tiếng đang thay đổi thị trường trong các tổ chức.,Giải trí
ngôi sao điện ảnh đang được nghiên cứu tại nhiều quốc gia.,Giải trí
lễ trao giải mang lại nhiều cơ hội trong nhiều doanh nghiệp.,Giải trí
diễn viên đang được nghiên cứu trong ngành công nghiệp.,Giải trí
video viral tạo ra nhiều ảnh hưởng trong cộng đồng.,Giải trí
show truyền hình thu hút nhiều sự chú ý trong nhiều doanh nghiệp.,Giải trí
bộ phim mới đang thay đổi thị trường trong các tổ chức.,Giải trí
diễn viên đang được nghiên cứu trên mạng xã hội.,Giải trí
video viral tạo ra nhiều ảnh hưởng trong các tổ chức.,Giải trí
ngôi sao điện ảnh tạo ra nhiều ảnh hưởng trong cộng đồng.,Giải trí
concert đang trở thành xu hướng tại nhiều quốc gia.,Giải trí
concert đang trở thành xu hướng trong nhiều doanh nghiệp.,Giải trí
video viral thu hút nhiều sự chú ý tại nhiều quốc gia.,Giải trí
người nổi tiếng tạo ra nhiều ảnh hưởng tại Việt Nam.,Giải trí
ca sĩ nổi tiếng mang lại nhiều cơ hội trong các công ty lớn.,Giải trí
video viral thu hút nhiều sự chú ý trong cộng đồng.,Giải trí
ngôi sao điện ảnh đang trở thành xu hướng trong nhiều doanh nghiệp.,Giải trí
lễ trao giải tạo ra nhiều ảnh hưởng trong các công ty lớn.,Giải trí
người nổi tiếng đang trở thành xu hướng trong cộng đồng.,Giải trí
diễn viên được nhiều người quan tâm tại Việt Nam.,Giải trí
ca sĩ nổi tiếng được thảo luận rộng rãi trên mạng xã hội.,Giải trí
người nổi tiếng đang thay đổi thị trường trong ngành công nghiệp.,Giải trí
lễ trao giải được thảo luận rộng rãi trên toàn thế giới.,Giải trí
concert được áp dụng rộng rãi trong nhiều doanh nghiệp.,Giải trí
người nổi tiếng mang lại nhiều cơ hội trong nhiều doanh nghiệp.,Giải trí
album âm nhạc đang trở thành xu hướng tại Việt Nam.,Giải trí
concert thu hút nhiều sự chú ý trong nhiều doanh nghiệp.,Giải trí
video viral được nhiều người quan tâm trong các dự án mới.,Giải trí
video viral đang thay đổi thị trường tại nhiều quốc gia.,Giải trí
người nổi tiếng đang phát triển mạnh trên mạng xã hội.,Giải trí
album âm nhạc thu hút nhiều sự chú ý trong các công ty lớn.,Giải trí
concert được áp dụng rộng rãi trên mạng xã hội.,Giải trí
bộ phim mới đang phát triển mạnh tại nhiều quốc gia.,Giải trí
ngôi sao điện ảnh được thảo luận rộng rãi trên mạng xã hội.,Giải trí
ngôi sao điện ảnh được áp dụng rộng rãi trong các công ty lớn.,Giải trí
video viral mang lại nhiều cơ hội trong các dự án mới.,Giải trí
người nổi tiếng đang thay đổi thị trường trong cộng đồng.,Giải trí
album âm nhạc mang lại nhiều cơ hội trong các tổ chức.,Giải trí
diễn viên thu hút nhiều sự chú ý trong các công ty lớn.,Giải trí
video viral được áp dụng rộng rãi tại nhiều quốc gia.,Giải trí
album âm nhạc đang được nghiên cứu trong ngành công nghiệp.,Giải trí
show truyền hình tạo ra nhiều ảnh hưởng trong ngành công nghiệp.,Giải trí
bộ phim mới đang phát triển mạnh trong các dự án mới.,Giải trí
bộ phim mới thu hút nhiều sự chú ý trong nhiều doanh nghiệp.,Giải trí
ngôi sao điện ảnh đang phát triển mạnh trên mạng xã hội.,Giải trí
ngôi sao điện ảnh được thảo luận rộng rãi trong ngành công nghiệp.,Giải trí
bộ phim mới được thảo luận rộng rãi trong các dự án mới.,Giải trí
diễn viên mang lại nhiều cơ hội trong cộng đồng.,Giải trí
show truyền hình đang trở thành xu hướng tại nhiều quốc gia.,Giải trí
bộ phim mới tạo ra nhiều ảnh hưởng trong các dự án mới.,Giải trí
ngôi sao điện ảnh đang thay đổi thị trường trên toàn thế giới.,Giải trí
album âm nhạc đang thay đổi thị trường trong các công ty lớn.,Giải trí
lễ trao giải thu hút nhiều sự chú ý trên mạng xã hội.,Giải trí
show truyền hình thu hút nhiều sự chú ý trong các dự án mới.,Giải trí
người nổi tiếng tạo ra nhiều ảnh hưởng trên mạng xã hội.,Giải trí
concert đang thay đổi thị trường tại Việt Nam.,Giải trí
lễ trao giải thu hút nhiều sự chú ý trong cộng đồng.,Giải trí
ngôi sao điện ảnh đang thay đổi thị trường trên mạng xã hội.,Giải trí
ca sĩ nổi tiếng đang được nghiên cứu trong cộng đồng.,Giải trí
lễ trao giải thu hút nhiều sự chú ý trong các tổ chức.,Giải trí
concert được áp dụng rộng rãi trong ngành công nghiệp.,Giải trí
lễ trao giải được áp dụng rộng rãi trong nhiều doanh nghiệp.,Giải trí
ca sĩ nổi tiếng đang được nghiên cứu trong các tổ chức.,Giải trí
show truyền hình được áp dụng rộng rãi trong các dự án mới.,Giải trí
diễn viên đang thay đổi thị trường tại nhiều quốc gia.,Giải trí
người nổi tiếng đang được nghiên cứu trong các công ty lớn.,Giải trí
ca sĩ nổi tiếng mang lại nhiều cơ hội trong các dự án mới.,Giải trí
ngôi sao điện ảnh mang lại nhiều cơ hội tại Việt Nam.,Giải trí
album âm nhạc được thảo luận rộng rãi tại Việt Nam.,Giải trí
concert đang trở thành xu hướng trong các tổ chức.,Giải trí
diễn viên đang được nghiên cứu trong các dự án mới.,Giải trí
bộ phim mới được nhiều người quan tâm trong các dự án mới.,Giải trí
concert đang phát triển mạnh trong các công ty lớn.,Giải trí
video viral được thảo luận rộng rãi tại nhiều quốc gia.,Giải trí
video viral đang được nghiên cứu tại Việt Nam.,Giải trí
bộ phim mới được áp dụng rộng rãi trong ngành công nghiệp.,Giải trí
album âm nhạc được thảo luận rộng rãi trên toàn thế giới.,Giải trí
bộ phim mới đang được nghiên cứu trong cộng đồng.,Giải trí
concert đang thay đổi thị trường trong các dự án mới.,Giải trí
concert được áp dụng rộng rãi tại Việt Nam.,Giải trí
show truyền hình đang thay đổi thị trường trong các công ty lớn.,Giải trí
người nổi tiếng mang lại nhiều cơ hội trong các dự án mới.,Giải trí
bộ phim mới được thảo luận rộng rãi trong cộng đồng.,Giải trí
diễn viên đang thay đổi thị trường trong các tổ chức.,Giải trí
lễ trao giải được nhiều người quan tâm trong cộng đồng.,Giải trí
ngôi sao điện ảnh đang trở thành xu hướng trên toàn thế giới.,Giải trí
ca sĩ nổi tiếng đang thay đổi thị trường trong cộng đồng.,Giải trí
bộ phim mới mang lại nhiều cơ hội trong các dự án mới.,Giải trí
bộ phim mới đang phát triển mạnh trong ngành công nghiệp.,Giải trí
concert đang phát triển mạnh trong nhiều doanh nghiệp.,Giải trí
video viral đang thay đổi thị trường trong các dự án mới.,Giải trí
album âm nhạc được nhiều người quan tâm trong nhiều doanh nghiệp.,Giải trí
concert được áp dụng rộng rãi trong các dự án mới.,Giải trí
người nổi tiếng được áp dụng rộng rãi tại Việt Nam.,Giải trí
người nổi tiếng thu hút nhiều sự chú ý trong các tổ chức.,Giải trí
lễ trao giải đang thay đổi thị trường trong các dự án mới.,Giải trí
bộ phim mới đang thay đổi thị trường trong cộng đồng.,Giải trí
ca sĩ nổi tiếng tạo ra nhiều ảnh hưởng trong các tổ chức.,Giải trí
album âm nhạc đang trở thành xu hướng tại nhiều quốc gia.,Giải trí
show truyền hình được thảo luận rộng rãi trong các công ty lớn.,Giải trí
ca sĩ nổi tiếng tạo ra nhiều ảnh hưởng trong các dự án mới.,Giải trí
ngôi sao điện ảnh đang được nghiên cứu trên mạng xã hội.,Giải trí
concert được áp dụng rộng rãi trong các công ty lớn.,Giải trí
ca sĩ nổi tiếng thu hút nhiều sự chú ý trong cộng đồng.,Giải trí
album âm nhạc được nhiều người quan tâm trên mạng xã hội.,Giải trí
album âm nhạc được thảo luận rộng rãi trong cộng đồng.,Giải trí
ngôi sao điện ảnh thu hút nhiều sự chú ý trong ngành công nghiệp.,Giải trí
ca sĩ nổi tiếng thu hút nhiều sự chú ý trên toàn thế giới.,Giải trí
concert tạo ra nhiều ảnh hưởng trong ngành công nghiệp.,Giải trí
diễn viên tạo ra nhiều ảnh hưởng tại Việt Nam.,Giải trí
ca sĩ nổi tiếng được thảo luận rộng rãi trong các tổ chức.,Giải trí
ngôi sao điện ảnh đang được nghiên cứu trong các tổ chức.,Giải trí
show truyền hình được nhiều người quan tâm trong cộng đồng.,Giải trí
concert được thảo luận rộng rãi tại Việt Nam.,Giải trí
người nổi tiếng được thảo luận rộng rãi trên toàn thế giới.,Giải trí
ca sĩ nổi tiếng đang phát triển mạnh trong cộng đồng.,Giải trí
concert mang lại nhiều cơ hội trong các công ty lớn.,Giải trí
video viral thu hút nhiều sự chú ý trong các tổ chức.,Giải trí
show truyền hình mang lại nhiều cơ hội tại Việt Nam.,Giải trí
lễ trao giải đang trở thành xu hướng tại Việt Nam.,Giải trí
album âm nhạc đang thay đổi thị trường trong ngành công nghiệp.,Giải trí
lễ trao giải đang thay đổi thị trường trên toàn thế giới.,Giải trí
concert được áp dụng rộng rãi trong các tổ chức.,Giải trí
album âm nhạc được nhiều người quan tâm trong cộng đồng.,Giải trí
concert đang phát triển mạnh trên toàn thế giới.,Giải trí
album âm nhạc đang phát triển mạnh trong các dự án mới.,Giải trí
video viral đang được nghiên cứu trong cộng đồng.,Giải trí
người nổi tiếng đang phát triển mạnh trong các dự án mới.,Giải trí
ngôi sao điện ảnh được thảo luận rộng rãi trong nhiều doanh nghiệp.,Giải trí
ngôi sao điện ảnh đang thay đổi thị trường trong các dự án mới.,Giải trí
ngôi sao điện ảnh đang phát triển mạnh trong cộng đồng.,Giải trí
bộ phim mới đang phát triển mạnh trong cộng đồng.,Giải trí
diễn viên được thảo luận rộng rãi tại Việt Nam.,Giải trí
concert đang phát triển mạnh trên mạng xã hội.,Giải trí
ca sĩ nổi tiếng đang thay đổi thị trường trong ngành công nghiệp.,Giải trí
diễn viên thu hút nhiều sự chú ý tại nhiều quốc gia.,Giải trí
lễ trao giải tạo ra nhiều ảnh hưởng tại nhiều quốc gia.,Giải trí
diễn viên đang được nghiên cứu trên toàn thế giới.,Giải trí
lễ trao giải mang lại nhiều cơ hội trong các dự án mới.,Giải trí
concert đang được nghiên cứu tại nhiều quốc gia.,Giải trí
show truyền hình đang phát triển mạnh trên mạng xã hội.,Giải trí
người nổi tiếng đang trở thành xu hướng trong các tổ chức.,Giải trí
video viral được nhiều người quan tâm trên toàn thế giới.,Giải trí
show truyền hình tạo ra nhiều ảnh hưởng trên toàn thế giới.,Giải trí
concert đang thay đổi thị trường trên toàn thế giới.,Giải trí
ngôi sao điện ảnh thu hút nhiều sự chú ý tại Việt Nam.,Giải trí
bộ phim mới được thảo luận rộng rãi trong các tổ chức.,Giải trí
show truyền hình đang trở thành xu hướng trên toàn thế giới.,Giải trí
diễn viên mang lại nhiều cơ hội trong nhiều doanh nghiệp.,Giải trí
bộ phim mới được thảo luận rộng rãi tại nhiều quốc gia.,Giải trí
bộ phim mới được áp dụng rộng rãi trong nhiều doanh nghiệp.,Giải trí
album âm nhạc mang lại nhiều cơ hội tại Việt Nam.,Giải trí
concert được thảo luận rộng rãi trong nhiều doanh nghiệp.,Giải trí
ngôi sao điện ảnh được áp dụng rộng rãi trong cộng đồng.,Giải trí
ngôi sao điện ảnh được áp dụng rộng rãi trong nhiều doanh nghiệp.,Giải trí
diễn viên mang lại nhiều cơ hội tại nhiều quốc gia.,Giải trí
người nổi tiếng thu hút nhiều sự chú ý trong các công ty lớn.,Giải trí
video viral được áp dụng rộng rãi trong các công ty lớn.,Giải trí
người nổi tiếng được thảo luận rộng rãi tại Việt Nam.,Giải trí
lễ trao giải đang thay đổi thị trường trên mạng xã hội.,Giải trí
ca sĩ nổi tiếng đang thay đổi thị trường trong nhiều doanh nghiệp.,Giải trí
bộ phim mới đang thay đổi thị trường tại Việt Nam.,Giải trí
show truyền hình đang thay đổi thị trường trong cộng đồng.,Giải trí
concert mang lại nhiều cơ hội trong các dự án mới.,Giải trí
show truyền hình được thảo luận rộng rãi trong nhiều doanh nghiệp.,Giải trí
concert mang lại nhiều cơ hội trên mạng xã hội.,Giải trí
người nổi tiếng mang lại nhiều cơ hội trên toàn thế giới.,Giải trí
lễ trao giải đang thay đổi thị trường tại nhiều quốc gia.,Giải trí
video viral mang lại nhiều cơ hội trong nhiều doanh nghiệp.,Giải trí
ngôi sao điện ảnh được áp dụng rộng rãi tại Việt Nam.,Giải trí
ca sĩ nổi tiếng đang thay đổi thị trường trên toàn thế giới.,Giải trí
bộ phim mới được thảo luận rộng rãi trên mạng xã hội.,Giải trí
ca sĩ nổi tiếng được áp dụng rộng rãi trên toàn thế giới.,Giải trí
concert tạo ra nhiều ảnh hưởng tại nhiều quốc gia.,Giải trí
ca sĩ nổi tiếng thu hút nhiều sự chú ý trong các tổ chức.,Giải trí
ca sĩ nổi tiếng tạo ra nhiều ảnh hưởng trên toàn thế giới.,Giải trí
ngôi sao điện ảnh thu hút nhiều sự chú ý tại nhiều quốc gia.,Giải trí
diễn viên đang phát triển mạnh trên mạng xã hội.,Giải trí
người nổi tiếng được thảo luận rộng rãi trên mạng xã hội.,Giải trí
diễn viên đang thay đổi thị trường trong cộng đồng.,Giải trí
video viral được thảo luận rộng rãi trên mạng xã hội.,Giải trí
show truyền hình thu hút nhiều sự chú ý trong các tổ chức.,Giải trí
video viral đang thay đổi thị trường trên toàn thế giới.,Giải trí
ca sĩ nổi tiếng được áp dụng rộng rãi trong ngành công nghiệp.,Giải trí
diễn viên được áp dụng rộng rãi trong cộng đồng.,Giải trí
ca sĩ nổi tiếng đang thay đổi thị trường tại Việt Nam.,Giải trí
ca sĩ nổi tiếng đang được nghiên cứu trong nhiều doanh nghiệp.,Giải trí
album âm nhạc đang phát triển mạnh tại Việt Nam.,Giải trí
video viral đang phát triển mạnh trong các công ty lớn.,Giải trí
diễn viên đang được nghiên cứu trong các tổ chức.,Giải trí
ngôi sao điện ảnh đang trở thành xu hướng trong ngành công nghiệp.,Giải trí
bộ phim mới đang phát triển mạnh trong các công ty lớn.,Giải trí
album âm nhạc đang được nghiên cứu trong các tổ chức.,Giải trí
video viral được thảo luận rộng rãi trong nhiều doanh nghiệp.,Giải trí
bộ phim mới được áp dụng rộng rãi trong các công ty lớn.,Giải trí
concert thu hút nhiều sự chú ý trong các tổ chức.,Giải trí
concert đang được nghiên cứu tại Việt Nam.,Giải trí
album âm nhạc đang được nghiên cứu tại nhiều quốc gia.,Giải trí
diễn viên thu hút nhiều sự chú ý tại Việt Nam.,Giải trí
video viral được áp dụng rộng rãi trong nhiều doanh nghiệp.,Giải trí
người nổi tiếng được nhiều người quan tâm trong các dự án mới.,Giải trí
show truyền hình được áp dụng rộng rãi trong các công ty lớn.,Giải trí
show truyền hình được áp dụng rộng rãi trên toàn thế giới.,Giải trí
lễ trao giải đang được nghiên cứu tại nhiều quốc gia.,Giải trí
video viral đang được nghiên cứu trong các công ty lớn.,Giải trí
lễ trao giải tạo ra nhiều ảnh hưởng trong các tổ chức.,Giải trí
ca sĩ nổi tiếng đang trở thành xu hướng trên toàn thế giới.,Giải trí
show truyền hình đang trở thành xu hướng trong nhiều doanh nghiệp.,Giải trí
diễn viên đang được nghiên cứu trong các công ty lớn.,Giải trí
bộ phim mới tạo ra nhiều ảnh hưởng trên mạng xã hội.,Giải trí
album âm nhạc được nhiều người quan tâm trong các tổ chức.,Giải trí
album âm nhạc được nhiều người quan tâm tại Việt Nam.,Giải trí
bộ phim mới mang lại nhiều cơ hội trong ngành công nghiệp.,Giải trí
lễ trao giải thu hút nhiều sự chú ý trên toàn thế giới.,Giải trí
người nổi tiếng đang thay đổi thị trường tại Việt Nam.,Giải trí
concert được nhiều người quan tâm tại Việt Nam.,Giải trí
video viral đang được nghiên cứu trên toàn thế giới.,Giải trí
ca sĩ nổi tiếng đang trở thành xu hướng trong nhiều doanh nghiệp.,Giải trí
diễn viên tạo ra nhiều ảnh hưởng trong các dự án mới.,Giải trí
video viral được nhiều người quan tâm trong các tổ chức.,Giải trí
ca sĩ nổi tiếng được nhiều người quan tâm trong cộng đồng.,Giải trí
ngôi sao điện ảnh đang trở thành xu hướng trong cộng đồng.,Giải trí
bộ phim mới đang được nghiên cứu trong các công ty lớn.,Giải trí
lễ trao giải được thảo luận rộng rãi trong các tổ chức.,Giải trí
lễ trao giải được áp dụng rộng rãi tại nhiều quốc gia.,Giải trí
show truyền hình được nhiều người quan tâm tại Việt Nam.,Giải trí
lễ trao giải đang thay đổi thị trường trong các tổ chức.,Giải trí
ngôi sao điện ảnh đang thay đổi thị trường trong ngành công nghiệp.,Giải trí
lễ trao giải được nhiều người quan tâm trong các dự án mới.,Giải trí
ca sĩ nổi tiếng được áp dụng rộng rãi tại nhiều quốc gia.,Giải trí
ca sĩ nổi tiếng đang được nghiên cứu tại Việt Nam.,Giải trí
album âm nhạc mang lại nhiều cơ hội trong nhiều doanh nghiệp.,Giải trí
concert đang được nghiên cứu trên toàn thế giới.,Giải trí
diễn viên đang thay đổi thị trường trên toàn thế giới.,Giải trí
concert đang trở thành xu hướng trong cộng đồng.,Giải trí
diễn viên đang phát triển mạnh trong nhiều doanh nghiệp.,Giải trí
ca sĩ nổi tiếng đang được nghiên cứu trong các dự án mới.,Giải trí
show truyền hình thu hút nhiều sự chú ý trên mạng xã hội.,Giải trí
ngôi sao điện ảnh đang phát triển mạnh trong các công ty lớn.,Giải trí
album âm nhạc mang lại nhiều cơ hội trên mạng xã hội.,Giải trí
show truyền hình mang lại nhiều cơ hội trong các công ty lớn.,Giải trí
show truyền hình đang được nghiên cứu trên mạng xã hội.,Giải trí
bộ phim mới tạo ra nhiều ảnh hưởng trong các công ty lớn.,Giải trí
ngôi sao điện ảnh đang được nghiên cứu trong ngành công nghiệp.,Giải trí
video viral đang trở thành xu hướng trên mạng xã hội.,Giải trí
lễ trao giải đang trở thành xu hướng trong các tổ chức.,Giải trí
bộ phim mới mang lại nhiều cơ hội trên mạng xã hội.,Giải trí
ngôi sao điện ảnh thu hút nhiều sự chú ý trên mạng xã hội.,Giải trí
video viral đang thay đổi thị trường trên mạng xã hội.,Giải trí
concert đang thay đổi thị trường trên mạng xã hội.,Giải trí
album âm nhạc được áp dụng rộng rãi tại Việt Nam.,Giải trí
concert đang được nghiên cứu trên mạng xã hội.,Giải trí
video viral được thảo luận rộng rãi trên toàn thế giới.,Giải trí
ngôi sao điện ảnh đang phát triển mạnh trong nhiều doanh nghiệp.,Giải trí
ca sĩ nổi tiếng thu hút nhiều sự chú ý trong các dự án mới.,Giải trí
người nổi tiếng được áp dụng rộng rãi trong ngành công nghiệp.,Giải trí
lễ trao giải đang thay đổi thị trường trong cộng đồng.,Giải trí
bộ phim mới được thảo luận rộng rãi trong ngành công nghiệp.,Giải trí
ngôi sao điện ảnh đang được nghiên cứu tại Việt Nam.,Giải trí
ca sĩ nổi tiếng đang được nghiên cứu tại nhiều quốc gia.,Giải trí
ca sĩ nổi tiếng đang phát triển mạnh trong các dự án mới.,Giải trí
bộ phim mới được nhiều người quan tâm trên toàn thế giới.,Giải trí
người nổi tiếng được áp dụng rộng rãi tại nhiều quốc gia.,Giải trí
video viral tạo ra nhiều ảnh hưởng tại Việt Nam.,Giải trí
diễn viên đang được nghiên cứu trong cộng đồng.,Giải trí
ca sĩ nổi tiếng thu hút nhiều sự chú ý trên mạng xã hội.,Giải trí
người nổi tiếng tạo ra nhiều ảnh hưởng trong ngành công nghiệp.,Giải trí
show truyền hình đang trở thành xu hướng trong ngành công nghiệp.,Giải trí
ngôi sao điện ảnh đang thay đổi thị trường trong các công ty lớn.,Giải trí
video viral đang trở thành xu hướng trong nhiều doanh nghiệp.,Giải trí
album âm nhạc được nhiều người quan tâm trong ngành công nghiệp.,Giải trí
album âm nhạc thu hút nhiều sự chú ý tại Việt Nam.,Giải trí
diễn viên được thảo luận rộng rãi trên toàn thế giới.,Giải trí
album âm nhạc đang được nghiên cứu trong các công ty lớn.,Giải trí
video viral đang thay đổi thị trường trong nhiều doanh nghiệp.,Giải trí
concert đang được nghiên cứu trong ngành công nghiệp.,Giải trí
diễn viên thu hút nhiều sự chú ý trên toàn thế giới.,Giải trí
diễn viên tạo ra nhiều ảnh hưởng trong các tổ chức.,Giải trí
show truyền hình đang được nghiên cứu trong ngành công nghiệp.,Giải trí
bộ phim mới thu hút nhiều sự chú ý trong các tổ chức.,Giải trí
ca sĩ nổi tiếng đang phát triển mạnh trong nhiều doanh nghiệp.,Giải trí
diễn viên thu hút nhiều sự chú ý trong cộng đồng.,Giải trí
ngôi sao điện ảnh mang lại nhiều cơ hội trong các dự án mới.,Giải trí
video viral đang phát triển mạnh trong các dự án mới.,Giải trí
concert được nhiều người quan tâm trong cộng đồng.,Giải trí
diễn viên được nhiều người quan tâm trên toàn thế giới.,Giải trí
lễ trao giải đang được nghiên cứu trong ngành công nghiệp.,Giải trí
concert đang được nghiên cứu trong các dự án mới.,Giải trí
concert mang lại nhiều cơ hội trong ngành công nghiệp.,Giải trí
ngôi sao điện ảnh được áp dụng rộng rãi tại nhiều quốc gia.,Giải trí
video viral đang phát triển mạnh trên mạng xã hội.,Giải trí
lễ trao giải thu hút nhiều sự chú ý trong nhiều doanh nghiệp.,Giải trí
album âm nhạc tạo ra nhiều ảnh hưởng trong các tổ chức.,Giải trí
ngôi sao điện ảnh thu hút nhiều sự chú ý trong các dự án mới.,Giải trí
bộ phim mới thu hút nhiều sự chú ý trong cộng đồng.,Giải trí
video viral được nhiều người quan tâm tại nhiều quốc gia.,Giải trí
bộ phim mới đang trở thành xu hướng tại Việt Nam.,Giải trí
ngôi sao điện ảnh thu hút nhiều sự chú ý trong các công ty lớn.,Giải trí
bộ phim mới mang lại nhiều cơ hội trong các tổ chức.,Giải trí
người nổi tiếng được thảo luận rộng rãi trong ngành công nghiệp.,Giải trí
lễ trao giải được thảo luận rộng rãi trong cộng đồng.,Giải trí
diễn viên được áp dụng rộng rãi trong các dự án mới.,Giải trí
lễ trao giải đang được nghiên cứu trên mạng xã hội.,Giải trí
concert tạo ra nhiều ảnh hưởng trên toàn thế giới.,Giải trí
người nổi tiếng được áp dụng rộng rãi trong các dự án mới.,Giải trí
concert được thảo luận rộng rãi trên toàn thế giới.,Giải trí
concert đang trở thành xu hướng trong các công ty lớn.,Giải trí
concert đang thay đổi thị trường trong các công ty lớn.,Giải trí
show truyền hình được thảo luận rộng rãi trong ngành công nghiệp.,Giải trí
video viral đang thay đổi thị trường trong cộng đồng.,Giải trí
show truyền hình đang phát triển mạnh trong các dự án mới.,Giải trí
concert được thảo luận rộng rãi trong các tổ chức.,Giải trí
diễn viên được nhiều người quan tâm tại nhiều quốc gia.,Giải trí
video viral mang lại nhiều cơ hội trên toàn thế giới.,Giải trí
lễ trao giải đang phát triển mạnh trong cộng đồng.,Giải trí
người nổi tiếng đang trở thành xu hướng trong ngành công nghiệp.,Giải trí
lễ trao giải đang trở thành xu hướng trong cộng đồng.,Giải trí
diễn viên đang được nghiên cứu tại nhiều quốc gia.,Giải trí
show truyền hình đang thay đổi thị trường trong các tổ chức.,Giải trí
video viral được nhiều người quan tâm trên mạng xã hội.,Giải trí
bộ phim mới đang thay đổi thị trường trên toàn thế giới.,Giải trí
ca sĩ nổi tiếng được thảo luận rộng rãi trên toàn thế giới.,Giải trí
lễ trao giải được nhiều người quan tâm tại nhiều quốc gia.,Giải trí
diễn viên được nhiều người quan tâm trong cộng đồng.,Giải trí
người nổi tiếng được nhiều người quan tâm trong nhiều doanh nghiệp.,Giải trí
ngôi sao điện ảnh tạo ra nhiều ảnh hưởng trong các tổ chức.,Giải trí
bộ phim mới được thảo luận rộng rãi trên toàn thế giới.,Giải trí
video viral đang trở thành xu hướng trong ngành công nghiệp.,Giải trí
người nổi tiếng được nhiều người quan tâm trên mạng xã hội.,Giải trí
ngôi sao điện ảnh thu hút nhiều sự chú ý trong các tổ chức.,Giải trí
lễ trao giải được áp dụng rộng rãi trên toàn thế giới.,Giải trí
ngôi sao điện ảnh được nhiều người quan tâm trong các tổ chức.,Giải trí
album âm nhạc đang thay đổi thị trường trên mạng xã hội.,Giải trí
album âm nhạc tạo ra nhiều ảnh hưởng trên mạng xã hội.,Giải trí
diễn viên đang trở thành xu hướng tại nhiều quốc gia.,Giải trí
người nổi tiếng được thảo luận rộng rãi trong nhiều doanh nghiệp.,Giải trí
bộ phim mới đang được nghiên cứu tại nhiều quốc gia.,Giải trí
lễ trao giải được áp dụng rộng rãi trên mạng xã hội.,Giải trí
diễn viên đang phát triển mạnh tại Việt Nam.,Giải trí
người nổi tiếng đang thay đổi thị trường trên toàn thế giới.,Giải trí
album âm nhạc được thảo luận rộng rãi trong nhiều doanh nghiệp.,Giải trí
ngôi sao điện ảnh tạo ra nhiều ảnh hưởng tại Việt Nam.,Giải trí
video viral được thảo luận rộng rãi trong ngành công nghiệp.,Giải trí
ngôi sao điện ảnh đang trở thành xu hướng trong các tổ chức.,Giải trí
concert được áp dụng rộng rãi trong cộng đồng.,Giải trí
ngôi sao điện ảnh tạo ra nhiều ảnh hưởng trong nhiều doanh nghiệp.,Giải trí
ngôi sao điện ảnh mang lại nhiều cơ hội trong các tổ chức.,Giải trí
bộ phim mới đang phát triển mạnh trên toàn thế giới.,Giải trí
ca sĩ nổi tiếng được áp dụng rộng rãi trên mạng xã hội.,Giải trí
ngôi sao điện ảnh được thảo luận rộng rãi trong cộng đồng.,Giải trí
ca sĩ nổi tiếng thu hút nhiều sự chú ý trong nhiều doanh nghiệp.,Giải trí
show truyền hình được áp dụng rộng rãi tại Việt Nam.,Giải trí
concert đang trở thành xu hướng trong các dự án mới.,Giải trí
show truyền hình đang phát triển mạnh tại nhiều quốc gia.,Giải trí
concert thu hút nhiều sự chú ý tại Việt Nam.,Giải trí
concert được nhiều người quan tâm trong ngành công nghiệp.,Giải trí
album âm nhạc đang trở thành xu hướng trong các công ty lớn.,Giải trí
video viral mang lại nhiều cơ hội tại nhiều quốc gia.,Giải trí
lễ trao giải đang thay đổi thị trường tại Việt Nam.,Giải trí
ngôi sao điện ảnh được nhiều người quan tâm trong các dự án mới.,Giải trí
concert đang được nghiên cứu trong các công ty lớn.,Giải trí
video viral đang trở thành xu hướng trên toàn thế giới.,Giải trí
ngôi sao điện ảnh đang được nghiên cứu trong các dự án mới.,Giải trí
concert được nhiều người quan tâm trên toàn thế giới.,Giải trí
người nổi tiếng thu hút nhiều sự chú ý trên toàn thế giới.,Giải trí
bộ phim mới mang lại nhiều cơ hội tại nhiều quốc gia.,Giải trí
ngôi sao điện ảnh mang lại nhiều cơ hội tại nhiều quốc gia.,Giải trí
album âm nhạc tạo ra nhiều ảnh hưởng tại Việt Nam.,Giải trí
album âm nhạc được áp dụng rộng rãi trong cộng đồng.,Giải trí
bộ phim mới được áp dụng rộng rãi tại nhiều quốc gia.,Giải trí
ca sĩ nổi tiếng đang trở thành xu hướng tại Việt Nam.,Giải trí
diễn viên mang lại nhiều cơ hội trong ngành công nghiệp.,Giải trí
video viral đang phát triển mạnh trong ngành công nghiệp.,Giải trí
người nổi tiếng được thảo luận rộng rãi trong các dự án mới.,Giải trí
ca sĩ nổi tiếng tạo ra nhiều ảnh hưởng trong các công ty lớn.,Giải trí
show truyền hình được thảo luận rộng rãi trên mạng xã hội.,Giải trí
ca sĩ nổi tiếng thu hút nhiều sự chú ý tại Việt Nam.,Giải trí
ca sĩ nổi tiếng thu hút nhiều sự chú ý trong các công ty lớn.,Giải trí
bộ phim mới mang lại nhiều cơ hội tại Việt Nam.,Giải trí
bộ phim mới đang phát triển mạnh trên mạng xã hội.,Giải trí
ngôi sao điện ảnh mang lại nhiều cơ hội trên mạng xã hội.,Giải trí
bộ phim mới đang phát triển mạnh tại Việt Nam.,Giải trí
lễ trao giải đang được nghiên cứu trên toàn thế giới.,Giải trí
concert thu hút nhiều sự chú ý trong các dự án mới.,Giải trí
diễn viên được áp dụng rộng rãi trong ngành công nghiệp.,Giải trí
bộ phim mới được thảo luận rộng rãi tại Việt Nam.,Giải trí
ca sĩ nổi tiếng đang được nghiên cứu trên toàn thế giới.,Giải trí
diễn viên tạo ra nhiều ảnh hưởng trong cộng đồng.,Giải trí
album âm nhạc được nhiều người quan tâm trong các dự án mới.,Giải trí
album âm nhạc đang thay đổi thị trường trong các dự án mới.,Giải trí
video viral thu hút nhiều sự chú ý trong ngành công nghiệp.,Giải trí
album âm nhạc đang phát triển mạnh trên toàn thế giới.,Giải trí
lễ trao giải được nhiều người quan tâm tại Việt Nam.,Giải trí
bộ phim mới đang thay đổi thị trường trong các dự án mới.,Giải trí
concert thu hút nhiều sự chú ý trong ngành công nghiệp.,Giải trí
ca sĩ nổi tiếng mang lại nhiều cơ hội trong ngành công nghiệp.,Giải trí
lễ trao giải mang lại nhiều cơ hội trong các tổ chức.,Giải trí
bộ phim mới đang được nghiên cứu trong các dự án mới.,Giải trí
diễn viên tạo ra nhiều ảnh hưởng trong nhiều doanh nghiệp.,Giải trí
diễn viên được thảo luận rộng rãi trong các công ty lớn.,Giải trí
ca sĩ nổi tiếng được thảo luận rộng rãi trong các công ty lớn.,Giải trí
concert đang phát triển mạnh tại Việt Nam.,Giải trí
concert đang trở thành xu hướng tại Việt Nam.,Giải trí
bộ phim mới được thảo luận rộng rãi trong nhiều doanh nghiệp.,Giải trí
diễn viên đang thay đổi thị trường tại Việt Nam.,Giải trí
show truyền hình đang được nghiên cứu trên toàn thế giới.,Giải trí
lễ trao giải đang phát triển mạnh tại Việt Nam.,Giải trí
show truyền hình đang được nghiên cứu trong cộng đồng.,Giải trí
người nổi tiếng thu hút nhiều sự chú ý trong ngành công nghiệp.,Giải trí
video viral mang lại nhiều cơ hội trên mạng xã hội.,Giải trí
người nổi tiếng tạo ra nhiều ảnh hưởng tại nhiều quốc gia.,Giải trí
show truyền hình được áp dụng rộng rãi tại nhiều quốc gia.,Giải trí
album âm nhạc đang thay đổi thị trường trên toàn thế giới.,Giải trí
ca sĩ nổi tiếng tạo ra nhiều ảnh hưởng trong cộng đồng.,Giải trí
video viral thu hút nhiều sự chú ý trong các dự án mới.,Giải trí
người nổi tiếng đang trở thành xu hướng trong các dự án mới.,Giải trí
ngôi sao điện ảnh được nhiều người quan tâm trong ngành công nghiệp.,Giải trí
lễ trao giải được thảo luận rộng rãi trong các dự án mới.,Giải trí
video viral mang lại nhiều cơ hội trong ngành công nghiệp.,Giải trí
lễ trao giải tạo ra nhiều ảnh hưởng trong cộng đồng.,Giải trí
show truyền hình thu hút nhiều sự chú ý trong các công ty lớn.,Giải trí
album âm nhạc đang trở thành xu hướng trong các tổ chức.,Giải trí
lễ trao giải tạo ra nhiều ảnh hưởng trong nhiều doanh nghiệp.,Giải trí
lễ trao giải thu hút nhiều sự chú ý trong ngành công nghiệp.,Giải trí
concert thu hút nhiều sự chú ý trong các công ty lớn.,Giải trí
concert tạo ra nhiều ảnh hưởng trên mạng xã hội.,Giải trí
concert mang lại nhiều cơ hội tại nhiều quốc gia.,Giải trí
lễ trao giải đang trở thành xu hướng trong các dự án mới.,Giải trí
lễ trao giải được nhiều người quan tâm trên toàn thế giới.,Giải trí
diễn viên đang được nghiên cứu trong nhiều doanh nghiệp.,Giải trí
lễ trao giải đang được nghiên cứu trong các dự án mới.,Giải trí
concert được nhiều người quan tâm trong nhiều doanh nghiệp.,Giải trí
album âm nhạc đang được nghiên cứu trong các dự án mới.,Giải trí
người nổi tiếng đang được nghiên cứu trong nhiều doanh nghiệp.,Giải trí
show truyền hình đang được nghiên cứu trong các công ty lớn.,Giải trí
diễn viên được thảo luận rộng rãi tại nhiều quốc gia.,Giải trí
ca sĩ nổi tiếng tạo ra nhiều ảnh hưởng tại Việt Nam.,Giải trí
người nổi tiếng được nhiều người quan tâm trong các công ty lớn.,Giải trí
ca sĩ nổi tiếng tạo ra nhiều ảnh hưởng trên mạng xã hội.,Giải trí
lễ trao giải mang lại nhiều cơ hội trong cộng đồng.,Giải trí
show truyền hình được thảo luận rộng rãi trên toàn thế giới.,Giải trí
ca sĩ nổi tiếng đang thay đổi thị trường trong các dự án mới.,Giải trí
show truyền hình mang lại nhiều cơ hội trong ngành công nghiệp.,Giải trí
người nổi tiếng tạo ra nhiều ảnh hưởng trong cộng đồng.,Giải trí
album âm nhạc thu hút nhiều sự chú ý trên toàn thế giới.,Giải trí
ca sĩ nổi tiếng được nhiều người quan tâm tại nhiều quốc gia.,Giải trí
lễ trao giải được thảo luận rộng rãi trong nhiều doanh nghiệp.,Giải trí
lễ trao giải được nhiều người quan tâm trong các tổ chức.,Giải trí
show truyền hình được nhiều người quan tâm trong các dự án mới.,Giải trí
album âm nhạc được thảo luận rộng rãi trong các tổ chức.,Giải trí
show truyền hình được nhiều người quan tâm tại nhiều quốc gia.,Giải trí
ca sĩ nổi tiếng đang trở thành xu hướng tại nhiều quốc gia.,Giải trí
người nổi tiếng đang được nghiên cứu trong các dự án mới.,Giải trí
ca sĩ nổi tiếng tạo ra nhiều ảnh hưởng tại nhiều quốc gia.,Giải trí
album âm nhạc được áp dụng rộng rãi trên toàn thế giới.,Giải trí
bộ phim mới được áp dụng rộng rãi trong các tổ chức.,Giải trí
show truyền hình đang phát triển mạnh tại Việt Nam.,Giải trí
album âm nhạc đang thay đổi thị trường trong cộng đồng.,Giải trí
concert được nhiều người quan tâm trên mạng xã hội.,Giải trí
người nổi tiếng tạo ra nhiều ảnh hưởng trong các dự án mới.,Giải trí
bộ phim mới đang được nghiên cứu tại Việt Nam.,Giải trí
ca sĩ nổi tiếng thu hút nhiều sự chú ý tại nhiều quốc gia.,Giải trí
ngôi sao điện ảnh tạo ra nhiều ảnh hưởng trong các dự án mới.,Giải trí
diễn viên đang trở thành xu hướng trên mạng xã hội.,Giải trí
ngôi sao điện ảnh được thảo luận rộng rãi trong các tổ chức.,Giải trí
concert tạo ra nhiều ảnh hưởng trong cộng đồng.,Giải trí
show truyền hình đang trở thành xu hướng trên mạng xã hội.,Giải trí
show truyền hình đang phát triển mạnh trong các công ty lớn.,Giải trí
album âm nhạc được áp dụng rộng rãi trên mạng xã hội.,Giải trí
bộ phim mới đang thay đổi thị trường trong ngành công nghiệp.,Giải trí
video viral đang thay đổi thị trường trong ngành công nghiệp.,Giải trí
video viral tạo ra nhiều ảnh hưởng trên mạng xã hội.,Giải trí
bộ phim mới được áp dụng rộng rãi tại Việt Nam.,Giải trí
album âm nhạc thu hút nhiều sự chú ý tại nhiều quốc gia.,Giải trí
lễ trao giải tạo ra nhiều ảnh hưởng trong ngành công nghiệp.,Giải trí
video viral được áp dụng rộng rãi tại Việt Nam.,Giải trí
ca sĩ nổi tiếng được thảo luận rộng rãi trong nhiều doanh nghiệp.,Giải trí
lễ trao giải mang lại nhiều cơ hội trong ngành công nghiệp.,Giải trí
ca sĩ nổi tiếng mang lại nhiều cơ hội trong nhiều doanh nghiệp.,Giải trí
show truyền hình tạo ra nhiều ảnh hưởng tại Việt Nam.,Giải trí
bộ phim mới đang phát triển mạnh trong các tổ chức.,Giải trí
lễ trao giải đang trở thành xu hướng tại nhiều quốc gia.,Giải trí
diễn viên đang trở thành xu hướng trong các tổ chức.,Giải trí
concert đang thay đổi thị trường trong các tổ chức.,Giải trí
video viral đang trở thành xu hướng tại nhiều quốc gia.,Giải trí
diễn viên được nhiều người quan tâm trong các công ty lớn.,Giải trí
ngôi sao điện ảnh được thảo luận rộng rãi tại Việt Nam.,Giải trí
bộ phim mới đang thay đổi thị trường tại nhiều quốc gia.,Giải trí
ca sĩ nổi tiếng đang thay đổi thị trường tại nhiều quốc gia.,Giải trí
ca sĩ nổi tiếng được thảo luận rộng rãi trong ngành công nghiệp.,Giải trí
show truyền hình được áp dụng rộng rãi trong các tổ chức.,Giải trí
ca sĩ nổi tiếng đang phát triển mạnh trong ngành công nghiệp.,Giải trí
diễn viên được áp dụng rộng rãi tại Việt Nam.,Giải trí
ca sĩ nổi tiếng đang trở thành xu hướng trong các công ty lớn.,Giải trí
bộ phim mới tạo ra nhiều ảnh hưởng tại nhiều quốc gia.,Giải trí
diễn viên đang trở thành xu hướng trên toàn thế giới.,Giải trí
video viral tạo ra nhiều ảnh hưởng trong các công ty lớn.,Giải trí
ca sĩ nổi tiếng được nhiều người quan tâm trong các tổ chức.,Giải trí
concert mang lại nhiều cơ hội trong các tổ chức.,Giải trí
ca sĩ nổi tiếng mang lại nhiều cơ hội trên mạng xã hội.,Giải trí
ngôi sao điện ảnh đang thay đổi thị trường trong các tổ chức.,Giải trí
diễn viên được áp dụng rộng rãi trong các tổ chức.,Giải trí
album âm nhạc được áp dụng rộng rãi trong các công ty lớn.,Giải trí
ca sĩ nổi tiếng mang lại nhiều cơ hội tại nhiều quốc gia.,Giải trí
lễ trao giải đang được nghiên cứu trong các công ty lớn.,Giải trí
ca sĩ nổi tiếng được áp dụng rộng rãi trong nhiều doanh nghiệp.,Giải trí
bộ phim mới được nhiều người quan tâm tại nhiều quốc gia.,Giải trí
lễ trao giải đang trở thành xu hướng trong các công ty lớn.,Giải trí
video viral mang lại nhiều cơ hội trong các tổ chức.,Giải trí
bộ phim mới tạo ra nhiều ảnh hưởng trong ngành công nghiệp.,Giải trí
ca sĩ nổi tiếng được nhiều người quan tâm trong các dự án mới.,Giải trí
diễn viên tạo ra nhiều ảnh hưởng tại nhiều quốc gia.,Giải trí
ca sĩ nổi tiếng thu hút nhiều sự chú ý trong ngành công nghiệp.,Giải trí
người nổi tiếng được thảo luận rộng rãi trong các tổ chức.,Giải trí
lễ trao giải được áp dụng rộng rãi trong cộng đồng.,Giải trí
lễ trao giải được thảo luận rộng rãi trên mạng xã hội.,Giải trí
diễn viên thu hút nhiều sự chú ý trong các tổ chức.,Giải trí
video viral được nhiều người quan tâm trong cộng đồng.,Giải trí
lễ trao giải đang trở thành xu hướng trong nhiều doanh nghiệp.,Giải trí
album âm nhạc tạo ra nhiều ảnh hưởng trên toàn thế giới.,Giải trí
người nổi tiếng đang được nghiên cứu tại Việt Nam.,Giải trí
ngôi sao điện ảnh được nhiều người quan tâm trong các công ty lớn.,Giải trí
show truyền hình đang thay đổi thị trường trên mạng xã hội.,Giải trí
bộ phim mới đang trở thành xu hướng trên toàn thế giới.,Giải trí
ngôi sao điện ảnh đang phát triển mạnh trên toàn thế giới.,Giải trí
lễ trao giải được nhiều người quan tâm trong ngành công nghiệp.,Giải trí
concert được thảo luận rộng rãi trong cộng đồng.,Giải trí
người nổi tiếng đang phát triển mạnh tại Việt Nam.,Giải trí
bộ phim mới tạo ra nhiều ảnh hưởng trên toàn thế giới.,Giải trí
show truyền hình được áp dụng rộng rãi trong nhiều doanh nghiệp.,Giải trí
video viral tạo ra nhiều ảnh hưởng trên toàn thế giới.,Giải trí
video viral đang phát triển mạnh trong các tổ chức.,Giải trí
concert thu hút nhiều sự chú ý tại nhiều quốc gia.,Giải trí
ngôi sao điện ảnh mang lại nhiều cơ hội trong nhiều doanh nghiệp.,Giải trí
lễ trao giải đang được nghiên cứu trong nhiều doanh nghiệp.,Giải trí
người nổi tiếng đang trở thành xu hướng trong nhiều doanh nghiệp.,Giải trí
video viral được thảo luận rộng rãi tại Việt Nam.,Giải trí
ngôi sao điện ảnh được áp dụng rộng rãi trong các dự án mới.,Giải trí
diễn viên được nhiều người quan tâm trong nhiều doanh nghiệp.,Giải trí
show truyền hình đang thay đổi thị trường trong nhiều doanh nghiệp.,Giải trí
người nổi tiếng được nhiều người quan tâm trong ngành công nghiệp.,Giải trí
lễ trao giải đang trở thành xu hướng trên mạng xã hội.,Giải trí
diễn viên đang trở thành xu hướng tại Việt Nam.,Giải trí
bộ phim mới đang được nghiên cứu trong nhiều doanh nghiệp.,Giải trí
lễ trao giải đang được nghiên cứu trong cộng đồng.,Giải trí
show truyền hình thu hút nhiều sự chú ý trên toàn thế giới.,Giải trí
video viral được áp dụng rộng rãi trên mạng xã hội.,Giải trí
album âm nhạc đang phát triển mạnh trên mạng xã hội.,Giải trí
lễ trao giải đang phát triển mạnh trong ngành công nghiệp.,Giải trí
lễ trao giải mang lại nhiều cơ hội trong các công ty lớn.,Giải trí
ca sĩ nổi tiếng được nhiều người quan tâm trong ngành công nghiệp.,Giải trí
người nổi tiếng thu hút nhiều sự chú ý tại nhiều quốc gia.,Giải trí
ngôi sao điện ảnh đang được nghiên cứu trong cộng đồng.,Giải trí
người nổi tiếng thu hút nhiều sự chú ý trong các dự án mới.,Giải trí
ngôi sao điện ảnh đang trở thành xu hướng tại nhiều quốc gia.,Giải trí
ca sĩ nổi tiếng tạo ra nhiều ảnh hưởng trong ngành công nghiệp.,Giải trí
album âm nhạc tạo ra nhiều ảnh hưởng trong ngành công nghiệp.,Giải trí
người nổi tiếng được nhiều người quan tâm tại nhiều quốc gia.,Giải trí
lễ trao giải đang được nghiên cứu tại Việt Nam.,Giải trí
lễ trao giải được thảo luận rộng rãi trong ngành công nghiệp.,Giải trí
bộ phim mới đang được nghiên cứu trên toàn thế giới.,Giải trí
album âm nhạc thu hút nhiều sự chú ý trong các dự án mới.,Giải trí
ca sĩ nổi tiếng được áp dụng rộng rãi trong cộng đồng.,Giải trí
diễn viên mang lại nhiều cơ hội trong các tổ chức.,Giải trí
concert mang lại nhiều cơ hội trong nhiều doanh nghiệp.,Giải trí
concert thu hút nhiều sự chú ý trên toàn thế giới.,Giải trí
diễn viên được áp dụng rộng rãi tại nhiều quốc gia.,Giải trí
ngôi sao điện ảnh mang lại nhiều cơ hội trong cộng đồng.,Giải trí
diễn viên mang lại nhiều cơ hội trong các công ty lớn.,Giải trí
album âm nhạc đang trở thành xu hướng trên toàn thế giới.,Giải trí
bộ phim mới được nhiều người quan tâm tại Việt Nam.,Giải trí
người nổi tiếng đang phát triển mạnh trên toàn thế giới.,Giải trí
show truyền hình đang được nghiên cứu trong các dự án mới.,Giải trí
concert được áp dụng rộng rãi tại nhiều quốc gia.,Giải trí
ca sĩ nổi tiếng được nhiều người quan tâm trong các công ty lớn.,Giải trí
concert được thảo luận rộng rãi trong các dự án mới.,Giải trí
show truyền hình tạo ra nhiều ảnh hưởng trong các tổ chức.,Giải trí
người nổi tiếng đang được nghiên cứu trong ngành công nghiệp.,Giải trí
diễn viên đang được nghiên cứu tại Việt Nam.,Giải trí
ca sĩ nổi tiếng được nhiều người quan tâm trong nhiều doanh nghiệp.,Giải trí
show truyền hình được nhiều người quan tâm trong các tổ chức.,Giải trí
bộ phim mới được nhiều người quan tâm trên mạng xã hội.,Giải trí
người nổi tiếng mang lại nhiều cơ hội trên mạng xã hội.,Giải trí
ngôi sao điện ảnh được nhiều người quan tâm trên toàn thế giới.,Giải trí
người nổi tiếng đang phát triển mạnh trong cộng đồng.,Giải trí
show truyền hình đang phát triển mạnh trong nhiều doanh nghiệp.,Giải trí
album âm nhạc đang được nghiên cứu trên toàn thế giới.,Giải trí
người nổi tiếng được áp dụng rộng rãi trong cộng đồng.,Giải trí
show truyền hình đang được nghiên cứu trong nhiều doanh nghiệp.,Giải trí
concert được áp dụng rộng rãi trên toàn thế giới.,Giải trí
album âm nhạc được nhiều người quan tâm trong các công ty lớn.,Giải trí
ca sĩ nổi tiếng mang lại nhiều cơ hội trong các tổ chức.,Giải trí
lễ trao giải đang trở thành xu hướng trong ngành công nghiệp.,Giải trí
diễn viên đang phát triển mạnh trong các dự án mới.,Giải trí
lễ trao giải mang lại nhiều cơ hội tại nhiều quốc gia.,Giải trí
video viral thu hút nhiều sự chú ý trên mạng xã hội.,Giải trí
người nổi tiếng được áp dụng rộng rãi trên mạng xã hội.,Giải trí
video viral đang trở thành xu hướng tại Việt Nam.,Giải trí
bộ phim mới đang được nghiên cứu trong ngành công nghiệp.,Giải trí
người nổi tiếng tạo ra nhiều ảnh hưởng trong các công ty lớn.,Giải trí
ngôi sao điện ảnh được áp dụng rộng rãi trong các tổ chức.,Giải trí
diễn viên đang phát triển mạnh trong cộng đồng.,Giải trí
show truyền hình tạo ra nhiều ảnh hưởng trong các dự án mới.,Giải trí
bộ phim mới được áp dụng rộng rãi trong các dự án mới.,Giải trí
video viral thu hút nhiều sự chú ý trong các công ty lớn.,Giải trí
ngôi sao điện ảnh tạo ra nhiều ảnh hưởng trên mạng xã hội.,Giải trí
show truyền hình mang lại nhiều cơ hội trong các tổ chức.,Giải trí
bộ phim mới đang trở thành xu hướng trong các công ty lớn.,Giải trí
ca sĩ nổi tiếng đang được nghiên cứu trên mạng xã hội.,Giải trí
ngôi sao điện ảnh thu hút nhiều sự chú ý trong cộng đồng.,Giải trí
lễ trao giải được nhiều người quan tâm trên mạng xã hội.,Giải trí
show truyền hình đang trở thành xu hướng tại Việt Nam.,Giải trí
người nổi tiếng được áp dụng rộng rãi trong các tổ chức.,Giải trí
lễ trao giải đang phát triển mạnh tại nhiều quốc gia.,Giải trí
diễn viên được nhiều người quan tâm trong các tổ chức.,Giải trí
người nổi tiếng mang lại nhiều cơ hội trong cộng đồng.,Giải trí
album âm nhạc đang thay đổi thị trường trong nhiều doanh nghiệp.,Giải trí
show truyền hình đang thay đổi thị trường trên toàn thế giới.,Giải trí
album âm nhạc được áp dụng rộng rãi trong các tổ chức.,Giải trí
ngôi sao điện ảnh thu hút nhiều sự chú ý trên toàn thế giới.,Giải trí
album âm nhạc đang được nghiên cứu tại Việt Nam.,Giải trí
diễn viên đang thay đổi thị trường trong các công ty lớn.,Giải trí
show truyền hình đang phát triển mạnh trong các tổ chức.,Giải trí
video viral đang được nghiên cứu trong các dự án mới.,Giải trí
concert tạo ra nhiều ảnh hưởng trong các dự án mới.,Giải trí
album âm nhạc đang phát triển mạnh trong các công ty lớn.,Giải trí
diễn viên được áp dụng rộng rãi trong nhiều doanh nghiệp.,Giải trí
concert tạo ra nhiều ảnh hưởng trong các công ty lớn.,Giải trí
video viral được nhiều người quan tâm trong nhiều doanh nghiệp.,Giải trí
bộ phim mới thu hút nhiều sự chú ý trên toàn thế giới.,Giải trí
ca sĩ nổi tiếng đang thay đổi thị trường trong các công ty lớn.,Giải trí
video viral mang lại nhiều cơ hội trong cộng đồng.,Giải trí
ca sĩ nổi tiếng được nhiều người quan tâm trên toàn thế giới.,Giải trí
diễn viên đang thay đổi thị trường trong các dự án mới.,Giải trí
ca sĩ nổi tiếng đang trở thành xu hướng trên mạng xã hội.,Giải trí
concert được nhiều người quan tâm tại nhiều quốc gia.,Giải trí
bộ phim mới thu hút nhiều sự chú ý trong ngành công nghiệp.,Giải trí
diễn viên đang trở thành xu hướng trong ngành công nghiệp.,Giải trí
người nổi tiếng đang phát triển mạnh tại nhiều quốc gia.,Giải trí
người nổi tiếng được nhiều người quan tâm trên toàn thế giới.,Giải trí
lễ trao giải đang thay đổi thị trường trong nhiều doanh nghiệp.,Giải trí
diễn viên được áp dụng rộng rãi trong các công ty lớn.,Giải trí
ca sĩ nổi tiếng đang thay đổi thị trường trên mạng xã hội.,Giải trí
lễ trao giải được áp dụng rộng rãi trong ngành công nghiệp.,Giải trí
concert đang trở thành xu hướng trên toàn thế giới.,Giải trí
bộ phim mới đang trở thành xu hướng trong nhiều doanh nghiệp.,Giải trí
concert thu hút nhiều sự chú ý trên mạng xã hội.,Giải trí
show truyền hình tạo ra nhiều ảnh hưởng trong nhiều doanh nghiệp.,Giải trí
diễn viên đang phát triển mạnh trong ngành công nghiệp.,Giải trí
concert đang trở thành xu hướng trong ngành công nghiệp.,Giải trí
người nổi tiếng được nhiều người quan tâm tại Việt Nam.,Giải trí
lễ trao giải đang thay đổi thị trường trong ngành công nghiệp.,Giải trí
video viral mang lại nhiều cơ hội trong các công ty lớn.,Giải trí
ca sĩ nổi tiếng được thảo luận rộng rãi trong các dự án mới.,Giải trí
lễ trao giải đang phát triển mạnh trong các tổ chức.,Giải trí
ca sĩ nổi tiếng đang phát triển mạnh trong các công ty lớn.,Giải trí
album âm nhạc thu hút nhiều sự chú ý trong các tổ chức.,Giải trí
diễn viên đang thay đổi thị trường trên mạng xã hội.,Giải trí
album âm nhạc đang trở thành xu hướng trên mạng xã hội.,Giải trí
bộ phim mới được nhiều người quan tâm trong ngành công nghiệp.,Giải trí
người nổi tiếng đang thay đổi thị trường trong các tổ chức.,Giải trí
bộ phim mới tạo ra nhiều ảnh hưởng trong cộng đồng.,Giải trí
ngôi sao điện ảnh đang phát triển mạnh tại nhiều quốc gia.,Giải trí
video viral đang thay đổi thị trường trong các công ty lớn.,Giải trí
bộ phim mới được áp dụng rộng rãi trên mạng xã hội.,Giải trí
album âm nhạc đang trở thành xu hướng trong ngành công nghiệp.,Giải trí
show truyền hình đang được nghiên cứu trong các tổ chức.,Giải trí
bộ phim mới đang trở thành xu hướng trong cộng đồng.,Giải trí
người nổi tiếng mang lại nhiều cơ hội trong các công ty lớn.,Giải trí
show truyền hình được thảo luận rộng rãi tại Việt Nam.,Giải trí
diễn viên được nhiều người quan tâm trên mạng xã hội.,Giải trí
người nổi tiếng đang thay đổi thị trường tại nhiều quốc gia.,Giải trí
diễn viên đang trở thành xu hướng trong nhiều doanh nghiệp.,Giải trí
video viral được áp dụng rộng rãi trong các tổ chức.,Giải trí
concert đang phát triển mạnh trong ngành công nghiệp.,Giải trí
diễn viên tạo ra nhiều ảnh hưởng trên mạng xã hội.,Giải trí
bộ phim mới được áp dụng rộng rãi trên toàn thế giới.,Giải trí
ngôi sao điện ảnh thu hút nhiều sự chú ý trong nhiều doanh nghiệp.,Giải trí
video viral đang phát triển mạnh tại Việt Nam.,Giải trí
album âm nhạc đang được nghiên cứu trên mạng xã hội.,Giải trí
diễn viên được áp dụng rộng rãi trên toàn thế giới.,Giải trí
lễ trao giải mang lại nhiều cơ hội tại Việt Nam.,Giải trí
diễn viên thu hút nhiều sự chú ý trong nhiều doanh nghiệp.,Giải trí
video viral đang được nghiên cứu tại nhiều quốc gia.,Giải trí
người nổi tiếng đang được nghiên cứu trên toàn thế giới.,Giải trí
video viral đang trở thành xu hướng trong cộng đồng.,Giải trí
ngôi sao điện ảnh được nhiều người quan tâm trong nhiều doanh nghiệp.,Giải trí
ngôi sao điện ảnh mang lại nhiều cơ hội trong ngành công nghiệp.,Giải trí
video viral đang phát triển mạnh trong nhiều doanh nghiệp.,Giải trí
lễ trao giải đang phát triển mạnh trong các dự án mới.,Giải trí
album âm nhạc đang trở thành xu hướng trong cộng đồng.,Giải trí
video viral được áp dụng rộng rãi trong các dự án mới.,Giải trí
ca sĩ nổi tiếng đang trở thành xu hướng trong ngành công nghiệp.,Giải trí
diễn viên đang trở thành xu hướng trong cộng đồng.,Giải trí
người nổi tiếng đang phát triển mạnh trong nhiều doanh nghiệp.,Giải trí
diễn viên được nhiều người quan tâm trong ngành công nghiệp.,Giải trí
bộ phim mới mang lại nhiều cơ hội trong nhiều doanh nghiệp.,Giải trí
người nổi tiếng thu hút nhiều sự chú ý tại Việt Nam.,Giải trí
show truyền hình đang trở thành xu hướng trong các dự án mới.,Giải trí
diễn viên mang lại nhiều cơ hội trên mạng xã hội.,Giải trí
video viral được thảo luận rộng rãi trong các công ty lớn.,Giải trí
ca sĩ nổi tiếng được nhiều người quan tâm trên mạng xã hội.,Giải trí
ngôi sao điện ảnh đang trở thành xu hướng tại Việt Nam.,Giải trí
người nổi tiếng đang được nghiên cứu trong các tổ chức.,Giải trí
lễ trao giải được thảo luận rộng rãi tại nhiều quốc gia.,Giải trí
lễ trao giải đang phát triển mạnh trên toàn thế giới.,Giải trí
ngôi sao điện ảnh mang lại nhiều cơ hội trên toàn thế giới.,Giải trí
người nổi tiếng được nhiều người quan tâm trong cộng đồng.,Giải trí
album âm nhạc đang thay đổi thị trường tại Việt Nam.,Giải trí
người nổi tiếng đang trở thành xu hướng tại nhiều quốc gia.,Giải trí
video viral đang thay đổi thị trường tại Việt Nam.,Giải trí
người nổi tiếng được nhiều người quan tâm trong các tổ chức.,Giải trí
show truyền hình đang thay đổi thị trường trong các dự án mới.,Giải trí
diễn viên mang lại nhiều cơ hội trên toàn thế giới.,Giải trí
video viral được áp dụng rộng rãi trong cộng đồng.,Giải trí
video viral đang phát triển mạnh trên toàn thế giới.,Giải trí
video viral được thảo luận rộng rãi trong các dự án mới.,Giải trí
diễn viên đang phát triển mạnh trong các công ty lớn.,Giải trí
album âm nhạc đang trở thành xu hướng trong nhiều doanh nghiệp.,Giải trí
bộ phim mới thu hút nhiều sự chú ý tại Việt Nam.,Giải trí
lễ trao giải tạo ra nhiều ảnh hưởng trên mạng xã hội.,Giải trí
diễn viên đang phát triển mạnh trên toàn thế giới.,Giải trí
ca sĩ nổi tiếng đang phát triển mạnh tại nhiều quốc gia.,Giải trí
diễn viên được thảo luận rộng rãi trong nhiều doanh nghiệp.,Giải trí
concert được thảo luận rộng rãi trên mạng xã hội.,Giải trí
diễn viên được áp dụng rộng rãi trên mạng xã hội.,Giải trí
diễn viên tạo ra nhiều ảnh hưởng trong các công ty lớn.,Giải trí
bộ phim mới đang được nghiên cứu trong các tổ chức.,Giải trí
lễ trao giải được áp dụng rộng rãi trong các công ty lớn.,Giải trí
người nổi tiếng đang phát triển mạnh trong ngành công nghiệp.,Giải trí
concert được thảo luận rộng rãi tại nhiều quốc gia.,Giải trí
ngôi sao điện ảnh được thảo luận rộng rãi trên toàn thế giới.,Giải trí
show truyền hình đang phát triển mạnh trong cộng đồng.,Giải trí
ngôi sao điện ảnh tạo ra nhiều ảnh hưởng trong các công ty lớn.,Giải trí
show truyền hình đang trở thành xu hướng trong cộng đồng.,Giải trí
concert được thảo luận rộng rãi trong ngành công nghiệp.,Giải trí
bộ phim mới được thảo luận rộng rãi trong các công ty lớn.,Giải trí
concert đang phát triển mạnh trong các dự án mới.,Giải trí
video viral thu hút nhiều sự chú ý trong nhiều doanh nghiệp.,Giải trí
concert đang trở thành xu hướng trên mạng xã hội.,Giải trí
ca sĩ nổi tiếng mang lại nhiều cơ hội trên toàn thế giới.,Giải trí
show truyền hình thu hút nhiều sự chú ý tại nhiều quốc gia.,Giải trí
người nổi tiếng được thảo luận rộng rãi tại nhiều quốc gia.,Giải trí
lễ trao giải thu hút nhiều sự chú ý trong các công ty lớn.,Giải trí
show truyền hình tạo ra nhiều ảnh hưởng trên mạng xã hội.,Giải trí
album âm nhạc mang lại nhiều cơ hội trong ngành công nghiệp.,Giải trí
show truyền hình đang trở thành xu hướng trong các công ty lớn.,Giải trí
lễ trao giải được áp dụng rộng rãi trong các tổ chức.,Giải trí
người nổi tiếng tạo ra nhiều ảnh hưởng trong nhiều doanh nghiệp.,Giải trí
ngôi sao điện ảnh đang thay đổi thị trường trong cộng đồng.,Giải trí
ca sĩ nổi tiếng đang phát triển mạnh trên toàn thế giới.,Giải trí
video viral đang được nghiên cứu trong ngành công nghiệp.,Giải trí
video viral đang trở thành xu hướng trong các dự án mới.,Giải trí
ca sĩ nổi tiếng được áp dụng rộng rãi tại Việt Nam.,Giải trí
diễn viên được thảo luận rộng rãi trên mạng xã hội.,Giải trí
bộ phim mới tạo ra nhiều ảnh hưởng trong các tổ chức.,Giải trí
video viral được áp dụng rộng rãi trong ngành công nghiệp.,Giải trí
lễ trao giải tạo ra nhiều ảnh hưởng tại Việt Nam.,Giải trí
video viral tạo ra nhiều ảnh hưởng trong ngành công nghiệp.,Giải trí
lễ trao giải được thảo luận rộng rãi trong các công ty lớn.,Giải trí
album âm nhạc được áp dụng rộng rãi trong các dự án mới.,Giải trí
ngôi sao điện ảnh được thảo luận rộng rãi trong các công ty lớn.,Giải trí
album âm nhạc mang lại nhiều cơ hội trong các công ty lớn.,Giải trí
ngôi sao điện ảnh được nhiều người quan tâm trên mạng xã hội.,Giải trí
bộ phim mới đang trở thành xu hướng tại nhiều quốc gia.,Giải trí
album âm nhạc được thảo luận rộng rãi trong các dự án mới.,Giải trí
ca sĩ nổi tiếng đang phát triển mạnh trong các tổ chức.,Giải trí
người nổi tiếng được áp dụng rộng rãi trong các công ty lớn.,Giải trí
show truyền hình được thảo luận rộng rãi trong các tổ chức.,Giải trí
bộ phim mới mang lại nhiều cơ hội trên toàn thế giới.,Giải trí
video viral tạo ra nhiều ảnh hưởng trong các dự án mới.,Giải trí
ngôi sao điện ảnh được thảo luận rộng rãi tại nhiều quốc gia.,Giải trí
album âm nhạc tạo ra nhiều ảnh hưởng tại nhiều quốc gia.,Giải trí
lễ trao giải tạo ra nhiều ảnh hưởng trong các dự án mới.,Giải trí
ngôi sao điện ảnh tạo ra nhiều ảnh hưởng trên toàn thế giới.,Giải trí
diễn viên mang lại nhiều cơ hội trong các dự án mới.,Giải trí
lễ trao giải mang lại nhiều cơ hội trên mạng xã hội.,Giải trí
lễ trao giải được nhiều người quan tâm trong nhiều doanh nghiệp.,Giải trí
show truyền hình tạo ra nhiều ảnh hưởng trong các công ty lớn.,Giải trí
album âm nhạc được thảo luận rộng rãi trong các công ty lớn.,Giải trí
ngôi sao điện ảnh được nhiều người quan tâm tại Việt Nam.,Giải trí
ngôi sao điện ảnh được áp dụng rộng rãi trên toàn thế giới.,Giải trí
show truyền hình được nhiều người quan tâm trong các công ty lớn.,Giải trí
show truyền hình mang lại nhiều cơ hội trên mạng xã hội.,Giải trí
album âm nhạc đang thay đổi thị trường tại nhiều quốc gia.,Giải trí
bộ phim mới đang thay đổi thị trường trong các công ty lớn.,Giải trí
diễn viên được thảo luận rộng rãi trong các dự án mới.,Giải trí
album âm nhạc được áp dụng rộng rãi trong ngành công nghiệp.,Giải trí
album âm nhạc mang lại nhiều cơ hội trên toàn thế giới.,Giải trí
ngôi sao điện ảnh đang phát triển mạnh trong các dự án mới.,Giải trí
ca sĩ nổi tiếng mang lại nhiều cơ hội trong cộng đồng.,Giải trí
video viral được thảo luận rộng rãi trong các tổ chức.,Giải trí
người nổi tiếng tạo ra nhiều ảnh hưởng trong các tổ chức.,Giải trí
người nổi tiếng đang trở thành xu hướng tại Việt Nam.,Giải trí
show truyền hình thu hút nhiều sự chú ý trong cộng đồng.,Giải trí
album âm nhạc thu hút nhiều sự chú ý trên mạng xã hội.,Giải trí
người nổi tiếng mang lại nhiều cơ hội trong các tổ chức.,Giải trí
ca sĩ nổi tiếng đang phát triển mạnh tại Việt Nam.,Giải trí
ngôi sao điện ảnh tạo ra nhiều ảnh hưởng trong ngành công nghiệp.,Giải trí
show truyền hình mang lại nhiều cơ hội trong nhiều doanh nghiệp.,Giải trí
album âm nhạc đang phát triển mạnh trong các tổ chức.,Giải trí
ngôi sao điện ảnh được nhiều người quan tâm tại nhiều quốc gia.,Giải trí
lễ trao giải được nhiều người quan tâm trong các công ty lớn.,Giải trí
người nổi tiếng đang thay đổi thị trường trên mạng xã hội.,Giải trí
show truyền hình thu hút nhiều sự chú ý trong ngành công nghiệp.,Giải trí
album âm nhạc được áp dụng rộng rãi tại nhiều quốc gia.,Giải trí
ngôi sao điện ảnh đang được nghiên cứu trên toàn thế giới.,Giải trí
diễn viên tạo ra nhiều ảnh hưởng trong ngành công nghiệp.,Giải trí
bộ phim mới được nhiều người quan tâm trong các công ty lớn.,Giải trí
ca sĩ nổi tiếng đang trở thành xu hướng trong các dự án mới.,Giải trí
ca sĩ nổi tiếng được áp dụng rộng rãi trong các tổ chức.,Giải trí
video viral đang trở thành xu hướng trong các công ty lớn.,Giải trí
ca sĩ nổi tiếng đang phát triển mạnh trên mạng xã hội.,Giải trí
ngôi sao điện ảnh mang lại nhiều cơ hội trong các công ty lớn.,Giải trí
lễ trao giải đang phát triển mạnh trong nhiều doanh nghiệp.,Giải trí
show truyền hình được nhiều người quan tâm trong ngành công nghiệp.,Giải trí
show truyền hình được thảo luận rộng rãi trong các dự án mới.,Giải trí
ngôi sao điện ảnh được thảo luận rộng rãi trong các dự án mới.,Giải trí
bộ phim mới được nhiều người quan tâm trong nhiều doanh nghiệp.,Giải trí
concert tạo ra nhiều ảnh hưởng trong các tổ chức.,Giải trí
ngôi sao điện ảnh đang thay đổi thị trường tại nhiều quốc gia.,Giải trí
video viral được nhiều người quan tâm tại Việt Nam.,Giải trí
bộ phim mới đang trở thành xu hướng trong các dự án mới.,Giải trí
album âm nhạc đang trở thành xu hướng trong các dự án mới.,Giải trí
lễ trao giải đang được nghiên cứu trong các tổ chức.,Giải trí
show truyền hình mang lại nhiều cơ hội trên toàn thế giới.,Giải trí
album âm nhạc mang lại nhiều cơ hội trong các dự án mới.,Giải trí
concert đang thay đổi thị trường tại nhiều quốc gia.,Giải trí
người nổi tiếng thu hút nhiều sự chú ý trên mạng xã hội.,Giải trí
bộ phim mới được nhiều người quan tâm trong cộng đồng.,Giải trí
ngôi sao điện ảnh đang trở thành xu hướng trong các dự án mới.,Giải trí
concert đang phát triển mạnh tại nhiều quốc gia.,Giải trí
album âm nhạc đang được nghiên cứu trong cộng đồng.,Giải trí
luật pháp được nhiều người quan tâm trên toàn thế giới.,Chính trị
luật pháp thu hút nhiều sự chú ý trong các công ty lớn.,Chính trị
chính phủ mang lại nhiều cơ hội trong ngành công nghiệp.,Chính trị
chính sách mới thu hút nhiều sự chú ý trên toàn thế giới.,Chính trị
ngoại giao được áp dụng rộng rãi tại nhiều quốc gia.,Chính trị
chính sách mới được nhiều người quan tâm trong ngành công nghiệp.,Chính trị
bầu cử mang lại nhiều cơ hội trong cộng đồng.,Chính trị
quốc hội đang trở thành xu hướng trong cộng đồng.,Chính trị
hội nghị cấp cao đang phát triển mạnh trên toàn thế giới.,Chính trị
bầu cử đang được nghiên cứu trong các dự án mới.,Chính trị
hội nghị cấp cao đang trở thành xu hướng tại nhiều quốc gia.,Chính trị
chính phủ đang được nghiên cứu trong các công ty lớn.,Chính trị
quốc hội thu hút nhiều sự chú ý trong các dự án mới.,Chính trị
quốc hội đang được nghiên cứu trong nhiều doanh nghiệp.,Chính trị
luật pháp được nhiều người quan tâm trong ngành công nghiệp.,Chính trị
hội nghị cấp cao đang được nghiên cứu trong các tổ chức.,Chính trị
quan hệ quốc tế được thảo luận rộng rãi trong các tổ chức.,Chính trị
bầu cử được nhiều người quan tâm tại Việt Nam.,Chính trị
chính phủ đang thay đổi thị trường trong các dự án mới.,Chính trị
luật pháp được thảo luận rộng rãi trong các dự án mới.,Chính trị
hội nghị cấp cao đang phát triển mạnh trong ngành công nghiệp.,Chính trị
hội nghị cấp cao đang phát triển mạnh trong các dự án mới.,Chính trị
quốc hội được thảo luận rộng rãi trên mạng xã hội.,Chính trị
bầu cử được thảo luận rộng rãi trong các tổ chức.,Chính trị
cải cách được áp dụng rộng rãi trong nhiều doanh nghiệp.,Chính trị
chính phủ tạo ra nhiều ảnh hưởng trong cộng đồng.,Chính trị
bầu cử đang trở thành xu hướng tại Việt Nam.,Chính trị
luật pháp đang phát triển mạnh tại Việt Nam.,Chính trị
hội nghị cấp cao đang được nghiên cứu trong nhiều doanh nghiệp.,Chính trị
lãnh đạo mang lại nhiều cơ hội trong cộng đồng.,Chính trị
luật pháp đang thay đổi thị trường trong các dự án mới.,Chính trị
bầu cử đang được nghiên cứu trong các tổ chức.,Chính trị
quan hệ quốc tế được thảo luận rộng rãi trong các công ty lớn.,Chính trị
luật pháp được áp dụng rộng rãi tại nhiều quốc gia.,Chính trị
lãnh đạo thu hút nhiều sự chú ý trên mạng xã hội.,Chính trị
quốc hội được nhiều người quan tâm trong cộng đồng.,Chính trị
cải cách mang lại nhiều cơ hội trong các công ty lớn.,Chính trị
ngoại giao tạo ra nhiều ảnh hưởng trong cộng đồng.,Chính trị
chính sách mới đang được nghiên cứu trong nhiều doanh nghiệp.,Chính trị
hội nghị cấp cao đang thay đổi thị trường trong cộng đồng.,Chính trị
quan hệ quốc tế đang được nghiên cứu trong nhiều doanh nghiệp.,Chính trị
quan hệ quốc tế đang được nghiên cứu trong các dự án mới.,Chính trị
bầu cử được nhiều người quan tâm trong các dự án mới.,Chính trị
luật pháp tạo ra nhiều ảnh hưởng trong cộng đồng.,Chính trị
hội nghị cấp cao đang thay đổi thị trường trên toàn thế giới.,Chính trị
luật pháp đang được nghiên cứu trên toàn thế giới.,Chính trị
cải cách đang được nghiên cứu trong các tổ chức.,Chính trị
chính sách mới đang phát triển mạnh trong ngành công nghiệp.,Chính trị
hội nghị cấp cao tạo ra nhiều ảnh hưởng trên toàn thế giới.,Chính trị
quốc hội đang được nghiên cứu trong các dự án mới.,Chính trị
chính phủ mang lại nhiều cơ hội trong các dự án mới.,Chính trị
chính sách mới đang được nghiên cứu trong các tổ chức.,Chính trị
chính phủ thu hút nhiều sự chú ý trong các công ty lớn.,Chính trị
ngoại giao được thảo luận rộng rãi trong các công ty lớn.,Chính trị
ngoại giao đang được nghiên cứu trong các tổ chức.,Chính trị
luật pháp mang lại nhiều cơ hội tại nhiều quốc gia.,Chính trị
hội nghị cấp cao được áp dụng rộng rãi tại nhiều quốc gia.,Chính trị
lãnh đạo được nhiều người quan tâm trên mạng xã hội.,Chính trị
hội nghị cấp cao đang phát triển mạnh trong các tổ chức.,Chính trị
luật pháp được thảo luận rộng rãi trong các tổ chức.,Chính trị
quan hệ quốc tế được nhiều người quan tâm trong các công ty lớn.,Chính trị
luật pháp mang lại nhiều cơ hội trong các tổ chức.,Chính trị
chính sách mới đang thay đổi thị trường trong các công ty lớn.,Chính trị
hội nghị cấp cao được thảo luận rộng rãi trong cộng đồng.,Chính trị
chính phủ được áp dụng rộng rãi trên mạng xã hội.,Chính trị
chính phủ đang được nghiên cứu tại nhiều quốc gia.,Chính trị
bầu cử được nhiều người quan tâm trên toàn thế giới.,Chính trị
luật pháp được nhiều người quan tâm trong nhiều doanh nghiệp.,Chính trị
chính phủ đang được nghiên cứu trong các tổ chức.,Chính trị
quan hệ quốc tế mang lại nhiều cơ hội tại nhiều quốc gia.,Chính trị
luật pháp đang thay đổi thị trường trên mạng xã hội.,Chính trị
chính sách mới đang trở thành xu hướng trong ngành công nghiệp.,Chính trị
hội nghị cấp cao mang lại nhiều cơ hội trong ngành công nghiệp.,Chính trị
quan hệ quốc tế được áp dụng rộng rãi trong nhiều doanh nghiệp.,Chính trị
bầu cử đang thay đổi thị trường trong nhiều doanh nghiệp.,Chính trị
bầu cử đang phát triển mạnh tại Việt Nam.,Chính trị
ngoại giao mang lại nhiều cơ hội trên mạng xã hội.,Chính trị
bầu cử mang lại nhiều cơ hội tại Việt Nam.,Chính trị
luật pháp đang trở thành xu hướng trong các tổ chức.,Chính trị
bầu cử đang thay đổi thị trường tại nhiều quốc gia.,Chính trị
quan hệ quốc tế đang thay đổi thị trường trong các dự án mới.,Chính trị
ngoại giao đang được nghiên cứu trên toàn thế giới.,Chính trị
cải cách được áp dụng rộng rãi trong các dự án mới.,Chính trị
quốc hội đang được nghiên cứu trong các công ty lớn.,Chính trị
chính phủ được nhiều người quan tâm trong ngành công nghiệp.,Chính trị
chính sách mới được thảo luận rộng rãi trong cộng đồng.,Chính trị
luật pháp được thảo luận rộng rãi trong cộng đồng.,Chính trị
bầu cử được áp dụng rộng rãi tại Việt Nam.,Chính trị
ngoại giao đang thay đổi thị trường tại Việt Nam.,Chính trị
cải cách đang được nghiên cứu tại nhiều quốc gia.,Chính trị
luật pháp được thảo luận rộng rãi trong ngành công nghiệp.,Chính trị
ngoại giao mang lại nhiều cơ hội trong các tổ chức.,Chính trị
quan hệ quốc tế đang phát triển mạnh trong nhiều doanh nghiệp.,Chính trị
cải cách mang lại nhiều cơ hội trong ngành công nghiệp.,Chính trị
quốc hội mang lại nhiều cơ hội tại Việt Nam.,Chính trị
chính phủ tạo ra nhiều ảnh hưởng tại Việt Nam.,Chính trị
quan hệ quốc tế tạo ra nhiều ảnh hưởng tại nhiều quốc gia.,Chính trị
hội nghị cấp cao được nhiều người quan tâm trong các công ty lớn.,Chính trị
bầu cử tạo ra nhiều ảnh hưởng tại nhiều quốc gia.,Chính trị
ngoại giao đang phát triển mạnh trên mạng xã hội.,Chính trị
luật pháp đang thay đổi thị trường trong ngành công nghiệp.,Chính trị
bầu cử thu hút nhiều sự chú ý tại nhiều quốc gia.,Chính trị
luật pháp đang thay đổi thị trường tại Việt Nam.,Chính trị
hội nghị cấp cao được nhiều người quan tâm tại nhiều quốc gia.,Chính trị
chính phủ được thảo luận rộng rãi trên mạng xã hội.,Chính trị
hội nghị cấp cao đang phát triển mạnh trong nhiều doanh nghiệp.,Chính trị
luật pháp đang trở thành xu hướng trong các dự án mới.,Chính trị
hội nghị cấp cao đang phát triển mạnh trong các công ty lớn.,Chính trị
bầu cử đang được nghiên cứu trong ngành công nghiệp.,Chính trị
bầu cử được nhiều người quan tâm trên mạng xã hội.,Chính trị
luật pháp đang được nghiên cứu trên mạng xã hội.,Chính trị
lãnh đạo được nhiều người quan tâm trong cộng đồng.,Chính trị
quốc hội đang được nghiên cứu trên mạng xã hội.,Chính trị
chính sách mới đang thay đổi thị trường trên mạng xã hội.,Chính trị
chính phủ đang phát triển mạnh trong nhiều doanh nghiệp.,Chính trị
cải cách thu hút nhiều sự chú ý trong các công ty lớn.,Chính trị
lãnh đạo được áp dụng rộng rãi trong cộng đồng.,Chính trị
chính phủ mang lại nhiều cơ hội trên mạng xã hội.,Chính trị
quốc hội được nhiều người quan tâm trong các công ty lớn.,Chính trị
luật pháp thu hút nhiều sự chú ý trong ngành công nghiệp.,Chính trị
chính sách mới được áp dụng rộng rãi trong nhiều doanh nghiệp.,Chính trị
quốc hội được nhiều người quan tâm trên mạng xã hội.,Chính trị
bầu cử đang phát triển mạnh trên mạng xã hội.,Chính trị
hội nghị cấp cao mang lại nhiều cơ hội trên toàn thế giới.,Chính trị
quốc hội được áp dụng rộng rãi trong các công ty lớn.,Chính trị
cải cách đang phát triển mạnh trên mạng xã hội.,Chính trị
bầu cử đang được nghiên cứu trong cộng đồng.,Chính trị
quốc hội đang phát triển mạnh trong ngành công nghiệp.,Chính trị
bầu cử được áp dụng rộng rãi trong cộng đồng.,Chính trị
ngoại giao được nhiều người quan tâm trong cộng đồng.,Chính trị
lãnh đạo được áp dụng rộng rãi trên toàn thế giới.,Chính trị
chính sách mới tạo ra nhiều ảnh hưởng trên mạng xã hội.,Chính trị
bầu cử mang lại nhiều cơ hội tại nhiều quốc gia.,Chính trị
lãnh đạo đang thay đổi thị trường trong các công ty lớn.,Chính trị
ngoại giao được thảo luận rộng rãi trong cộng đồng.,Chính trị
chính phủ đang được nghiên cứu trong ngành công nghiệp.,Chính trị
bầu cử thu hút nhiều sự chú ý trong các tổ chức.,Chính trị
ngoại giao mang lại nhiều cơ hội trong các công ty lớn.,Chính trị
chính phủ được áp dụng rộng rãi trong nhiều doanh nghiệp.,Chính trị
lãnh đạo đang phát triển mạnh trong nhiều doanh nghiệp.,Chính trị
ngoại giao đang trở thành xu hướng tại Việt Nam.,Chính trị
ngoại giao thu hút nhiều sự chú ý trong cộng đồng.,Chính trị
ngoại giao được áp dụng rộng rãi tại Việt Nam.,Chính trị
chính phủ được áp dụng rộng rãi trong các dự án mới.,Chính trị
quốc hội mang lại nhiều cơ hội trong các dự án mới.,Chính trị
chính sách mới đang phát triển mạnh trong nhiều doanh nghiệp.,Chính trị
cải cách thu hút nhiều sự chú ý trong các dự án mới.,Chính trị
chính phủ được nhiều người quan tâm trong các công ty lớn.,Chính trị
lãnh đạo mang lại nhiều cơ hội trong các tổ chức.,Chính trị
luật pháp thu hút nhiều sự chú ý trong nhiều doanh nghiệp.,Chính trị
quan hệ quốc tế đang trở thành xu hướng trong cộng đồng.,Chính trị
luật pháp được áp dụng rộng rãi trong ngành công nghiệp.,Chính trị
hội nghị cấp cao thu hút nhiều sự chú ý trong cộng đồng.,Chính trị
chính phủ đang phát triển mạnh tại nhiều quốc gia.,Chính trị
quan hệ quốc tế được thảo luận rộng rãi tại nhiều quốc gia.,Chính trị
quốc hội thu hút nhiều sự chú ý trong cộng đồng.,Chính trị
bầu cử đang phát triển mạnh trong các dự án mới.,Chính trị
chính sách mới được thảo luận rộng rãi trên mạng xã hội.,Chính trị
chính sách mới đang trở thành xu hướng trong nhiều doanh nghiệp.,Chính trị
chính phủ đang phát triển mạnh trong các tổ chức.,Chính trị
quan hệ quốc tế đang phát triển mạnh trong các dự án mới.,Chính trị
hội nghị cấp cao đang thay đổi thị trường tại Việt Nam.,Chính trị
cải cách đang được nghiên cứu trong các dự án mới.,Chính trị
hội nghị cấp cao tạo ra nhiều ảnh hưởng trong các công ty lớn.,Chính trị
ngoại giao thu hút nhiều sự chú ý trong các dự án mới.,Chính trị
quốc hội được áp dụng rộng rãi trong các tổ chức.,Chính trị
bầu cử đang trở thành xu hướng trong ngành công nghiệp.,Chính trị
cải cách đang thay đổi thị trường trong cộng đồng.,Chính trị
chính sách mới thu hút nhiều sự chú ý tại Việt Nam.,Chính trị
quan hệ quốc tế đang trở thành xu hướng trong các công ty lớn.,Chính trị
ngoại giao thu hút nhiều sự chú ý trên mạng xã hội.,Chính trị
cải cách đang trở thành xu hướng trong ngành công nghiệp.,Chính trị
chính sách mới tạo ra nhiều ảnh hưởng trong cộng đồng.,Chính trị
bầu cử tạo ra nhiều ảnh hưởng trên toàn thế giới.,Chính trị
chính sách mới được nhiều người quan tâm trên toàn thế giới.,Chính trị
quốc hội thu hút nhiều sự chú ý tại Việt Nam.,Chính trị
cải cách đang được nghiên cứu trên mạng xã hội.,Chính trị
ngoại giao được nhiều người quan tâm trong nhiều doanh nghiệp.,Chính trị
hội nghị cấp cao đang phát triển mạnh tại Việt Nam.,Chính trị
chính sách mới thu hút nhiều sự chú ý tại nhiều quốc gia.,Chính trị
quốc hội mang lại nhiều cơ hội trong các công ty lớn.,Chính trị
chính sách mới tạo ra nhiều ảnh hưởng tại nhiều quốc gia.,Chính trị
chính phủ được thảo luận rộng rãi trong ngành công nghiệp.,Chính trị
lãnh đạo đang phát triển mạnh tại nhiều quốc gia.,Chính trị
lãnh đạo đang trở thành xu hướng trong cộng đồng.,Chính trị
cải cách được nhiều người quan tâm trên toàn thế giới.,Chính trị
ngoại giao được nhiều người quan tâm trên mạng xã hội.,Chính trị
lãnh đạo tạo ra nhiều ảnh hưởng trên mạng xã hội.,Chính trị
ngoại giao đang phát triển mạnh trên toàn thế giới.,Chính trị
chính sách mới đang phát triển mạnh tại nhiều quốc gia.,Chính trị
chính phủ đang phát triển mạnh trong các dự án mới.,Chính trị
hội nghị cấp cao mang lại nhiều cơ hội tại nhiều quốc gia.,Chính trị
chính phủ được áp dụng rộng rãi trong ngành công nghiệp.,Chính trị
luật pháp đang được nghiên cứu tại nhiều quốc gia.,Chính trị
cải cách được thảo luận rộng rãi trong nhiều doanh nghiệp.,Chính trị
luật pháp đang trở thành xu hướng tại nhiều quốc gia.,Chính trị
chính phủ đang trở thành xu hướng tại Việt Nam.,Chính trị
bầu cử đang trở thành xu hướng trong các dự án mới.,Chính trị
chính phủ được nhiều người quan tâm tại nhiều quốc gia.,Chính trị
hội nghị cấp cao được nhiều người quan tâm trên mạng xã hội.,Chính trị
lãnh đạo được áp dụng rộng rãi trong ngành công nghiệp.,Chính trị
ngoại giao được thảo luận rộng rãi trên toàn thế giới.,Chính trị
quốc hội tạo ra nhiều ảnh hưởng trong các dự án mới.,Chính trị
quan hệ quốc tế đang phát triển mạnh trên toàn thế giới.,Chính trị
bầu cử đang được nghiên cứu trong nhiều doanh nghiệp.,Chính trị
cải cách được thảo luận rộng rãi tại nhiều quốc gia.,Chính trị
hội nghị cấp cao được nhiều người quan tâm tại Việt Nam.,Chính trị
ngoại giao mang lại nhiều cơ hội tại nhiều quốc gia.,Chính trị
hội nghị cấp cao thu hút nhiều sự chú ý trên toàn thế giới.,Chính trị
quốc hội thu hút nhiều sự chú ý trong các tổ chức.,Chính trị
quan hệ quốc tế được áp dụng rộng rãi trong cộng đồng.,Chính trị
quốc hội mang lại nhiều cơ hội trong nhiều doanh nghiệp.,Chính trị
lãnh đạo thu hút nhiều sự chú ý trong cộng đồng.,Chính trị
quốc hội được nhiều người quan tâm trong các dự án mới.,Chính trị
hội nghị cấp cao được nhiều người quan tâm trong cộng đồng.,Chính trị
cải cách đang trở thành xu hướng trong nhiều doanh nghiệp.,Chính trị
bầu cử đang được nghiên cứu trên toàn thế giới.,Chính trị
lãnh đạo tạo ra nhiều ảnh hưởng trong các công ty lớn.,Chính trị
ngoại giao được thảo luận rộng rãi trong các dự án mới.,Chính trị
ngoại giao thu hút nhiều sự chú ý trong các tổ chức.,Chính trị
quan hệ quốc tế được áp dụng rộng rãi trên mạng xã hội.,Chính trị
quốc hội đang trở thành xu hướng trong các dự án mới.,Chính trị
luật pháp được áp dụng rộng rãi tại Việt Nam.,Chính trị
ngoại giao đang trở thành xu hướng trong ngành công nghiệp.,Chính trị
quốc hội đang thay đổi thị trường trong các công ty lớn.,Chính trị
chính sách mới đang thay đổi thị trường tại Việt Nam.,Chính trị
cải cách đang được nghiên cứu trong các công ty lớn.,Chính trị
cải cách đang thay đổi thị trường trên toàn thế giới.,Chính trị
hội nghị cấp cao được thảo luận rộng rãi tại nhiều quốc gia.,Chính trị
chính phủ được nhiều người quan tâm trong các tổ chức.,Chính trị
quốc hội đang thay đổi thị trường trong ngành công nghiệp.,Chính trị
quốc hội đang trở thành xu hướng trong nhiều doanh nghiệp.,Chính trị
luật pháp mang lại nhiều cơ hội trên toàn thế giới.,Chính trị
quốc hội được áp dụng rộng rãi trong ngành công nghiệp.,Chính trị
luật pháp đang được nghiên cứu trong các dự án mới.,Chính trị
cải cách mang lại nhiều cơ hội tại Việt Nam.,Chính trị
chính sách mới đang thay đổi thị trường trong các dự án mới.,Chính trị
chính phủ mang lại nhiều cơ hội tại nhiều quốc gia.,Chính trị
hội nghị cấp cao được áp dụng rộng rãi tại Việt Nam.,Chính trị
chính phủ đang trở thành xu hướng trong ngành công nghiệp.,Chính trị
luật pháp đang phát triển mạnh trong cộng đồng.,Chính trị
lãnh đạo mang lại nhiều cơ hội tại Việt Nam.,Chính trị
ngoại giao đang thay đổi thị trường trong cộng đồng.,Chính trị
lãnh đạo đang trở thành xu hướng trong các dự án mới.,Chính trị
ngoại giao thu hút nhiều sự chú ý trong ngành công nghiệp.,Chính trị
luật pháp tạo ra nhiều ảnh hưởng tại nhiều quốc gia.,Chính trị
hội nghị cấp cao đang trở thành xu hướng trong các tổ chức.,Chính trị
chính phủ đang trở thành xu hướng trên mạng xã hội.,Chính trị
bầu cử được thảo luận rộng rãi trong nhiều doanh nghiệp.,Chính trị
lãnh đạo được áp dụng rộng rãi trong các dự án mới.,Chính trị
lãnh đạo được thảo luận rộng rãi trong các dự án mới.,Chính trị
quốc hội đang được nghiên cứu trong cộng đồng.,Chính trị
hội nghị cấp cao đang được nghiên cứu trong các công ty lớn.,Chính trị
hội nghị cấp cao được nhiều người quan tâm trên toàn thế giới.,Chính trị
cải cách đang thay đổi thị trường trong các tổ chức.,Chính trị
quan hệ quốc tế mang lại nhiều cơ hội tại Việt Nam.,Chính trị
quốc hội đang được nghiên cứu tại nhiều quốc gia.,Chính trị
lãnh đạo được áp dụng rộng rãi trong nhiều doanh nghiệp.,Chính trị
quan hệ quốc tế tạo ra nhiều ảnh hưởng trong cộng đồng.,Chính trị
chính sách mới đang trở thành xu hướng tại nhiều quốc gia.,Chính trị
chính sách mới được thảo luận rộng rãi trong các dự án mới.,Chính trị
quan hệ quốc tế đang trở thành xu hướng trong các tổ chức.,Chính trị
quốc hội được nhiều người quan tâm trong ngành công nghiệp.,Chính trị
cải cách được áp dụng rộng rãi trong các tổ chức.,Chính trị
hội nghị cấp cao đang thay đổi thị trường tại nhiều quốc gia.,Chính trị
bầu cử được áp dụng rộng rãi trên mạng xã hội.,Chính trị
chính phủ đang thay đổi thị trường tại nhiều quốc gia.,Chính trị
chính phủ đang phát triển mạnh trong các công ty lớn.,Chính trị
bầu cử đang phát triển mạnh trên toàn thế giới.,Chính trị
quan hệ quốc tế mang lại nhiều cơ hội trong các dự án mới.,Chính trị
lãnh đạo đang được nghiên cứu tại Việt Nam.,Chính trị
lãnh đạo tạo ra nhiều ảnh hưởng trong cộng đồng.,Chính trị
hội nghị cấp cao đang trở thành xu hướng trong các công ty lớn.,Chính trị
chính sách mới tạo ra nhiều ảnh hưởng trên toàn thế giới.,Chính trị
luật pháp tạo ra nhiều ảnh hưởng trên toàn thế giới.,Chính trị
bầu cử đang thay đổi thị trường trong các dự án mới.,Chính trị
chính sách mới được thảo luận rộng rãi tại Việt Nam.,Chính trị
ngoại giao được áp dụng rộng rãi trong ngành công nghiệp.,Chính trị
chính sách mới đang trở thành xu hướng trên toàn thế giới.,Chính trị
chính phủ tạo ra nhiều ảnh hưởng trong các tổ chức.,Chính trị
cải cách được nhiều người quan tâm tại nhiều quốc gia.,Chính trị
chính sách mới được nhiều người quan tâm tại nhiều quốc gia.,Chính trị
chính phủ được nhiều người quan tâm trên mạng xã hội.,Chính trị
lãnh đạo mang lại nhiều cơ hội tại nhiều quốc gia.,Chính trị
lãnh đạo đang được nghiên cứu trên toàn thế giới.,Chính trị
quốc hội mang lại nhiều cơ hội trên toàn thế giới.,Chính trị
quan hệ quốc tế đang được nghiên cứu trong các tổ chức.,Chính trị
bầu cử được áp dụng rộng rãi trong ngành công nghiệp.,Chính trị
chính phủ mang lại nhiều cơ hội trong các công ty lớn.,Chính trị
ngoại giao đang thay đổi thị trường trong các dự án mới.,Chính trị
quan hệ quốc tế thu hút nhiều sự chú ý tại Việt Nam.,Chính trị
ngoại giao đang được nghiên cứu trong ngành công nghiệp.,Chính trị
quan hệ quốc tế đang trở thành xu hướng tại nhiều quốc gia.,Chính trị
ngoại giao được nhiều người quan tâm trên toàn thế giới.,Chính trị
quốc hội đang được nghiên cứu trong ngành công nghiệp.,Chính trị
quốc hội tạo ra nhiều ảnh hưởng trong các tổ chức.,Chính trị
cải cách được thảo luận rộng rãi trong ngành công nghiệp.,Chính trị
luật pháp mang lại nhiều cơ hội trong nhiều doanh nghiệp.,Chính trị
luật pháp tạo ra nhiều ảnh hưởng trong nhiều doanh nghiệp.,Chính trị
quốc hội đang thay đổi thị trường trong các dự án mới.,Chính trị
chính phủ được thảo luận rộng rãi trong cộng đồng.,Chính trị
quan hệ quốc tế đang trở thành xu hướng trên mạng xã hội.,Chính trị
bầu cử thu hút nhiều sự chú ý trong các công ty lớn.,Chính trị
hội nghị cấp cao mang lại nhiều cơ hội trong các công ty lớn.,Chính trị
quốc hội mang lại nhiều cơ hội trên mạng xã hội.,Chính trị
chính sách mới thu hút nhiều sự chú ý trong ngành công nghiệp.,Chính trị
luật pháp thu hút nhiều sự chú ý trong các tổ chức.,Chính trị
hội nghị cấp cao được nhiều người quan tâm trong các tổ chức.,Chính trị
chính sách mới đang thay đổi thị trường trong các tổ chức.,Chính trị
bầu cử đang thay đổi thị trường trong các tổ chức.,Chính trị
chính sách mới đang được nghiên cứu tại nhiều quốc gia.,Chính trị
luật pháp đang phát triển mạnh trong các tổ chức.,Chính trị
chính phủ thu hút nhiều sự chú ý trong các tổ chức.,Chính trị
hội nghị cấp cao được áp dụng rộng rãi trong các tổ chức.,Chính trị
chính sách mới đang trở thành xu hướng trong các tổ chức.,Chính trị
ngoại giao được áp dụng rộng rãi trong các công ty lớn.,Chính trị
lãnh đạo tạo ra nhiều ảnh hưởng tại nhiều quốc gia.,Chính trị
bầu cử đang thay đổi thị trường trên mạng xã hội.,Chính trị
hội nghị cấp cao được thảo luận rộng rãi trong các tổ chức.,Chính trị
chính sách mới thu hút nhiều sự chú ý trong các công ty lớn.,Chính trị
chính sách mới đang được nghiên cứu trong các dự án mới.,Chính trị
chính phủ đang thay đổi thị trường trong các tổ chức.,Chính trị
luật pháp đang trở thành xu hướng trong các công ty lớn.,Chính trị
luật pháp được nhiều người quan tâm tại Việt Nam.,Chính trị
chính phủ được thảo luận rộng rãi trong các dự án mới.,Chính trị
chính sách mới được thảo luận rộng rãi trong ngành công nghiệp.,Chính trị
luật pháp đang được nghiên cứu trong cộng đồng.,Chính trị
quốc hội mang lại nhiều cơ hội trong cộng đồng.,Chính trị
lãnh đạo đang được nghiên cứu trong ngành công nghiệp.,Chính trị
cải cách tạo ra nhiều ảnh hưởng trong ngành công nghiệp.,Chính trị
chính sách mới đang được nghiên cứu trên toàn thế giới.,Chính trị
bầu cử được nhiều người quan tâm tại nhiều quốc gia.,Chính trị
bầu cử tạo ra nhiều ảnh hưởng trong nhiều doanh nghiệp.,Chính trị
chính sách mới được áp dụng rộng rãi trên mạng xã hội.,Chính trị
ngoại giao được áp dụng rộng rãi trong cộng đồng.,Chính trị
quan hệ quốc tế đang thay đổi thị trường trên mạng xã hội.,Chính trị
luật pháp đang thay đổi thị trường tại nhiều quốc gia.,Chính trị
chính phủ mang lại nhiều cơ hội tại Việt Nam.,Chính trị
bầu cử mang lại nhiều cơ hội trong ngành công nghiệp.,Chính trị
hội nghị cấp cao mang lại nhiều cơ hội trong các dự án mới.,Chính trị
chính phủ được thảo luận rộng rãi trong các tổ chức.,Chính trị
chính sách mới đang được nghiên cứu trong ngành công nghiệp.,Chính trị
lãnh đạo mang lại nhiều cơ hội trong nhiều doanh nghiệp.,Chính trị
bầu cử đang phát triển mạnh trong nhiều doanh nghiệp.,Chính trị
ngoại giao được thảo luận rộng rãi tại Việt Nam.,Chính trị
lãnh đạo đang thay đổi thị trường tại Việt Nam.,Chính trị
lãnh đạo đang phát triển mạnh tại Việt Nam.,Chính trị
quốc hội được áp dụng rộng rãi trong nhiều doanh nghiệp.,Chính trị
quan hệ quốc tế thu hút nhiều sự chú ý trong ngành công nghiệp.,Chính trị
lãnh đạo được thảo luận rộng rãi trên mạng xã hội.,Chính trị
bầu cử đang trở thành xu hướng trong nhiều doanh nghiệp.,Chính trị
quốc hội tạo ra nhiều ảnh hưởng tại Việt Nam.,Chính trị
ngoại giao đang được nghiên cứu tại Việt Nam.,Chính trị
lãnh đạo được áp dụng rộng rãi tại nhiều quốc gia.,Chính trị
chính sách mới được áp dụng rộng rãi trong các dự án mới.,Chính trị
cải cách đang trở thành xu hướng tại Việt Nam.,Chính trị
quốc hội đang thay đổi thị trường tại nhiều quốc gia.,Chính trị
cải cách thu hút nhiều sự chú ý trên mạng xã hội.,Chính trị
quan hệ quốc tế đang được nghiên cứu trong các công ty lớn.,Chính trị
chính phủ đang phát triển mạnh trong cộng đồng.,Chính trị
chính phủ tạo ra nhiều ảnh hưởng tại nhiều quốc gia.,Chính trị
hội nghị cấp cao thu hút nhiều sự chú ý tại Việt Nam.,Chính trị
hội nghị cấp cao đang được nghiên cứu tại Việt Nam.,Chính trị
cải cách được áp dụng rộng rãi trên mạng xã hội.,Chính trị
ngoại giao đang được nghiên cứu trong nhiều doanh nghiệp.,Chính trị
hội nghị cấp cao thu hút nhiều sự chú ý tại nhiều quốc gia.,Chính trị
ngoại giao được nhiều người quan tâm trong các dự án mới.,Chính trị
bầu cử được thảo luận rộng rãi trong các công ty lớn.,Chính trị
quốc hội đang thay đổi thị trường trên mạng xã hội.,Chính trị
quốc hội được thảo luận rộng rãi trong các tổ chức.,Chính trị
cải cách đang phát triển mạnh tại Việt Nam.,Chính trị
lãnh đạo được thảo luận rộng rãi trong cộng đồng.,Chính trị
chính phủ đang được nghiên cứu trong nhiều doanh nghiệp.,Chính trị
cải cách tạo ra nhiều ảnh hưởng trong cộng đồng.,Chính trị
ngoại giao đang phát triển mạnh trong các công ty lớn.,Chính trị
ngoại giao tạo ra nhiều ảnh hưởng trong các tổ chức.,Chính trị
chính phủ đang phát triển mạnh tại Việt Nam.,Chính trị
hội nghị cấp cao đang phát triển mạnh trong cộng đồng.,Chính trị
cải cách được thảo luận rộng rãi trong các dự án mới.,Chính trị
cải cách mang lại nhiều cơ hội trong các dự án mới.,Chính trị
quan hệ quốc tế được áp dụng rộng rãi trong các tổ chức.,Chính trị
luật pháp thu hút nhiều sự chú ý trên toàn thế giới.,Chính trị
bầu cử thu hút nhiều sự chú ý trên toàn thế giới.,Chính trị
luật pháp được thảo luận rộng rãi tại nhiều quốc gia.,Chính trị
ngoại giao thu hút nhiều sự chú ý trong nhiều doanh nghiệp.,Chính trị
chính sách mới được áp dụng rộng rãi tại nhiều quốc gia.,Chính trị
cải cách đang thay đổi thị trường tại Việt Nam.,Chính trị
ngoại giao đang được nghiên cứu trong cộng đồng.,Chính trị
cải cách đang phát triển mạnh trong ngành công nghiệp.,Chính trị
luật pháp đang được nghiên cứu trong nhiều doanh nghiệp.,Chính trị
luật pháp đang phát triển mạnh trong các công ty lớn.,Chính trị
lãnh đạo đang trở thành xu hướng trên mạng xã hội.,Chính trị
chính phủ thu hút nhiều sự chú ý trong các dự án mới.,Chính trị
ngoại giao đang phát triển mạnh tại nhiều quốc gia.,Chính trị
hội nghị cấp cao được thảo luận rộng rãi trong ngành công nghiệp.,Chính trị
quốc hội tạo ra nhiều ảnh hưởng trên mạng xã hội.,Chính trị
chính phủ được nhiều người quan tâm tại Việt Nam.,Chính trị
hội nghị cấp cao đang thay đổi thị trường trong các dự án mới.,Chính trị
quốc hội đang thay đổi thị trường trong nhiều doanh nghiệp.,Chính trị
chính phủ được thảo luận rộng rãi trong nhiều doanh nghiệp.,Chính trị
ngoại giao tạo ra nhiều ảnh hưởng trong nhiều doanh nghiệp.,Chính trị
ngoại giao đang phát triển mạnh trong các dự án mới.,Chính trị
luật pháp tạo ra nhiều ảnh hưởng trong các tổ chức.,Chính trị
quan hệ quốc tế thu hút nhiều sự chú ý trong các công ty lớn.,Chính trị
ngoại giao đang trở thành xu hướng trên mạng xã hội.,Chính trị
hội nghị cấp cao được áp dụng rộng rãi trong nhiều doanh nghiệp.,Chính trị
bầu cử mang lại nhiều cơ hội trên mạng xã hội.,Chính trị
chính sách mới được áp dụng rộng rãi trong các công ty lớn.,Chính trị
hội nghị cấp cao được thảo luận rộng rãi trên mạng xã hội.,Chính trị
chính sách mới tạo ra nhiều ảnh hưởng trong ngành công nghiệp.,Chính trị
quan hệ quốc tế tạo ra nhiều ảnh hưởng trong các công ty lớn.,Chính trị
chính phủ được áp dụng rộng rãi trong các công ty lớn.,Chính trị
quan hệ quốc tế đang trở thành xu hướng trong ngành công nghiệp.,Chính trị
quốc hội đang phát triển mạnh trong các công ty lớn.,Chính trị
lãnh đạo tạo ra nhiều ảnh hưởng trong ngành công nghiệp.,Chính trị
luật pháp được áp dụng rộng rãi trên toàn thế giới.,Chính trị
quốc hội đang trở thành xu hướng trong các công ty lớn.,Chính trị
chính phủ đang trở thành xu hướng trong nhiều doanh nghiệp.,Chính trị
quốc hội tạo ra nhiều ảnh hưởng trong cộng đồng.,Chính trị
cải cách tạo ra nhiều ảnh hưởng trong các tổ chức.,Chính trị
luật pháp đang được nghiên cứu tại Việt Nam.,Chính trị
hội nghị cấp cao được thảo luận rộng rãi trong các công ty lớn.,Chính trị
chính phủ đang phát triển mạnh trên mạng xã hội.,Chính trị
cải cách đang trở thành xu hướng trên mạng xã hội.,Chính trị
luật pháp đang trở thành xu hướng trong ngành công nghiệp.,Chính trị
chính sách mới thu hút nhiều sự chú ý trong nhiều doanh nghiệp.,Chính trị
quan hệ quốc tế thu hút nhiều sự chú ý trong cộng đồng.,Chính trị
quan hệ quốc tế đang được nghiên cứu trong cộng đồng.,Chính trị
chính phủ tạo ra nhiều ảnh hưởng trong nhiều doanh nghiệp.,Chính trị
lãnh đạo đang trở thành xu hướng trong các tổ chức.,Chính trị
chính phủ được áp dụng rộng rãi tại nhiều quốc gia.,Chính trị
ngoại giao thu hút nhiều sự chú ý tại nhiều quốc gia.,Chính trị
lãnh đạo được thảo luận rộng rãi trong ngành công nghiệp.,Chính trị
lãnh đạo được nhiều người quan tâm trên toàn thế giới.,Chính trị
hội nghị cấp cao được áp dụng rộng rãi trong các dự án mới.,Chính trị
quốc hội mang lại nhiều cơ hội trong các tổ chức.,Chính trị
chính phủ mang lại nhiều cơ hội trong các tổ chức.,Chính trị
chính phủ được nhiều người quan tâm trên toàn thế giới.,Chính trị
lãnh đạo đang được nghiên cứu trong các công ty lớn.,Chính trị
chính sách mới mang lại nhiều cơ hội trong các dự án mới.,Chính trị
ngoại giao được áp dụng rộng rãi trong các dự án mới.,Chính trị
quốc hội đang trở thành xu hướng tại Việt Nam.,Chính trị
ngoại giao thu hút nhiều sự chú ý tại Việt Nam.,Chính trị
ngoại giao được thảo luận rộng rãi trong ngành công nghiệp.,Chính trị
cải cách đang được nghiên cứu trong ngành công nghiệp.,Chính trị
chính sách mới được nhiều người quan tâm trong các dự án mới.,Chính trị
chính sách mới tạo ra nhiều ảnh hưởng trong các công ty lớn.,Chính trị
luật pháp đang được nghiên cứu trong các tổ chức.,Chính trị
lãnh đạo được nhiều người quan tâm trong nhiều doanh nghiệp.,Chính trị
chính sách mới được nhiều người quan tâm trong cộng đồng.,Chính trị
ngoại giao tạo ra nhiều ảnh hưởng tại nhiều quốc gia.,Chính trị
luật pháp được nhiều người quan tâm trong các tổ chức.,Chính trị
lãnh đạo được thảo luận rộng rãi trong các tổ chức.,Chính trị
bầu cử đang được nghiên cứu tại Việt Nam.,Chính trị
bầu cử được nhiều người quan tâm trong nhiều doanh nghiệp.,Chính trị
quan hệ quốc tế đang được nghiên cứu trên toàn thế giới.,Chính trị
lãnh đạo mang lại nhiều cơ hội trong các công ty lớn.,Chính trị
chính sách mới đang phát triển mạnh trên mạng xã hội.,Chính trị
quan hệ quốc tế thu hút nhiều sự chú ý trong các tổ chức.,Chính trị
lãnh đạo thu hút nhiều sự chú ý trong các tổ chức.,Chính trị
chính sách mới thu hút nhiều sự chú ý trong các dự án mới.,Chính trị
chính sách mới đang thay đổi thị trường tại nhiều quốc gia.,Chính trị
luật pháp được áp dụng rộng rãi trong các tổ chức.,Chính trị
hội nghị cấp cao thu hút nhiều sự chú ý trong ngành công nghiệp.,Chính trị
chính sách mới đang được nghiên cứu trong các công ty lớn.,Chính trị
quốc hội được thảo luận rộng rãi trong cộng đồng.,Chính trị
bầu cử mang lại nhiều cơ hội trong các tổ chức.,Chính trị
ngoại giao tạo ra nhiều ảnh hưởng tại Việt Nam.,Chính trị
quan hệ quốc tế được nhiều người quan tâm trong cộng đồng.,Chính trị
bầu cử được nhiều người quan tâm trong các công ty lớn.,Chính trị
ngoại giao tạo ra nhiều ảnh hưởng trong các công ty lớn.,Chính trị
lãnh đạo tạo ra nhiều ảnh hưởng trong các dự án mới.,Chính trị
chính phủ đang phát triển mạnh trên toàn thế giới.,Chính trị
hội nghị cấp cao được thảo luận rộng rãi tại Việt Nam.,Chính trị
chính sách mới mang lại nhiều cơ hội trong nhiều doanh nghiệp.,Chính trị
quốc hội đang trở thành xu hướng trên mạng xã hội.,Chính trị
hội nghị cấp cao được áp dụng rộng rãi trên toàn thế giới.,Chính trị
ngoại giao được thảo luận rộng rãi tại nhiều quốc gia.,Chính trị
chính sách mới đang thay đổi thị trường trong nhiều doanh nghiệp.,Chính trị
cải cách được nhiều người quan tâm trong các công ty lớn.,Chính trị
hội nghị cấp cao được nhiều người quan tâm trong các dự án mới.,Chính trị
quốc hội đang phát triển mạnh trên mạng xã hội.,Chính trị
luật pháp được nhiều người quan tâm trong cộng đồng.,Chính trị
ngoại giao đang phát triển mạnh trong các tổ chức.,Chính trị
luật pháp được nhiều người quan tâm trong các dự án mới.,Chính trị
quốc hội đang được nghiên cứu trên toàn thế giới.,Chính trị
chính sách mới đang trở thành xu hướng tại Việt Nam.,Chính trị
cải cách đang được nghiên cứu tại Việt Nam.,Chính trị
bầu cử được áp dụng rộng rãi tại nhiều quốc gia.,Chính trị
quan hệ quốc tế đang thay đổi thị trường trong cộng đồng.,Chính trị
quốc hội tạo ra nhiều ảnh hưởng tại nhiều quốc gia.,Chính trị
chính sách mới đang được nghiên cứu trong cộng đồng.,Chính trị
cải cách đang trở thành xu hướng trong các công ty lớn.,Chính trị
ngoại giao đang trở thành xu hướng trong cộng đồng.,Chính trị
chính phủ đang được nghiên cứu trong cộng đồng.,Chính trị
cải cách đang phát triển mạnh trong các công ty lớn.,Chính trị
hội nghị cấp cao đang trở thành xu hướng tại Việt Nam.,Chính trị
cải cách tạo ra nhiều ảnh hưởng trong các dự án mới.,Chính trị
quốc hội đang phát triển mạnh trên toàn thế giới.,Chính trị
quan hệ quốc tế được thảo luận rộng rãi trên mạng xã hội.,Chính trị
quốc hội đang phát triển mạnh trong cộng đồng.,Chính trị
hội nghị cấp cao tạo ra nhiều ảnh hưởng tại Việt Nam.,Chính trị
cải cách được nhiều người quan tâm trong nhiều doanh nghiệp.,Chính trị
luật pháp đang được nghiên cứu trong các công ty lớn.,Chính trị
chính phủ tạo ra nhiều ảnh hưởng trong các công ty lớn.,Chính trị
quốc hội được thảo luận rộng rãi tại nhiều quốc gia.,Chính trị
chính sách mới được thảo luận rộng rãi trong các công ty lớn.,Chính trị
bầu cử được thảo luận rộng rãi trong ngành công nghiệp.,Chính trị
quan hệ quốc tế thu hút nhiều sự chú ý trong các dự án mới.,Chính trị
hội nghị cấp cao đang trở thành xu hướng trên toàn thế giới.,Chính trị
luật pháp được thảo luận rộng rãi trên toàn thế giới.,Chính trị
quốc hội thu hút nhiều sự chú ý tại nhiều quốc gia.,Chính trị
bầu cử tạo ra nhiều ảnh hưởng trong các tổ chức.,Chính trị
bầu cử thu hút nhiều sự chú ý trong ngành công nghiệp.,Chính trị
bầu cử đang trở thành xu hướng trong cộng đồng.,Chính trị
chính phủ đang thay đổi thị trường tại Việt Nam.,Chính trị
chính sách mới mang lại nhiều cơ hội trên toàn thế giới.,Chính trị
quốc hội được áp dụng rộng rãi trong cộng đồng.,Chính trị
cải cách thu hút nhiều sự chú ý trong cộng đồng.,Chính trị
cải cách được áp dụng rộng rãi trong các công ty lớn.,Chính trị
bầu cử được thảo luận rộng rãi trên mạng xã hội.,Chính trị
quan hệ quốc tế đang thay đổi thị trường tại Việt Nam.,Chính trị
quan hệ quốc tế mang lại nhiều cơ hội trong cộng đồng.,Chính trị
lãnh đạo đang trở thành xu hướng tại nhiều quốc gia.,Chính trị
ngoại giao được thảo luận rộng rãi trên mạng xã hội.,Chính trị
cải cách đang phát triển mạnh trong các tổ chức.,Chính trị
quan hệ quốc tế được thảo luận rộng rãi tại Việt Nam.,Chính trị
hội nghị cấp cao được nhiều người quan tâm trong nhiều doanh nghiệp.,Chính trị
quan hệ quốc tế được áp dụng rộng rãi tại Việt Nam.,Chính trị
hội nghị cấp cao đang phát triển mạnh tại nhiều quốc gia.,Chính trị
chính sách mới được thảo luận rộng rãi tại nhiều quốc gia.,Chính trị
cải cách đang thay đổi thị trường trong các công ty lớn.,Chính trị
lãnh đạo được thảo luận rộng rãi tại nhiều quốc gia.,Chính trị
chính phủ đang được nghiên cứu trên toàn thế giới.,Chính trị
cải cách được áp dụng rộng rãi trên toàn thế giới.,Chính trị
luật pháp đang trở thành xu hướng trong nhiều doanh nghiệp.,Chính trị
chính phủ được thảo luận rộng rãi tại Việt Nam.,Chính trị
quan hệ quốc tế mang lại nhiều cơ hội trong các công ty lớn.,Chính trị
chính sách mới được nhiều người quan tâm trên mạng xã hội.,Chính trị
lãnh đạo thu hút nhiều sự chú ý trong nhiều doanh nghiệp.,Chính trị
chính sách mới được thảo luận rộng rãi trong các tổ chức.,Chính trị
chính phủ thu hút nhiều sự chú ý trên mạng xã hội.,Chính trị
chính phủ mang lại nhiều cơ hội trong cộng đồng.,Chính trị
quan hệ quốc tế được thảo luận rộng rãi trong các dự án mới.,Chính trị
bầu cử được thảo luận rộng rãi tại nhiều quốc gia.,Chính trị
bầu cử mang lại nhiều cơ hội trong nhiều doanh nghiệp.,Chính trị
lãnh đạo đang được nghiên cứu trên mạng xã hội.,Chính trị
quốc hội được nhiều người quan tâm trên toàn thế giới.,Chính trị
bầu cử đang thay đổi thị trường tại Việt Nam.,Chính trị
ngoại giao mang lại nhiều cơ hội trong ngành công nghiệp.,Chính trị
chính phủ được nhiều người quan tâm trong cộng đồng.,Chính trị
bầu cử đang trở thành xu hướng trên mạng xã hội.,Chính trị
quốc hội đang trở thành xu hướng tại nhiều quốc gia.,Chính trị
chính phủ thu hút nhiều sự chú ý trong cộng đồng.,Chính trị
hội nghị cấp cao thu hút nhiều sự chú ý trên mạng xã hội.,Chính trị
hội nghị cấp cao đang trở thành xu hướng trong nhiều doanh nghiệp.,Chính trị
hội nghị cấp cao đang phát triển mạnh trên mạng xã hội.,Chính trị
luật pháp đang thay đổi thị trường trong nhiều doanh nghiệp.,Chính trị
bầu cử được áp dụng rộng rãi trên toàn thế giới.,Chính trị
chính sách mới mang lại nhiều cơ hội trong các tổ chức.,Chính trị
lãnh đạo tạo ra nhiều ảnh hưởng tại Việt Nam.,Chính trị
lãnh đạo đang được nghiên cứu trong các dự án mới.,Chính trị
quốc hội được thảo luận rộng rãi trong các dự án mới.,Chính trị
luật pháp tạo ra nhiều ảnh hưởng trong các công ty lớn.,Chính trị
chính sách mới đang thay đổi thị trường trên toàn thế giới.,Chính trị
quốc hội được nhiều người quan tâm tại nhiều quốc gia.,Chính trị
chính phủ đang thay đổi thị trường trong nhiều doanh nghiệp.,Chính trị
quan hệ quốc tế đang được nghiên cứu tại nhiều quốc gia.,Chính trị
luật pháp được áp dụng rộng rãi trong cộng đồng.,Chính trị
cải cách được áp dụng rộng rãi tại nhiều quốc gia.,Chính trị
quan hệ quốc tế thu hút nhiều sự chú ý trên mạng xã hội.,Chính trị
chính phủ được thảo luận rộng rãi tại nhiều quốc gia.,Chính trị
hội nghị cấp cao đang được nghiên cứu trong ngành công nghiệp.,Chính trị
ngoại giao đang trở thành xu hướng tại nhiều quốc gia.,Chính trị
chính phủ đang trở thành xu hướng trong các dự án mới.,Chính trị
hội nghị cấp cao mang lại nhiều cơ hội trong cộng đồng.,Chính trị
lãnh đạo đang trở thành xu hướng trong các công ty lớn.,Chính trị
ngoại giao mang lại nhiều cơ hội trong nhiều doanh nghiệp.,Chính trị
luật pháp đang trở thành xu hướng trên mạng xã hội.,Chính trị
quan hệ quốc tế tạo ra nhiều ảnh hưởng trên mạng xã hội.,Chính trị
lãnh đạo tạo ra nhiều ảnh hưởng trong nhiều doanh nghiệp.,Chính trị
luật pháp đang thay đổi thị trường trong các công ty lớn.,Chính trị
cải cách được thảo luận rộng rãi trong cộng đồng.,Chính trị
lãnh đạo được áp dụng rộng rãi trên mạng xã hội.,Chính trị
cải cách thu hút nhiều sự chú ý tại Việt Nam.,Chính trị
lãnh đạo mang lại nhiều cơ hội trên toàn thế giới.,Chính trị
quốc hội được thảo luận rộng rãi trong các công ty lớn.,Chính trị
luật pháp tạo ra nhiều ảnh hưởng trong ngành công nghiệp.,Chính trị
quan hệ quốc tế được thảo luận rộng rãi trong cộng đồng.,Chính trị
chính phủ đang trở thành xu hướng trên toàn thế giới.,Chính trị
bầu cử đang phát triển mạnh trong ngành công nghiệp.,Chính trị
luật pháp mang lại nhiều cơ hội tại Việt Nam.,Chính trị
chính sách mới đang phát triển mạnh trong cộng đồng.,Chính trị
quan hệ quốc tế đang phát triển mạnh trong ngành công nghiệp.,Chính trị
chính phủ mang lại nhiều cơ hội trên toàn thế giới.,Chính trị
cải cách được thảo luận rộng rãi trên mạng xã hội.,Chính trị
quan hệ quốc tế đang được nghiên cứu trong ngành công nghiệp.,Chính trị
lãnh đạo mang lại nhiều cơ hội trong các dự án mới.,Chính trị
lãnh đạo đang được nghiên cứu trong nhiều doanh nghiệp.,Chính trị
hội nghị cấp cao được áp dụng rộng rãi trong cộng đồng.,Chính trị
bầu cử tạo ra nhiều ảnh hưởng trên mạng xã hội.,Chính trị
quan hệ quốc tế đang phát triển mạnh trong các tổ chức.,Chính trị
hội nghị cấp cao đang thay đổi thị trường trong các công ty lớn.,Chính trị
ngoại giao đang được nghiên cứu trong các dự án mới.,Chính trị
lãnh đạo được thảo luận rộng rãi trong các công ty lớn.,Chính trị
bầu cử tạo ra nhiều ảnh hưởng trong các dự án mới.,Chính trị
chính phủ đang được nghiên cứu trong các dự án mới.,Chính trị
ngoại giao được nhiều người quan tâm tại nhiều quốc gia.,Chính trị
ngoại giao mang lại nhiều cơ hội trong cộng đồng.,Chính trị
lãnh đạo đang thay đổi thị trường trong các tổ chức.,Chính trị
quan hệ quốc tế thu hút nhiều sự chú ý tại nhiều quốc gia.,Chính trị
hội nghị cấp cao được thảo luận rộng rãi trong nhiều doanh nghiệp.,Chính trị
chính phủ tạo ra nhiều ảnh hưởng trong các dự án mới.,Chính trị
luật pháp đang được nghiên cứu trong ngành công nghiệp.,Chính trị
bầu cử đang được nghiên cứu trên mạng xã hội.,Chính trị
quan hệ quốc tế được nhiều người quan tâm trên mạng xã hội.,Chính trị
luật pháp được thảo luận rộng rãi trong nhiều doanh nghiệp.,Chính trị
cải cách được áp dụng rộng rãi trong ngành công nghiệp.,Chính trị
quốc hội thu hút nhiều sự chú ý trong ngành công nghiệp.,Chính trị
chính sách mới mang lại nhiều cơ hội tại nhiều quốc gia.,Chính trị
chính phủ tạo ra nhiều ảnh hưởng trên toàn thế giới.,Chính trị
chính phủ đang trở thành xu hướng trong cộng đồng.,Chính trị
bầu cử được áp dụng rộng rãi trong các dự án mới.,Chính trị
cải cách mang lại nhiều cơ hội trong các tổ chức.,Chính trị
bầu cử đang trở thành xu hướng trên toàn thế giới.,Chính trị
luật pháp đang trở thành xu hướng tại Việt Nam.,Chính trị
cải cách thu hút nhiều sự chú ý trong nhiều doanh nghiệp.,Chính trị
luật pháp mang lại nhiều cơ hội trên mạng xã hội.,Chính trị
cải cách đang trở thành xu hướng tại nhiều quốc gia.,Chính trị
quan hệ quốc tế tạo ra nhiều ảnh hưởng trong các dự án mới.,Chính trị
chính sách mới được nhiều người quan tâm trong các công ty lớn.,Chính trị
hội nghị cấp cao được nhiều người quan tâm trong ngành công nghiệp.,Chính trị
chính phủ được nhiều người quan tâm trong nhiều doanh nghiệp.,Chính trị
luật pháp mang lại nhiều cơ hội trong các công ty lớn.,Chính trị
luật pháp thu hút nhiều sự chú ý trong các dự án mới.,Chính trị
cải cách tạo ra nhiều ảnh hưởng trên mạng xã hội.,Chính trị
chính sách mới tạo ra nhiều ảnh hưởng trong các dự án mới.,Chính trị
chính sách mới được áp dụng rộng rãi trên toàn thế giới.,Chính trị
hội nghị cấp cao mang lại nhiều cơ hội tại Việt Nam.,Chính trị
quan hệ quốc tế mang lại nhiều cơ hội trong các tổ chức.,Chính trị
chính phủ được nhiều người quan tâm trong các dự án mới.,Chính trị
lãnh đạo đang phát triển mạnh trong các công ty lớn.,Chính trị
bầu cử tạo ra nhiều ảnh hưởng trong các công ty lớn.,Chính trị
quốc hội tạo ra nhiều ảnh hưởng trong ngành công nghiệp.,Chính trị
ngoại giao được thảo luận rộng rãi trong nhiều doanh nghiệp.,Chính trị
quan hệ quốc tế đang phát triển mạnh trong các công ty lớn.,Chính trị
quan hệ quốc tế đang thay đổi thị trường trong các tổ chức.,Chính trị
quốc hội được nhiều người quan tâm trong các tổ chức.,Chính trị
ngoại giao tạo ra nhiều ảnh hưởng trong ngành công nghiệp.,Chính trị
cải cách tạo ra nhiều ảnh hưởng trên toàn thế giới.,Chính trị
lãnh đạo đang thay đổi thị trường trong các dự án mới.,Chính trị
cải cách đang trở thành xu hướng trong cộng đồng.,Chính trị
ngoại giao đang thay đổi thị trường tại nhiều quốc gia.,Chính trị
ngoại giao đang phát triển mạnh tại Việt Nam.,Chính trị
quốc hội thu hút nhiều sự chú ý trong các công ty lớn.,Chính trị
chính sách mới được áp dụng rộng rãi tại Việt Nam.,Chính trị
hội nghị cấp cao đang trở thành xu hướng trong các dự án mới.,Chính trị
quan hệ quốc tế tạo ra nhiều ảnh hưởng trên toàn thế giới.,Chính trị
quan hệ quốc tế được nhiều người quan tâm tại nhiều quốc gia.,Chính trị
lãnh đạo đang trở thành xu hướng trong ngành công nghiệp.,Chính trị
hội nghị cấp cao tạo ra nhiều ảnh hưởng tại nhiều quốc gia.,Chính trị
lãnh đạo thu hút nhiều sự chú ý trong các dự án mới.,Chính trị
quan hệ quốc tế tạo ra nhiều ảnh hưởng trong nhiều doanh nghiệp.,Chính trị
ngoại giao thu hút nhiều sự chú ý trong các công ty lớn.,Chính trị
chính sách mới được nhiều người quan tâm tại Việt Nam.,Chính trị
cải cách đang thay đổi thị trường trong các dự án mới.,Chính trị
cải cách được nhiều người quan tâm trong các dự án mới.,Chính trị
luật pháp đang phát triển mạnh trong ngành công nghiệp.,Chính trị
hội nghị cấp cao đang được nghiên cứu trong các dự án mới.,Chính trị
bầu cử đang thay đổi thị trường trong cộng đồng.,Chính trị
ngoại giao đang trở thành xu hướng trong nhiều doanh nghiệp.,Chính trị
cải cách được thảo luận rộng rãi trong các công ty lớn.,Chính trị
chính phủ đang thay đổi thị trường trên toàn thế giới.,Chính trị
luật pháp được nhiều người quan tâm trên mạng xã hội.,Chính trị
cải cách thu hút nhiều sự chú ý tại nhiều quốc gia.,Chính trị
lãnh đạo tạo ra nhiều ảnh hưởng trên toàn thế giới.,Chính trị
bầu cử đang trở thành xu hướng trong các tổ chức.,Chính trị
chính sách mới được nhiều người quan tâm trong nhiều doanh nghiệp.,Chính trị
cải cách đang phát triển mạnh tại nhiều quốc gia.,Chính trị
bầu cử mang lại nhiều cơ hội trong các dự án mới.,Chính trị
cải cách đang phát triển mạnh trên toàn thế giới.,Chính trị
quốc hội mang lại nhiều cơ hội trong ngành công nghiệp.,Chính trị
chính sách mới thu hút nhiều sự chú ý trong các tổ chức.,Chính trị
lãnh đạo thu hút nhiều sự chú ý trên toàn thế giới.,Chính trị
luật pháp đang phát triển mạnh trên toàn thế giới.,Chính trị
hội nghị cấp cao tạo ra nhiều ảnh hưởng trong cộng đồng.,Chính trị
cải cách đang được nghiên cứu trong nhiều doanh nghiệp.,Chính trị
luật pháp được thảo luận rộng rãi trên mạng xã hội.,Chính trị
luật pháp tạo ra nhiều ảnh hưởng trên mạng xã hội.,Chính trị
hội nghị cấp cao tạo ra nhiều ảnh hưởng trong các dự án mới.,Chính trị
chính sách mới đang được nghiên cứu trên mạng xã hội.,Chính trị
quan hệ quốc tế mang lại nhiều cơ hội trên toàn thế giới.,Chính trị
ngoại giao đang được nghiên cứu trong các công ty lớn.,Chính trị
lãnh đạo đang phát triển mạnh trong các tổ chức.,Chính trị
quốc hội thu hút nhiều sự chú ý trên mạng xã hội.,Chính trị
luật pháp đang thay đổi thị trường trong cộng đồng.,Chính trị
lãnh đạo đang phát triển mạnh trong ngành công nghiệp.,Chính trị
bầu cử được áp dụng rộng rãi trong các công ty lớn.,Chính trị
chính sách mới tạo ra nhiều ảnh hưởng trong nhiều doanh nghiệp.,Chính trị
luật pháp đang phát triển mạnh trong nhiều doanh nghiệp.,Chính trị
ngoại giao được thảo luận rộng rãi trong các tổ chức.,Chính trị
quan hệ quốc tế được thảo luận rộng rãi trên toàn thế giới.,Chính trị
quốc hội đang được nghiên cứu trong các tổ chức.,Chính trị
cải cách mang lại nhiều cơ hội trên mạng xã hội.,Chính trị
chính phủ đang trở thành xu hướng tại nhiều quốc gia.,Chính trị
cải cách đang thay đổi thị trường trong ngành công nghiệp.,Chính trị
quan hệ quốc tế đang được nghiên cứu tại Việt Nam.,Chính trị
quan hệ quốc tế được nhiều người quan tâm trong các tổ chức.,Chính trị
lãnh đạo thu hút nhiều sự chú ý trong các công ty lớn.,Chính trị
cải cách đang thay đổi thị trường trên mạng xã hội.,Chính trị
lãnh đạo thu hút nhiều sự chú ý tại Việt Nam.,Chính trị
luật pháp đang thay đổi thị trường trong các tổ chức.,Chính trị
quốc hội được nhiều người quan tâm tại Việt Nam.,Chính trị
hội nghị cấp cao được áp dụng rộng rãi trên mạng xã hội.,Chính trị
cải cách được thảo luận rộng rãi trong các tổ chức.,Chính trị
quốc hội mang lại nhiều cơ hội tại nhiều quốc gia.,Chính trị
bầu cử thu hút nhiều sự chú ý trong các dự án mới.,Chính trị
cải cách đang được nghiên cứu trong cộng đồng.,Chính trị
ngoại giao tạo ra nhiều ảnh hưởng trên mạng xã hội.,Chính trị
bầu cử thu hút nhiều sự chú ý trong nhiều doanh nghiệp.,Chính trị
ngoại giao được nhiều người quan tâm trong các tổ chức.,Chính trị
lãnh đạo đang trở thành xu hướng tại Việt Nam.,Chính trị
quốc hội đang phát triển mạnh tại Việt Nam.,Chính trị
quan hệ quốc tế được áp dụng rộng rãi trong các dự án mới.,Chính trị
bầu cử đang phát triển mạnh trong các công ty lớn.,Chính trị
quan hệ quốc tế tạo ra nhiều ảnh hưởng trong các tổ chức.,Chính trị
cải cách được nhiều người quan tâm trong cộng đồng.,Chính trị
hội nghị cấp cao tạo ra nhiều ảnh hưởng trong các tổ chức.,Chính trị
hội nghị cấp cao được thảo luận rộng rãi trong các dự án mới.,Chính trị
quốc hội được áp dụng rộng rãi trên mạng xã hội.,Chính trị
bầu cử được nhiều người quan tâm trong cộng đồng.,Chính trị
lãnh đạo đang thay đổi thị trường trên mạng xã hội.,Chính trị
chính phủ đang trở thành xu hướng trong các công ty lớn.,Chính trị
quốc hội đang phát triển mạnh tại nhiều quốc gia.,Chính trị
hội nghị cấp cao mang lại nhiều cơ hội trong nhiều doanh nghiệp.,Chính trị
chính sách mới đang phát triển mạnh tại Việt Nam.,Chính trị
quan hệ quốc tế mang lại nhiều cơ hội trong nhiều doanh nghiệp.,Chính trị
luật pháp đang phát triển mạnh tại nhiều quốc gia.,Chính trị
cải cách được áp dụng rộng rãi tại Việt Nam.,Chính trị
luật pháp được áp dụng rộng rãi trong các công ty lớn.,Chính trị
hội nghị cấp cao đang thay đổi thị trường trên mạng xã hội.,Chính trị
ngoại giao thu hút nhiều sự chú ý trên toàn thế giới.,Chính trị
ngoại giao đang thay đổi thị trường trong nhiều doanh nghiệp.,Chính trị
bầu cử được thảo luận rộng rãi tại Việt Nam.,Chính trị
luật pháp đang trở thành xu hướng trong cộng đồng.,Chính trị
ngoại giao đang phát triển mạnh trong cộng đồng.,Chính trị
quan hệ quốc tế được nhiều người quan tâm trong ngành công nghiệp.,Chính trị
bầu cử được thảo luận rộng rãi trên toàn thế giới.,Chính trị
cải cách được nhiều người quan tâm trong ngành công nghiệp.,Chính trị
chính phủ đang phát triển mạnh trong ngành công nghiệp.,Chính trị
chính sách mới đang trở thành xu hướng trên mạng xã hội.,Chính trị
quốc hội đang phát triển mạnh trong các dự án mới.,Chính trị
quan hệ quốc tế đang thay đổi thị trường trong nhiều doanh nghiệp.,Chính trị
cải cách được thảo luận rộng rãi tại Việt Nam.,Chính trị
ngoại giao tạo ra nhiều ảnh hưởng trong các dự án mới.,Chính trị
chính sách mới đang được nghiên cứu tại Việt Nam.,Chính trị
cải cách tạo ra nhiều ảnh hưởng trong nhiều doanh nghiệp.,Chính trị
hội nghị cấp cao đang trở thành xu hướng trong cộng đồng.,Chính trị
bầu cử mang lại nhiều cơ hội trên toàn thế giới.,Chính trị
quốc hội tạo ra nhiều ảnh hưởng trong các công ty lớn.,Chính trị
quan hệ quốc tế đang phát triển mạnh tại nhiều quốc gia.,Chính trị
ngoại giao được áp dụng rộng rãi trong các tổ chức.,Chính trị
quan hệ quốc tế được áp dụng rộng rãi trong ngành công nghiệp.,Chính trị
lãnh đạo được nhiều người quan tâm trong các công ty lớn.,Chính trị
lãnh đạo được áp dụng rộng rãi trong các tổ chức.,Chính trị
luật pháp mang lại nhiều cơ hội trong cộng đồng.,Chính trị
quốc hội được nhiều người quan tâm trong nhiều doanh nghiệp.,Chính trị
quan hệ quốc tế đang thay đổi thị trường tại nhiều quốc gia.,Chính trị
hội nghị cấp cao đang được nghiên cứu tại nhiều quốc gia.,Chính trị
ngoại giao được nhiều người quan tâm trong ngành công nghiệp.,Chính trị
chính phủ thu hút nhiều sự chú ý trong nhiều doanh nghiệp.,Chính trị
lãnh đạo được nhiều người quan tâm tại nhiều quốc gia.,Chính trị
chính phủ mang lại nhiều cơ hội trong nhiều doanh nghiệp.,Chính trị
lãnh đạo đang trở thành xu hướng trên toàn thế giới.,Chính trị
quốc hội đang trở thành xu hướng trong ngành công nghiệp.,Chính trị
ngoại giao đang trở thành xu hướng trong các tổ chức.,Chính trị
chính phủ tạo ra nhiều ảnh hưởng trong ngành công nghiệp.,Chính trị
quốc hội đang trở thành xu hướng trong các tổ chức.,Chính trị
ngoại giao đang thay đổi thị trường trong các tổ chức.,Chính trị
lãnh đạo được nhiều người quan tâm tại Việt Nam.,Chính trị
quan hệ quốc tế thu hút nhiều sự chú ý trong nhiều doanh nghiệp.,Chính trị
chính phủ được áp dụng rộng rãi tại Việt Nam.,Chính trị
lãnh đạo đang phát triển mạnh trong cộng đồng.,Chính trị
hội nghị cấp cao tạo ra nhiều ảnh hưởng trong ngành công nghiệp.,Chính trị
ngoại giao đang phát triển mạnh trong nhiều doanh nghiệp.,Chính trị
lãnh đạo đang thay đổi thị trường trong nhiều doanh nghiệp.,Chính trị
chính phủ tạo ra nhiều ảnh hưởng trên mạng xã hội.,Chính trị
chính sách mới mang lại nhiều cơ hội trong ngành công nghiệp.,Chính trị
hội nghị cấp cao tạo ra nhiều ảnh hưởng trong nhiều doanh nghiệp.,Chính trị
luật pháp mang lại nhiều cơ hội trong ngành công nghiệp.,Chính trị
bầu cử đang trở thành xu hướng trong các công ty lớn.,Chính trị
quan hệ quốc tế đang trở thành xu hướng tại Việt Nam.,Chính trị
ngoại giao đang thay đổi thị trường trên toàn thế giới.,Chính trị
cải cách được nhiều người quan tâm trong các tổ chức.,Chính trị
hội nghị cấp cao đang thay đổi thị trường trong nhiều doanh nghiệp.,Chính trị
hội nghị cấp cao đang được nghiên cứu trên mạng xã hội.,Chính trị
cải cách đang phát triển mạnh trong cộng đồng.,Chính trị
lãnh đạo được nhiều người quan tâm trong các dự án mới.,Chính trị
chính sách mới mang lại nhiều cơ hội tại Việt Nam.,Chính trị
ngoại giao đang trở thành xu hướng trong các dự án mới.,Chính trị
cải cách đang phát triển mạnh trong nhiều doanh nghiệp.,Chính trị
ngoại giao đang phát triển mạnh trong ngành công nghiệp.,Chính trị
luật pháp mang lại nhiều cơ hội trong các dự án mới.,Chính trị
quốc hội được thảo luận rộng rãi trong nhiều doanh nghiệp.,Chính trị
bầu cử được thảo luận rộng rãi trong cộng đồng.,Chính trị
lãnh đạo đang thay đổi thị trường trong ngành công nghiệp.,Chính trị
luật pháp được nhiều người quan tâm trong các công ty lớn.,Chính trị
ngoại giao được nhiều người quan tâm tại Việt Nam.,Chính trị
quan hệ quốc tế đang được nghiên cứu trên mạng xã hội.,Chính trị
chính sách mới được thảo luận rộng rãi trong nhiều doanh nghiệp.,Chính trị
quan hệ quốc tế đang trở thành xu hướng trên toàn thế giới.,Chính trị
chính sách mới được áp dụng rộng rãi trong cộng đồng.,Chính trị
ngoại giao mang lại nhiều cơ hội trên toàn thế giới.,Chính trị
chính sách mới đang phát triển mạnh trong các công ty lớn.,Chính trị
bầu cử được thảo luận rộng rãi trong các dự án mới.,Chính trị
chính phủ thu hút nhiều sự chú ý trong ngành công nghiệp.,Chính trị
quan hệ quốc tế đang phát triển mạnh tại Việt Nam.,Chính trị
bầu cử đang phát triển mạnh trong cộng đồng.,Chính trị
cải cách mang lại nhiều cơ hội trên toàn thế giới.,Chính trị
bầu cử đang thay đổi thị trường trong các công ty lớn.,Chính trị
ngoại giao tạo ra nhiều ảnh hưởng trên toàn thế giới.,Chính trị
ngoại giao mang lại nhiều cơ hội tại Việt Nam.,Chính trị
hội nghị cấp cao đang trở thành xu hướng trên mạng xã hội.,Chính trị
quốc hội đang thay đổi thị trường trên toàn thế giới.,Chính trị
cải cách thu hút nhiều sự chú ý trên toàn thế giới.,Chính trị
quốc hội được thảo luận rộng rãi tại Việt Nam.,Chính trị
chính phủ được áp dụng rộng rãi trong cộng đồng.,Chính trị
chính sách mới đang phát triển mạnh trong các dự án mới.,Chính trị
lãnh đạo thu hút nhiều sự chú ý trong ngành công nghiệp.,Chính trị
hội nghị cấp cao thu hút nhiều sự chú ý trong các công ty lớn.,Chính trị
ngoại giao được áp dụng rộng rãi trên toàn thế giới.,Chính trị
ngoại giao được áp dụng rộng rãi trong nhiều doanh nghiệp.,Chính trị
luật pháp được áp dụng rộng rãi trên mạng xã hội.,Chính trị
lãnh đạo đang phát triển mạnh trên toàn thế giới.,Chính trị
chính sách mới thu hút nhiều sự chú ý trên mạng xã hội.,Chính trị
luật pháp tạo ra nhiều ảnh hưởng tại Việt Nam.,Chính trị
lãnh đạo mang lại nhiều cơ hội trên mạng xã hội.,Chính trị
quan hệ quốc tế mang lại nhiều cơ hội trên mạng xã hội.,Chính trị
lãnh đạo đang thay đổi thị trường trên toàn thế giới.,Chính trị
bầu cử đang thay đổi thị trường trong ngành công nghiệp.,Chính trị
quan hệ quốc tế đang thay đổi thị trường trong ngành công nghiệp.,Chính trị
bầu cử đang phát triển mạnh tại nhiều quốc gia.,Chính trị
bầu cử thu hút nhiều sự chú ý tại Việt Nam.,Chính trị
quốc hội được áp dụng rộng rãi trên toàn thế giới.,Chính trị
quốc hội thu hút nhiều sự chú ý trong nhiều doanh nghiệp.,Chính trị
quốc hội đang thay đổi thị trường trong các tổ chức.,Chính trị
quốc hội đang phát triển mạnh trong nhiều doanh nghiệp.,Chính trị
cải cách đang thay đổi thị trường tại nhiều quốc gia.,Chính trị
luật pháp thu hút nhiều sự chú ý trong cộng đồng.,Chính trị
chính sách mới đang phát triển mạnh trong các tổ chức.,Chính trị
chính sách mới được thảo luận rộng rãi trên toàn thế giới.,Chính trị
cải cách tạo ra nhiều ảnh hưởng trong các công ty lớn.,Chính trị
quốc hội đang được nghiên cứu tại Việt Nam.,Chính trị
chính phủ đang được nghiên cứu trên mạng xã hội.,Chính trị
hội nghị cấp cao tạo ra nhiều ảnh hưởng trên mạng xã hội.,Chính trị
chính phủ đang trở thành xu hướng trong các tổ chức.,Chính trị
cải cách đang thay đổi thị trường trong nhiều doanh nghiệp.,Chính trị
chính sách mới được áp dụng rộng rãi trong các tổ chức.,Chính trị
cải cách tạo ra nhiều ảnh hưởng tại nhiều quốc gia.,Chính trị
hội nghị cấp cao được áp dụng rộng rãi trong các công ty lớn.,Chính trị
cải cách đang trở thành xu hướng trong các tổ chức.,Chính trị
chính sách mới đang trở thành xu hướng trong cộng đồng.,Chính trị
bầu cử mang lại nhiều cơ hội trong các công ty lớn.,Chính trị
hội nghị cấp cao thu hút nhiều sự chú ý trong nhiều doanh nghiệp.,Chính trị
hội nghị cấp cao đang thay đổi thị trường trong các tổ chức.,Chính trị
bầu cử đang thay đổi thị trường trên toàn thế giới.,Chính trị
chính phủ được áp dụng rộng rãi trong các tổ chức.,Chính trị
luật pháp đang phát triển mạnh trên mạng xã hội.,Chính trị
ngoại giao đang trở thành xu hướng trong các công ty lớn.,Chính trị
cải cách thu hút nhiều sự chú ý trong ngành công nghiệp.,Chính trị
lãnh đạo tạo ra nhiều ảnh hưởng trong các tổ chức.,Chính trị
ngoại giao đang thay đổi thị trường trong ngành công nghiệp.,Chính trị
lãnh đạo đang được nghiên cứu trong các tổ chức.,Chính trị
quan hệ quốc tế được thảo luận rộng rãi trong ngành công nghiệp.,Chính trị
lãnh đạo được nhiều người quan tâm trong các tổ chức.,Chính trị
quốc hội đang trở thành xu hướng trên toàn thế giới.,Chính trị
cải cách được thảo luận rộng rãi trên toàn thế giới.,Chính trị
giáo viên tạo ra nhiều ảnh hưởng trên toàn thế giới.,Giáo dục
kỳ thi thu hút nhiều sự chú ý tại nhiều quốc gia.,Giáo dục
học bổng đang phát triển mạnh tại nhiều quốc gia.,Giáo dục
giáo viên đang trở thành xu hướng trong các tổ chức.,Giáo dục
sinh viên được áp dụng rộng rãi trong các dự án mới.,Giáo dục
giáo dục số mang lại nhiều cơ hội trên mạng xã hội.,Giáo dục
giáo dục số đang phát triển mạnh trên mạng xã hội.,Giáo dục
sinh viên được thảo luận rộng rãi tại nhiều quốc gia.,Giáo dục
kỳ thi thu hút nhiều sự chú ý trong các dự án mới.,Giáo dục
kỳ thi được thảo luận rộng rãi trong ngành công nghiệp.,Giáo dục
giáo viên được áp dụng rộng rãi trong ngành công nghiệp.,Giáo dục
bài giảng đang phát triển mạnh trong các tổ chức.,Giáo dục
giáo viên được nhiều người quan tâm tại Việt Nam.,Giáo dục
học bổng được áp dụng rộng rãi trong ngành công nghiệp.,Giáo dục
bài giảng đang được nghiên cứu trong các dự án mới.,Giáo dục
chương trình đào tạo được nhiều người quan tâm tại nhiều quốc gia.,Giáo dục
bài giảng đang thay đổi thị trường trên mạng xã hội.,Giáo dục
giáo dục số mang lại nhiều cơ hội trong các công ty lớn.,Giáo dục
nghiên cứu khoa học đang thay đổi thị trường tại Việt Nam.,Giáo dục
học trực tuyến được nhiều người quan tâm trong nhiều doanh nghiệp.,Giáo dục
trường đại học tạo ra nhiều ảnh hưởng trên toàn thế giới.,Giáo dục
học trực tuyến tạo ra nhiều ảnh hưởng trong cộng đồng.,Giáo dục
học bổng đang phát triển mạnh trong các tổ chức.,Giáo dục
giáo viên được thảo luận rộng rãi tại Việt Nam.,Giáo dục
kỳ thi đang thay đổi thị trường trong các công ty lớn.,Giáo dục
chương trình đào tạo tạo ra nhiều ảnh hưởng trong nhiều doanh nghiệp.,Giáo dục
chương trình đào tạo đang thay đổi thị trường trên toàn thế giới.,Giáo dục
giáo viên thu hút nhiều sự chú ý trên mạng xã hội.,Giáo dục
sinh viên tạo ra nhiều ảnh hưởng trên toàn thế giới.,Giáo dục
chương trình đào tạo được áp dụng rộng rãi trên mạng xã hội.,Giáo dục
giáo dục số được thảo luận rộng rãi trong cộng đồng.,Giáo dục
học trực tuyến đang được nghiên cứu tại Việt Nam.,Giáo dục
bài giảng đang trở thành xu hướng trong nhiều doanh nghiệp.,Giáo dục
học trực tuyến được nhiều người quan tâm tại nhiều quốc gia.,Giáo dục
sinh viên đang phát triển mạnh trong ngành công nghiệp.,Giáo dục
kỳ thi tạo ra nhiều ảnh hưởng trong cộng đồng.,Giáo dục
học bổng đang phát triển mạnh tại Việt Nam.,Giáo dục
kỳ thi đang trở thành xu hướng trong các dự án mới.,Giáo dục
bài giảng tạo ra nhiều ảnh hưởng trong các công ty lớn.,Giáo dục
giáo viên được thảo luận rộng rãi trong các dự án mới.,Giáo dục
chương trình đào tạo được nhiều người quan tâm trong các dự án mới.,Giáo dục
sinh viên đang được nghiên cứu trên toàn thế giới.,Giáo dục
trường đại học đang được nghiên cứu tại Việt Nam.,Giáo dục
giáo dục số tạo ra nhiều ảnh hưởng trên mạng xã hội.,Giáo dục
giáo dục số tạo ra nhiều ảnh hưởng trong các tổ chức.,Giáo dục
giáo dục số được áp dụng rộng rãi trên toàn thế giới.,Giáo dục
trường đại học được áp dụng rộng rãi tại Việt Nam.,Giáo dục
nghiên cứu khoa học đang phát triển mạnh trên toàn thế giới.,Giáo dục
nghiên cứu khoa học đang phát triển mạnh trong ngành công nghiệp.,Giáo dục
trường đại học được thảo luận rộng rãi tại nhiều quốc gia.,Giáo dục
chương trình đào tạo mang lại nhiều cơ hội trong ngành công nghiệp.,Giáo dục
bài giảng được nhiều người quan tâm trong các tổ chức.,Giáo dục
bài giảng tạo ra nhiều ảnh hưởng tại nhiều quốc gia.,Giáo dục
học trực tuyến được nhiều người quan tâm trên toàn thế giới.,Giáo dục
học bổng đang phát triển mạnh trên mạng xã hội.,Giáo dục
chương trình đào tạo tạo ra nhiều ảnh hưởng trong các dự án mới.,Giáo dục
kỳ thi được thảo luận rộng rãi trong các tổ chức.,Giáo dục
giáo dục số đang trở thành xu hướng trong cộng đồng.,Giáo dục
bài giảng đang được nghiên cứu trong cộng đồng.,Giáo dục
học bổng đang phát triển mạnh trong các dự án mới.,Giáo dục
kỳ thi được áp dụng rộng rãi tại Việt Nam.,Giáo dục
học bổng mang lại nhiều cơ hội tại Việt Nam.,Giáo dục
học trực tuyến được áp dụng rộng rãi tại nhiều quốc gia.,Giáo dục
chương trình đào tạo đang được nghiên cứu tại Việt Nam.,Giáo dục
bài giảng thu hút nhiều sự chú ý trong các dự án mới.,Giáo dục
kỳ thi tạo ra nhiều ảnh hưởng trên mạng xã hội.,Giáo dục
trường đại học đang trở thành xu hướng trong các dự án mới.,Giáo dục
giáo dục số được nhiều người quan tâm trong ngành công nghiệp.,Giáo dục
bài giảng thu hút nhiều sự chú ý trên toàn thế giới.,Giáo dục
giáo viên đang phát triển mạnh trong các tổ chức.,Giáo dục
sinh viên được áp dụng rộng rãi trong các công ty lớn.,Giáo dục
học bổng tạo ra nhiều ảnh hưởng tại nhiều quốc gia.,Giáo dục
kỳ thi đang được nghiên cứu trong các dự án mới.,Giáo dục
giáo dục số mang lại nhiều cơ hội trong ngành công nghiệp.,Giáo dục
kỳ thi đang trở thành xu hướng trên toàn thế giới.,Giáo dục
bài giảng được thảo luận rộng rãi tại Việt Nam.,Giáo dục
giáo viên được nhiều người quan tâm trong các dự án mới.,Giáo dục
kỳ thi thu hút nhiều sự chú ý tại Việt Nam.,Giáo dục
giáo dục số đang được nghiên cứu tại nhiều quốc gia.,Giáo dục
sinh viên được thảo luận rộng rãi trong cộng đồng.,Giáo dục
kỳ thi đang thay đổi thị trường trong nhiều doanh nghiệp.,Giáo dục
trường đại học thu hút nhiều sự chú ý trong ngành công nghiệp.,Giáo dục
bài giảng được thảo luận rộng rãi trong nhiều doanh nghiệp.,Giáo dục
giáo dục số đang phát triển mạnh tại nhiều quốc gia.,Giáo dục
chương trình đào tạo đang phát triển mạnh trong các dự án mới.,Giáo dục
kỳ thi được nhiều người quan tâm trên mạng xã hội.,Giáo dục
nghiên cứu khoa học được áp dụng rộng rãi trong các công ty lớn.,Giáo dục
sinh viên đang được nghiên cứu trên mạng xã hội.,Giáo dục
sinh viên được nhiều người quan tâm trong cộng đồng.,Giáo dục
trường đại học được nhiều người quan tâm tại Việt Nam.,Giáo dục
kỳ thi đang phát triển mạnh trên mạng xã hội.,Giáo dục
giáo viên đang thay đổi thị trường trong ngành công nghiệp.,Giáo dục
bài giảng đang trở thành xu hướng tại nhiều quốc gia.,Giáo dục
sinh viên được thảo luận rộng rãi trong nhiều doanh nghiệp.,Giáo dục
sinh viên được nhiều người quan tâm trong các công ty lớn.,Giáo dục
nghiên cứu khoa học được nhiều người quan tâm trong các tổ chức.,Giáo dục
chương trình đào tạo mang lại nhiều cơ hội trong các công ty lớn.,Giáo dục
giáo viên đang được nghiên cứu trong các công ty lớn.,Giáo dục
kỳ thi đang thay đổi thị trường trong cộng đồng.,Giáo dục
trường đại học mang lại nhiều cơ hội trong nhiều doanh nghiệp.,Giáo dục
nghiên cứu khoa học tạo ra nhiều ảnh hưởng trong các dự án mới.,Giáo dục
giáo dục số đang phát triển mạnh trong các công ty lớn.,Giáo dục
nghiên cứu khoa học đang được nghiên cứu trong các dự án mới.,Giáo dục
nghiên cứu khoa học đang được nghiên cứu trong các công ty lớn.,Giáo dục
bài giảng được áp dụng rộng rãi trong các tổ chức.,Giáo dục
học trực tuyến được thảo luận rộng rãi tại Việt Nam.,Giáo dục
trường đại học đang thay đổi thị trường trong các công ty lớn.,Giáo dục
giáo dục số đang phát triển mạnh trong ngành công nghiệp.,Giáo dục
giáo viên tạo ra nhiều ảnh hưởng trong các công ty lớn.,Giáo dục
học bổng mang lại nhiều cơ hội trong ngành công nghiệp.,Giáo dục
trường đại học đang thay đổi thị trường tại Việt Nam.,Giáo dục
giáo viên được thảo luận rộng rãi tại nhiều quốc gia.,Giáo dục
giáo dục số đang trở thành xu hướng trong ngành công nghiệp.,Giáo dục
nghiên cứu khoa học tạo ra nhiều ảnh hưởng trên toàn thế giới.,Giáo dục
học trực tuyến đang thay đổi thị trường trong ngành công nghiệp.,Giáo dục
nghiên cứu khoa học tạo ra nhiều ảnh hưởng tại nhiều quốc gia.,Giáo dục
trường đại học được áp dụng rộng rãi trong các dự án mới.,Giáo dục
học trực tuyến thu hút nhiều sự chú ý trên mạng xã hội.,Giáo dục
sinh viên tạo ra nhiều ảnh hưởng trong các dự án mới.,Giáo dục
giáo viên đang phát triển mạnh trong nhiều doanh nghiệp.,Giáo dục
sinh viên đang được nghiên cứu trong các dự án mới.,Giáo dục
học trực tuyến đang thay đổi thị trường trong cộng đồng.,Giáo dục
kỳ thi mang lại nhiều cơ hội trong các tổ chức.,Giáo dục
nghiên cứu khoa học thu hút nhiều sự chú ý trên toàn thế giới.,Giáo dục
sinh viên được nhiều người quan tâm tại nhiều quốc gia.,Giáo dục
học trực tuyến đang trở thành xu hướng trong các công ty lớn.,Giáo dục
giáo viên đang được nghiên cứu tại Việt Nam.,Giáo dục
giáo viên đang trở thành xu hướng trong cộng đồng.,Giáo dục
chương trình đào tạo đang phát triển mạnh trong ngành công nghiệp.,Giáo dục
chương trình đào tạo tạo ra nhiều ảnh hưởng tại Việt Nam.,Giáo dục
học bổng thu hút nhiều sự chú ý trên mạng xã hội.,Giáo dục
trường đại học đang được nghiên cứu trong các dự án mới.,Giáo dục
sinh viên đang phát triển mạnh tại Việt Nam.,Giáo dục
chương trình đào tạo được nhiều người quan tâm tại Việt Nam.,Giáo dục
nghiên cứu khoa học được áp dụng rộng rãi trong các tổ chức.,Giáo dục
nghiên cứu khoa học tạo ra nhiều ảnh hưởng trong nhiều doanh nghiệp.,Giáo dục
kỳ thi đang phát triển mạnh tại Việt Nam.,Giáo dục
học trực tuyến đang trở thành xu hướng trong nhiều doanh nghiệp.,Giáo dục
học bổng đang thay đổi thị trường trong các tổ chức.,Giáo dục
sinh viên được áp dụng rộng rãi trong nhiều doanh nghiệp.,Giáo dục
nghiên cứu khoa học đang thay đổi thị trường trong các công ty lớn.,Giáo dục
trường đại học tạo ra nhiều ảnh hưởng trong các tổ chức.,Giáo dục
học trực tuyến đang được nghiên cứu tại nhiều quốc gia.,Giáo dục
chương trình đào tạo đang thay đổi thị trường trong nhiều doanh nghiệp.,Giáo dục
giáo viên thu hút nhiều sự chú ý trên toàn thế giới.,Giáo dục
bài giảng đang thay đổi thị trường trong các dự án mới.,Giáo dục
bài giảng được nhiều người quan tâm trong cộng đồng.,Giáo dục
sinh viên đang phát triển mạnh trong cộng đồng.,Giáo dục
nghiên cứu khoa học đang trở thành xu hướng trong cộng đồng.,Giáo dục
nghiên cứu khoa học được áp dụng rộng rãi trong nhiều doanh nghiệp.,Giáo dục
kỳ thi đang phát triển mạnh trong nhiều doanh nghiệp.,Giáo dục
nghiên cứu khoa học được áp dụng rộng rãi trong cộng đồng.,Giáo dục
nghiên cứu khoa học đang thay đổi thị trường trong cộng đồng.,Giáo dục
học trực tuyến thu hút nhiều sự chú ý trong các công ty lớn.,Giáo dục
chương trình đào tạo mang lại nhiều cơ hội trong các tổ chức.,Giáo dục
chương trình đào tạo đang thay đổi thị trường trong ngành công nghiệp.,Giáo dục
học bổng đang trở thành xu hướng tại Việt Nam.,Giáo dục
sinh viên đang phát triển mạnh trên toàn thế giới.,Giáo dục
học bổng đang được nghiên cứu tại Việt Nam.,Giáo dục
chương trình đào tạo đang được nghiên cứu trên mạng xã hội.,Giáo dục
nghiên cứu khoa học được thảo luận rộng rãi trong các tổ chức.,Giáo dục
học bổng được áp dụng rộng rãi trong các dự án mới.,Giáo dục
học bổng đang phát triển mạnh trong ngành công nghiệp.,Giáo dục
học trực tuyến được áp dụng rộng rãi trong các dự án mới.,Giáo dục
bài giảng thu hút nhiều sự chú ý trong các công ty lớn.,Giáo dục
bài giảng đang được nghiên cứu trên mạng xã hội.,Giáo dục
kỳ thi đang thay đổi thị trường trong các tổ chức.,Giáo dục
sinh viên đang phát triển mạnh trong các tổ chức.,Giáo dục
trường đại học mang lại nhiều cơ hội trong cộng đồng.,Giáo dục
sinh viên được áp dụng rộng rãi trong các tổ chức.,Giáo dục
học bổng thu hút nhiều sự chú ý trên toàn thế giới.,Giáo dục
học trực tuyến mang lại nhiều cơ hội tại Việt Nam.,Giáo dục
nghiên cứu khoa học mang lại nhiều cơ hội trong các công ty lớn.,Giáo dục
kỳ thi được thảo luận rộng rãi trong nhiều doanh nghiệp.,Giáo dục
học trực tuyến mang lại nhiều cơ hội trên mạng xã hội.,Giáo dục
sinh viên được nhiều người quan tâm trong các dự án mới.,Giáo dục
chương trình đào tạo thu hút nhiều sự chú ý trong nhiều doanh nghiệp.,Giáo dục
chương trình đào tạo được thảo luận rộng rãi tại Việt Nam.,Giáo dục
giáo dục số được áp dụng rộng rãi tại Việt Nam.,Giáo dục
học bổng đang phát triển mạnh trong cộng đồng.,Giáo dục
học trực tuyến đang được nghiên cứu trong các tổ chức.,Giáo dục
bài giảng đang trở thành xu hướng trên mạng xã hội.,Giáo dục
học trực tuyến được thảo luận rộng rãi trong các công ty lớn.,Giáo dục
sinh viên đang thay đổi thị trường trong ngành công nghiệp.,Giáo dục
bài giảng tạo ra nhiều ảnh hưởng trong ngành công nghiệp.,Giáo dục
giáo dục số đang thay đổi thị trường trên mạng xã hội.,Giáo dục
học bổng được thảo luận rộng rãi trên mạng xã hội.,Giáo dục
kỳ thi đang được nghiên cứu trong cộng đồng.,Giáo dục
kỳ thi được nhiều người quan tâm trong ngành công nghiệp.,Giáo dục
trường đại học đang phát triển mạnh trên toàn thế giới.,Giáo dục
giáo dục số thu hút nhiều sự chú ý trong cộng đồng.,Giáo dục
học trực tuyến đang phát triển mạnh trong ngành công nghiệp.,Giáo dục
học bổng được thảo luận rộng rãi trong cộng đồng.,Giáo dục
nghiên cứu khoa học mang lại nhiều cơ hội trong các dự án mới.,Giáo dục
giáo viên được áp dụng rộng rãi tại nhiều quốc gia.,Giáo dục
sinh viên được nhiều người quan tâm trên mạng xã hội.,Giáo dục
giáo viên được áp dụng rộng rãi trong các dự án mới.,Giáo dục
trường đại học thu hút nhiều sự chú ý trong nhiều doanh nghiệp.,Giáo dục
nghiên cứu khoa học thu hút nhiều sự chú ý trong các dự án mới.,Giáo dục
nghiên cứu khoa học đang được nghiên cứu tại nhiều quốc gia.,Giáo dục
chương trình đào tạo được áp dụng rộng rãi trong các công ty lớn.,Giáo dục
chương trình đào tạo đang thay đổi thị trường trong các dự án mới.,Giáo dục
sinh viên được thảo luận rộng rãi trong các công ty lớn.,Giáo dục
học bổng được nhiều người quan tâm trong các dự án mới.,Giáo dục
giáo viên đang được nghiên cứu trên toàn thế giới.,Giáo dục
trường đại học được áp dụng rộng rãi trong ngành công nghiệp.,Giáo dục
bài giảng mang lại nhiều cơ hội trong các tổ chức.,Giáo dục
học trực tuyến đang phát triển mạnh trong các công ty lớn.,Giáo dục
nghiên cứu khoa học được thảo luận rộng rãi trong cộng đồng.,Giáo dục
bài giảng được áp dụng rộng rãi trong cộng đồng.,Giáo dục
kỳ thi được thảo luận rộng rãi trong các dự án mới.,Giáo dục
bài giảng được thảo luận rộng rãi trong cộng đồng.,Giáo dục
nghiên cứu khoa học đang trở thành xu hướng tại nhiều quốc gia.,Giáo dục
giáo viên thu hút nhiều sự chú ý tại Việt Nam.,Giáo dục
sinh viên mang lại nhiều cơ hội trên mạng xã hội.,Giáo dục
bài giảng tạo ra nhiều ảnh hưởng tại Việt Nam.,Giáo dục
giáo dục số được áp dụng rộng rãi trong các dự án mới.,Giáo dục
trường đại học tạo ra nhiều ảnh hưởng trong các dự án mới.,Giáo dục
chương trình đào tạo đang thay đổi thị trường tại Việt Nam.,Giáo dục
giáo viên đang thay đổi thị trường tại Việt Nam.,Giáo dục
giáo viên thu hút nhiều sự chú ý trong nhiều doanh nghiệp.,Giáo dục
giáo viên đang thay đổi thị trường trong cộng đồng.,Giáo dục
giáo dục số đang được nghiên cứu tại Việt Nam.,Giáo dục
học trực tuyến đang thay đổi thị trường tại Việt Nam.,Giáo dục
kỳ thi đang phát triển mạnh trong các dự án mới.,Giáo dục
học trực tuyến đang được nghiên cứu trong các công ty lớn.,Giáo dục
chương trình đào tạo mang lại nhiều cơ hội trong các dự án mới.,Giáo dục
học trực tuyến mang lại nhiều cơ hội trong nhiều doanh nghiệp.,Giáo dục
nghiên cứu khoa học được nhiều người quan tâm trên mạng xã hội.,Giáo dục
bài giảng đang thay đổi thị trường trong các tổ chức.,Giáo dục
sinh viên được thảo luận rộng rãi trên mạng xã hội.,Giáo dục
học trực tuyến đang được nghiên cứu trong các dự án mới.,Giáo dục
giáo viên được áp dụng rộng rãi trên mạng xã hội.,Giáo dục
học trực tuyến thu hút nhiều sự chú ý tại nhiều quốc gia.,Giáo dục
giáo viên đang trở thành xu hướng trong nhiều doanh nghiệp.,Giáo dục
giáo dục số được áp dụng rộng rãi tại nhiều quốc gia.,Giáo dục
học bổng được thảo luận rộng rãi tại Việt Nam.,Giáo dục
giáo dục số đang phát triển mạnh trên toàn thế giới.,Giáo dục
chương trình đào tạo được áp dụng rộng rãi trong nhiều doanh nghiệp.,Giáo dục
nghiên cứu khoa học được nhiều người quan tâm tại Việt Nam.,Giáo dục
sinh viên đang trở thành xu hướng trên toàn thế giới.,Giáo dục
sinh viên thu hút nhiều sự chú ý trong ngành công nghiệp.,Giáo dục
giáo viên thu hút nhiều sự chú ý trong các công ty lớn.,Giáo dục
học trực tuyến được áp dụng rộng rãi trong các tổ chức.,Giáo dục
giáo viên mang lại nhiều cơ hội tại Việt Nam.,Giáo dục
sinh viên đang được nghiên cứu trong cộng đồng.,Giáo dục
bài giảng đang thay đổi thị trường tại nhiều quốc gia.,Giáo dục
nghiên cứu khoa học đang thay đổi thị trường trên mạng xã hội.,Giáo dục
trường đại học được thảo luận rộng rãi trong nhiều doanh nghiệp.,Giáo dục
học bổng được nhiều người quan tâm tại nhiều quốc gia.,Giáo dục
học bổng được thảo luận rộng rãi trong các dự án mới.,Giáo dục
học bổng đang trở thành xu hướng trên mạng xã hội.,Giáo dục
trường đại học thu hút nhiều sự chú ý trên toàn thế giới.,Giáo dục
học bổng thu hút nhiều sự chú ý trong các dự án mới.,Giáo dục
trường đại học đang phát triển mạnh trong ngành công nghiệp.,Giáo dục
trường đại học đang trở thành xu hướng trong các công ty lớn.,Giáo dục
giáo dục số đang trở thành xu hướng trong nhiều doanh nghiệp.,Giáo dục
trường đại học đang được nghiên cứu trong các công ty lớn.,Giáo dục
giáo dục số thu hút nhiều sự chú ý trên toàn thế giới.,Giáo dục
giáo dục số đang trở thành xu hướng trên toàn thế giới.,Giáo dục
kỳ thi được nhiều người quan tâm trong cộng đồng.,Giáo dục
bài giảng được nhiều người quan tâm trong ngành công nghiệp.,Giáo dục
bài giảng thu hút nhiều sự chú ý trong nhiều doanh nghiệp.,Giáo dục
bài giảng được nhiều người quan tâm trong các công ty lớn.,Giáo dục
kỳ thi mang lại nhiều cơ hội trong cộng đồng.,Giáo dục
giáo viên mang lại nhiều cơ hội trong các dự án mới.,Giáo dục
giáo viên thu hút nhiều sự chú ý trong các dự án mới.,Giáo dục
nghiên cứu khoa học tạo ra nhiều ảnh hưởng trong cộng đồng.,Giáo dục
kỳ thi đang phát triển mạnh trong ngành công nghiệp.,Giáo dục
học trực tuyến đang phát triển mạnh trên toàn thế giới.,Giáo dục
nghiên cứu khoa học đang phát triển mạnh trong các tổ chức.,Giáo dục
giáo dục số được thảo luận rộng rãi trong các công ty lớn.,Giáo dục
chương trình đào tạo thu hút nhiều sự chú ý tại nhiều quốc gia.,Giáo dục
giáo dục số đang được nghiên cứu trong nhiều doanh nghiệp.,Giáo dục
nghiên cứu khoa học đang phát triển mạnh trong các dự án mới.,Giáo dục
trường đại học đang thay đổi thị trường trên mạng xã hội.,Giáo dục
học bổng đang được nghiên cứu trong ngành công nghiệp.,Giáo dục
giáo dục số tạo ra nhiều ảnh hưởng trong cộng đồng.,Giáo dục
nghiên cứu khoa học được thảo luận rộng rãi tại Việt Nam.,Giáo dục
kỳ thi được thảo luận rộng rãi trên toàn thế giới.,Giáo dục
trường đại học đang được nghiên cứu trong cộng đồng.,Giáo dục
học trực tuyến đang phát triển mạnh tại Việt Nam.,Giáo dục
học bổng đang được nghiên cứu trong các công ty lớn.,Giáo dục
sinh viên được áp dụng rộng rãi tại Việt Nam.,Giáo dục
nghiên cứu khoa học được áp dụng rộng rãi tại nhiều quốc gia.,Giáo dục
trường đại học đang thay đổi thị trường trong các tổ chức.,Giáo dục
học bổng đang được nghiên cứu tại nhiều quốc gia.,Giáo dục
giáo viên mang lại nhiều cơ hội trong các công ty lớn.,Giáo dục
học bổng thu hút nhiều sự chú ý trong ngành công nghiệp.,Giáo dục
chương trình đào tạo đang phát triển mạnh trong các công ty lớn.,Giáo dục
chương trình đào tạo đang thay đổi thị trường trong các tổ chức.,Giáo dục
giáo viên đang được nghiên cứu trong các dự án mới.,Giáo dục
chương trình đào tạo được áp dụng rộng rãi trong cộng đồng.,Giáo dục
sinh viên đang trở thành xu hướng trên mạng xã hội.,Giáo dục
học bổng đang trở thành xu hướng trong các công ty lớn.,Giáo dục
trường đại học đang được nghiên cứu trong ngành công nghiệp.,Giáo dục
học trực tuyến tạo ra nhiều ảnh hưởng trong các dự án mới.,Giáo dục
học bổng đang được nghiên cứu trong các tổ chức.,Giáo dục
giáo dục số đang được nghiên cứu trong các công ty lớn.,Giáo dục
sinh viên mang lại nhiều cơ hội trong các công ty lớn.,Giáo dục
học bổng mang lại nhiều cơ hội trong nhiều doanh nghiệp.,Giáo dục
giáo dục số được nhiều người quan tâm trong các tổ chức.,Giáo dục
kỳ thi đang phát triển mạnh tại nhiều quốc gia.,Giáo dục
học bổng được áp dụng rộng rãi trong nhiều doanh nghiệp.,Giáo dục
kỳ thi thu hút nhiều sự chú ý trên toàn thế giới.,Giáo dục
bài giảng đang được nghiên cứu trong các tổ chức.,Giáo dục
nghiên cứu khoa học đang được nghiên cứu trong các tổ chức.,Giáo dục
chương trình đào tạo được thảo luận rộng rãi trên toàn thế giới.,Giáo dục
trường đại học mang lại nhiều cơ hội trong các công ty lớn.,Giáo dục
học bổng được áp dụng rộng rãi trong các công ty lớn.,Giáo dục
giáo dục số thu hút nhiều sự chú ý trong các tổ chức.,Giáo dục
chương trình đào tạo đang thay đổi thị trường trên mạng xã hội.,Giáo dục
chương trình đào tạo được thảo luận rộng rãi trên mạng xã hội.,Giáo dục
chương trình đào tạo đang được nghiên cứu trên toàn thế giới.,Giáo dục
chương trình đào tạo thu hút nhiều sự chú ý trên mạng xã hội.,Giáo dục
học bổng được thảo luận rộng rãi trong nhiều doanh nghiệp.,Giáo dục
nghiên cứu khoa học tạo ra nhiều ảnh hưởng trên mạng xã hội.,Giáo dục
giáo viên được nhiều người quan tâm trên toàn thế giới.,Giáo dục
giáo dục số được áp dụng rộng rãi trong các tổ chức.,Giáo dục
nghiên cứu khoa học đang trở thành xu hướng trên mạng xã hội.,Giáo dục
sinh viên mang lại nhiều cơ hội trong ngành công nghiệp.,Giáo dục
giáo dục số đang trở thành xu hướng tại nhiều quốc gia.,Giáo dục
chương trình đào tạo được áp dụng rộng rãi trong các tổ chức.,Giáo dục
giáo dục số đang được nghiên cứu trong cộng đồng.,Giáo dục
trường đại học được áp dụng rộng rãi trong các tổ chức.,Giáo dục
bài giảng đang trở thành xu hướng trong ngành công nghiệp.,Giáo dục
học bổng đang trở thành xu hướng trong cộng đồng.,Giáo dục
học trực tuyến đang thay đổi thị trường trong các dự án mới.,Giáo dục
bài giảng tạo ra nhiều ảnh hưởng trong nhiều doanh nghiệp.,Giáo dục
chương trình đào tạo đang trở thành xu hướng trong cộng đồng.,Giáo dục
giáo viên được nhiều người quan tâm trong nhiều doanh nghiệp.,Giáo dục
trường đại học đang trở thành xu hướng trong cộng đồng.,Giáo dục
bài giảng đang phát triển mạnh trên mạng xã hội.,Giáo dục
học trực tuyến đang phát triển mạnh trong nhiều doanh nghiệp.,Giáo dục
học trực tuyến đang thay đổi thị trường trong nhiều doanh nghiệp.,Giáo dục
học bổng được thảo luận rộng rãi trong ngành công nghiệp.,Giáo dục
kỳ thi đang được nghiên cứu tại Việt Nam.,Giáo dục
kỳ thi được áp dụng rộng rãi trong nhiều doanh nghiệp.,Giáo dục
nghiên cứu khoa học đang phát triển mạnh tại nhiều quốc gia.,Giáo dục
học trực tuyến đang thay đổi thị trường trong các tổ chức.,Giáo dục
giáo viên đang phát triển mạnh trong ngành công nghiệp.,Giáo dục
kỳ thi được thảo luận rộng rãi trên mạng xã hội.,Giáo dục
nghiên cứu khoa học thu hút nhiều sự chú ý trong ngành công nghiệp.,Giáo dục
học bổng đang thay đổi thị trường trong các dự án mới.,Giáo dục
nghiên cứu khoa học đang trở thành xu hướng trong các dự án mới.,Giáo dục
học bổng tạo ra nhiều ảnh hưởng trên mạng xã hội.,Giáo dục
chương trình đào tạo tạo ra nhiều ảnh hưởng trong cộng đồng.,Giáo dục
giáo viên đang phát triển mạnh trong các công ty lớn.,Giáo dục
trường đại học thu hút nhiều sự chú ý tại nhiều quốc gia.,Giáo dục
trường đại học thu hút nhiều sự chú ý trên mạng xã hội.,Giáo dục
chương trình đào tạo được thảo luận rộng rãi trong các công ty lớn.,Giáo dục
nghiên cứu khoa học thu hút nhiều sự chú ý trên mạng xã hội.,Giáo dục
giáo dục số đang trở thành xu hướng trong các tổ chức.,Giáo dục
nghiên cứu khoa học thu hút nhiều sự chú ý trong các tổ chức.,Giáo dục
trường đại học được áp dụng rộng rãi trên toàn thế giới.,Giáo dục
học bổng được thảo luận rộng rãi trong các công ty lớn.,Giáo dục
giáo dục số được nhiều người quan tâm trong cộng đồng.,Giáo dục
nghiên cứu khoa học được thảo luận rộng rãi trên toàn thế giới.,Giáo dục
giáo dục số đang thay đổi thị trường trên toàn thế giới.,Giáo dục
trường đại học đang trở thành xu hướng trên mạng xã hội.,Giáo dục
học bổng tạo ra nhiều ảnh hưởng trong các dự án mới.,Giáo dục
chương trình đào tạo thu hút nhiều sự chú ý trong ngành công nghiệp.,Giáo dục
chương trình đào tạo đang trở thành xu hướng tại Việt Nam.,Giáo dục
học bổng được áp dụng rộng rãi trong cộng đồng.,Giáo dục
sinh viên đang trở thành xu hướng trong ngành công nghiệp.,Giáo dục
kỳ thi đang trở thành xu hướng trong cộng đồng.,Giáo dục
giáo viên mang lại nhiều cơ hội trong cộng đồng.,Giáo dục
giáo viên đang phát triển mạnh trong cộng đồng.,Giáo dục
bài giảng thu hút nhiều sự chú ý trong cộng đồng.,Giáo dục
trường đại học đang trở thành xu hướng tại Việt Nam.,Giáo dục
giáo dục số mang lại nhiều cơ hội trên toàn thế giới.,Giáo dục
bài giảng mang lại nhiều cơ hội trong các dự án mới.,Giáo dục
chương trình đào tạo đang phát triển mạnh tại nhiều quốc gia.,Giáo dục
giáo dục số được nhiều người quan tâm trong các dự án mới.,Giáo dục
kỳ thi đang phát triển mạnh trong các tổ chức.,Giáo dục
bài giảng đang được nghiên cứu trong các công ty lớn.,Giáo dục
học trực tuyến mang lại nhiều cơ hội trong ngành công nghiệp.,Giáo dục
sinh viên được thảo luận rộng rãi trong các dự án mới.,Giáo dục
học trực tuyến đang phát triển mạnh trên mạng xã hội.,Giáo dục
học bổng đang trở thành xu hướng trên toàn thế giới.,Giáo dục
kỳ thi được áp dụng rộng rãi trong các tổ chức.,Giáo dục
học trực tuyến thu hút nhiều sự chú ý tại Việt Nam.,Giáo dục
giáo dục số được thảo luận rộng rãi trong các dự án mới.,Giáo dục
học trực tuyến đang được nghiên cứu trong cộng đồng.,Giáo dục
trường đại học mang lại nhiều cơ hội trong các dự án mới.,Giáo dục
kỳ thi đang phát triển mạnh trên toàn thế giới.,Giáo dục
giáo dục số thu hút nhiều sự chú ý tại nhiều quốc gia.,Giáo dục
giáo dục số tạo ra nhiều ảnh hưởng trên toàn thế giới.,Giáo dục
học bổng thu hút nhiều sự chú ý trong nhiều doanh nghiệp.,Giáo dục
nghiên cứu khoa học được thảo luận rộng rãi trong nhiều doanh nghiệp.,Giáo dục
chương trình đào tạo được nhiều người quan tâm trong các công ty lớn.,Giáo dục
bài giảng đang phát triển mạnh trên toàn thế giới.,Giáo dục
giáo dục số được thảo luận rộng rãi tại Việt Nam.,Giáo dục
học trực tuyến thu hút nhiều sự chú ý trong các tổ chức.,Giáo dục
học trực tuyến được áp dụng rộng rãi trên mạng xã hội.,Giáo dục
sinh viên mang lại nhiều cơ hội trong cộng đồng.,Giáo dục
trường đại học đang phát triển mạnh trên mạng xã hội.,Giáo dục
chương trình đào tạo đang được nghiên cứu trong cộng đồng.,Giáo dục
chương trình đào tạo được nhiều người quan tâm trong ngành công nghiệp.,Giáo dục
bài giảng đang thay đổi thị trường trên toàn thế giới.,Giáo dục
nghiên cứu khoa học mang lại nhiều cơ hội trong cộng đồng.,Giáo dục
học bổng mang lại nhiều cơ hội trên toàn thế giới.,Giáo dục
kỳ thi mang lại nhiều cơ hội trong nhiều doanh nghiệp.,Giáo dục
kỳ thi được áp dụng rộng rãi trong các dự án mới.,Giáo dục
học trực tuyến được áp dụng rộng rãi tại Việt Nam.,Giáo dục
giáo viên được nhiều người quan tâm trong các tổ chức.,Giáo dục
sinh viên đang thay đổi thị trường trong các dự án mới.,Giáo dục
nghiên cứu khoa học được áp dụng rộng rãi trên toàn thế giới.,Giáo dục
giáo dục số thu hút nhiều sự chú ý trong ngành công nghiệp.,Giáo dục
học trực tuyến đang trở thành xu hướng tại Việt Nam.,Giáo dục
nghiên cứu khoa học đang được nghiên cứu trong ngành công nghiệp.,Giáo dục
nghiên cứu khoa học đang thay đổi thị trường trong nhiều doanh nghiệp.,Giáo dục
kỳ thi đang được nghiên cứu trên toàn thế giới.,Giáo dục
giáo viên đang phát triển mạnh tại nhiều quốc gia.,Giáo dục
trường đại học được thảo luận rộng rãi tại Việt Nam.,Giáo dục
bài giảng đang thay đổi thị trường trong các công ty lớn.,Giáo dục
chương trình đào tạo đang trở thành xu hướng trong nhiều doanh nghiệp.,Giáo dục
giáo viên được nhiều người quan tâm tại nhiều quốc gia.,Giáo dục
chương trình đào tạo được nhiều người quan tâm trong cộng đồng.,Giáo dục
học trực tuyến được thảo luận rộng rãi trong nhiều doanh nghiệp.,Giáo dục
giáo viên được áp dụng rộng rãi trên toàn thế giới.,Giáo dục
học bổng thu hút nhiều sự chú ý trong các công ty lớn.,Giáo dục
nghiên cứu khoa học đang phát triển mạnh trong nhiều doanh nghiệp.,Giáo dục
học trực tuyến tạo ra nhiều ảnh hưởng tại Việt Nam.,Giáo dục
trường đại học đang trở thành xu hướng trên toàn thế giới.,Giáo dục
trường đại học đang thay đổi thị trường trong cộng đồng.,Giáo dục
trường đại học đang được nghiên cứu trên mạng xã hội.,Giáo dục
trường đại học đang phát triển mạnh tại Việt Nam.,Giáo dục
bài giảng được áp dụng rộng rãi trên mạng xã hội.,Giáo dục
trường đại học tạo ra nhiều ảnh hưởng tại nhiều quốc gia.,Giáo dục
chương trình đào tạo đang được nghiên cứu trong các tổ chức.,Giáo dục
học bổng đang được nghiên cứu trên mạng xã hội.,Giáo dục
học bổng đang thay đổi thị trường trong nhiều doanh nghiệp.,Giáo dục
sinh viên đang phát triển mạnh trong nhiều doanh nghiệp.,Giáo dục
chương trình đào tạo được nhiều người quan tâm trên mạng xã hội.,Giáo dục
học bổng mang lại nhiều cơ hội trong các công ty lớn.,Giáo dục
giáo viên đang trở thành xu hướng trên mạng xã hội.,Giáo dục
sinh viên đang được nghiên cứu trong các tổ chức.,Giáo dục
kỳ thi được nhiều người quan tâm trong các dự án mới.,Giáo dục
học bổng được nhiều người quan tâm tại Việt Nam.,Giáo dục
trường đại học đang phát triển mạnh trong các tổ chức.,Giáo dục
học trực tuyến thu hút nhiều sự chú ý trên toàn thế giới.,Giáo dục
bài giảng đang trở thành xu hướng trong cộng đồng.,Giáo dục
kỳ thi tạo ra nhiều ảnh hưởng trong ngành công nghiệp.,Giáo dục
học bổng được thảo luận rộng rãi tại nhiều quốc gia.,Giáo dục
học bổng đang trở thành xu hướng trong các dự án mới.,Giáo dục
bài giảng được nhiều người quan tâm trên mạng xã hội.,Giáo dục
bài giảng thu hút nhiều sự chú ý trong các tổ chức.,Giáo dục
sinh viên tạo ra nhiều ảnh hưởng trong nhiều doanh nghiệp.,Giáo dục
giáo viên được thảo luận rộng rãi trên mạng xã hội.,Giáo dục
học bổng tạo ra nhiều ảnh hưởng trên toàn thế giới.,Giáo dục
nghiên cứu khoa học mang lại nhiều cơ hội trong nhiều doanh nghiệp.,Giáo dục
trường đại học đang thay đổi thị trường trên toàn thế giới.,Giáo dục
bài giảng được áp dụng rộng rãi trong các công ty lớn.,Giáo dục
chương trình đào tạo đang thay đổi thị trường tại nhiều quốc gia.,Giáo dục
học trực tuyến đang thay đổi thị trường trong các công ty lớn.,Giáo dục
trường đại học được nhiều người quan tâm trong các tổ chức.,Giáo dục
giáo viên mang lại nhiều cơ hội trong nhiều doanh nghiệp.,Giáo dục
bài giảng được áp dụng rộng rãi trong nhiều doanh nghiệp.,Giáo dục
học trực tuyến đang trở thành xu hướng tại nhiều quốc gia.,Giáo dục
nghiên cứu khoa học thu hút nhiều sự chú ý tại Việt Nam.,Giáo dục
bài giảng được thảo luận rộng rãi trong các dự án mới.,Giáo dục
học bổng mang lại nhiều cơ hội trong các dự án mới.,Giáo dục
học bổng thu hút nhiều sự chú ý tại nhiều quốc gia.,Giáo dục
trường đại học đang được nghiên cứu trên toàn thế giới.,Giáo dục
kỳ thi mang lại nhiều cơ hội tại nhiều quốc gia.,Giáo dục
bài giảng mang lại nhiều cơ hội trong các công ty lớn.,Giáo dục
chương trình đào tạo đang được nghiên cứu tại nhiều quốc gia.,Giáo dục
sinh viên được nhiều người quan tâm tại Việt Nam.,Giáo dục
giáo dục số đang thay đổi thị trường tại nhiều quốc gia.,Giáo dục
bài giảng mang lại nhiều cơ hội trong nhiều doanh nghiệp.,Giáo dục
bài giảng mang lại nhiều cơ hội tại Việt Nam.,Giáo dục
chương trình đào tạo đang được nghiên cứu trong nhiều doanh nghiệp.,Giáo dục
chương trình đào tạo đang trở thành xu hướng trong các tổ chức.,Giáo dục
sinh viên tạo ra nhiều ảnh hưởng trong các tổ chức.,Giáo dục
kỳ thi được nhiều người quan tâm trong nhiều doanh nghiệp.,Giáo dục
bài giảng tạo ra nhiều ảnh hưởng trong cộng đồng.,Giáo dục
bài giảng đang trở thành xu hướng trên toàn thế giới.,Giáo dục
trường đại học đang được nghiên cứu trong nhiều doanh nghiệp.,Giáo dục
giáo viên được thảo luận rộng rãi trên toàn thế giới.,Giáo dục
sinh viên được nhiều người quan tâm trong ngành công nghiệp.,Giáo dục
nghiên cứu khoa học thu hút nhiều sự chú ý tại nhiều quốc gia.,Giáo dục
giáo viên tạo ra nhiều ảnh hưởng trong ngành công nghiệp.,Giáo dục
sinh viên đang trở thành xu hướng trong các công ty lớn.,Giáo dục
sinh viên được áp dụng rộng rãi trên mạng xã hội.,Giáo dục
kỳ thi thu hút nhiều sự chú ý trong ngành công nghiệp.,Giáo dục
trường đại học được nhiều người quan tâm trong các công ty lớn.,Giáo dục
nghiên cứu khoa học được thảo luận rộng rãi trong các công ty lớn.,Giáo dục
kỳ thi tạo ra nhiều ảnh hưởng trong nhiều doanh nghiệp.,Giáo dục
bài giảng đang trở thành xu hướng trong các công ty lớn.,Giáo dục
chương trình đào tạo đang được nghiên cứu trong ngành công nghiệp.,Giáo dục
trường đại học thu hút nhiều sự chú ý trong các công ty lớn.,Giáo dục
giáo dục số được áp dụng rộng rãi trong các công ty lớn.,Giáo dục
học bổng được nhiều người quan tâm trên toàn thế giới.,Giáo dục
học trực tuyến mang lại nhiều cơ hội trong cộng đồng.,Giáo dục
sinh viên tạo ra nhiều ảnh hưởng tại Việt Nam.,Giáo dục
chương trình đào tạo tạo ra nhiều ảnh hưởng trong các tổ chức.,Giáo dục
học trực tuyến đang trở thành xu hướng trong ngành công nghiệp.,Giáo dục
kỳ thi thu hút nhiều sự chú ý trong các tổ chức.,Giáo dục
trường đại học được nhiều người quan tâm trong nhiều doanh nghiệp.,Giáo dục
kỳ thi đang thay đổi thị trường tại Việt Nam.,Giáo dục
học trực tuyến được thảo luận rộng rãi trong cộng đồng.,Giáo dục
giáo viên tạo ra nhiều ảnh hưởng tại nhiều quốc gia.,Giáo dục
chương trình đào tạo đang phát triển mạnh trong cộng đồng.,Giáo dục
giáo dục số mang lại nhiều cơ hội tại Việt Nam.,Giáo dục
học bổng tạo ra nhiều ảnh hưởng trong các tổ chức.,Giáo dục
học trực tuyến mang lại nhiều cơ hội trên toàn thế giới.,Giáo dục
nghiên cứu khoa học đang phát triển mạnh trong cộng đồng.,Giáo dục
giáo dục số đang phát triển mạnh trong nhiều doanh nghiệp.,Giáo dục
bài giảng đang được nghiên cứu trong ngành công nghiệp.,Giáo dục
giáo dục số được thảo luận rộng rãi trên mạng xã hội.,Giáo dục
nghiên cứu khoa học đang thay đổi thị trường trên toàn thế giới.,Giáo dục
bài giảng mang lại nhiều cơ hội trên mạng xã hội.,Giáo dục
học bổng đang thay đổi thị trường trong các công ty lớn.,Giáo dục
chương trình đào tạo đang được nghiên cứu trong các công ty lớn.,Giáo dục
kỳ thi thu hút nhiều sự chú ý trong các công ty lớn.,Giáo dục
giáo dục số tạo ra nhiều ảnh hưởng tại nhiều quốc gia.,Giáo dục
kỳ thi được nhiều người quan tâm trên toàn thế giới.,Giáo dục
giáo dục số được nhiều người quan tâm tại nhiều quốc gia.,Giáo dục
chương trình đào tạo mang lại nhiều cơ hội tại nhiều quốc gia.,Giáo dục
trường đại học được thảo luận rộng rãi trong các tổ chức.,Giáo dục
chương trình đào tạo đang được nghiên cứu trong các dự án mới.,Giáo dục
sinh viên đang trở thành xu hướng tại nhiều quốc gia.,Giáo dục
kỳ thi đang được nghiên cứu trong các công ty lớn.,Giáo dục
học bổng đang trở thành xu hướng trong các tổ chức.,Giáo dục
giáo dục số được thảo luận rộng rãi trong ngành công nghiệp.,Giáo dục
giáo viên đang được nghiên cứu trên mạng xã hội.,Giáo dục
học trực tuyến đang phát triển mạnh trong các dự án mới.,Giáo dục
kỳ thi đang được nghiên cứu trong ngành công nghiệp.,Giáo dục
chương trình đào tạo được áp dụng rộng rãi trong ngành công nghiệp.,Giáo dục
kỳ thi đang được nghiên cứu trong các tổ chức.,Giáo dục
giáo viên được thảo luận rộng rãi trong các tổ chức.,Giáo dục
giáo viên đang trở thành xu hướng tại nhiều quốc gia.,Giáo dục
sinh viên đang trở thành xu hướng trong cộng đồng.,Giáo dục
giáo viên đang thay đổi thị trường trong nhiều doanh nghiệp.,Giáo dục
giáo viên được áp dụng rộng rãi trong các công ty lớn.,Giáo dục
trường đại học thu hút nhiều sự chú ý tại Việt Nam.,Giáo dục
học bổng đang thay đổi thị trường tại Việt Nam.,Giáo dục
kỳ thi mang lại nhiều cơ hội tại Việt Nam.,Giáo dục
giáo viên tạo ra nhiều ảnh hưởng trong các tổ chức.,Giáo dục
sinh viên mang lại nhiều cơ hội trong các tổ chức.,Giáo dục
giáo dục số được thảo luận rộng rãi tại nhiều quốc gia.,Giáo dục
giáo dục số được áp dụng rộng rãi trong cộng đồng.,Giáo dục
kỳ thi đang thay đổi thị trường tại nhiều quốc gia.,Giáo dục
nghiên cứu khoa học đang được nghiên cứu trên toàn thế giới.,Giáo dục
học bổng mang lại nhiều cơ hội trong các tổ chức.,Giáo dục
bài giảng đang được nghiên cứu trên toàn thế giới.,Giáo dục
kỳ thi đang thay đổi thị trường trong ngành công nghiệp.,Giáo dục
giáo viên đang phát triển mạnh trong các dự án mới.,Giáo dục
nghiên cứu khoa học được nhiều người quan tâm trong ngành công nghiệp.,Giáo dục
giáo dục số mang lại nhiều cơ hội trong nhiều doanh nghiệp.,Giáo dục
sinh viên mang lại nhiều cơ hội tại Việt Nam.,Giáo dục
giáo viên được thảo luận rộng rãi trong cộng đồng.,Giáo dục
giáo viên đang thay đổi thị trường trên toàn thế giới.,Giáo dục
trường đại học đang phát triển mạnh trong nhiều doanh nghiệp.,Giáo dục
kỳ thi đang trở thành xu hướng trong ngành công nghiệp.,Giáo dục
sinh viên đang thay đổi thị trường trên toàn thế giới.,Giáo dục
học trực tuyến tạo ra nhiều ảnh hưởng trong các tổ chức.,Giáo dục
kỳ thi được thảo luận rộng rãi tại Việt Nam.,Giáo dục
trường đại học được áp dụng rộng rãi trong cộng đồng.,Giáo dục
học bổng đang được nghiên cứu trong các dự án mới.,Giáo dục
trường đại học được nhiều người quan tâm trong các dự án mới.,Giáo dục
kỳ thi mang lại nhiều cơ hội trong ngành công nghiệp.,Giáo dục
sinh viên được thảo luận rộng rãi tại Việt Nam.,Giáo dục
bài giảng tạo ra nhiều ảnh hưởng trong các dự án mới.,Giáo dục
giáo viên mang lại nhiều cơ hội tại nhiều quốc gia.,Giáo dục
sinh viên tạo ra nhiều ảnh hưởng trong cộng đồng.,Giáo dục
học bổng đang thay đổi thị trường trên toàn thế giới.,Giáo dục
giáo viên được nhiều người quan tâm trong các công ty lớn.,Giáo dục
trường đại học tạo ra nhiều ảnh hưởng trong ngành công nghiệp.,Giáo dục
kỳ thi tạo ra nhiều ảnh hưởng trong các công ty lớn.,Giáo dục
giáo dục số đang phát triển mạnh trong các dự án mới.,Giáo dục
bài giảng mang lại nhiều cơ hội trong cộng đồng.,Giáo dục
trường đại học đang được nghiên cứu trong các tổ chức.,Giáo dục
giáo dục số được nhiều người quan tâm tại Việt Nam.,Giáo dục
kỳ thi được nhiều người quan tâm tại Việt Nam.,Giáo dục
kỳ thi được áp dụng rộng rãi trên mạng xã hội.,Giáo dục
giáo viên được áp dụng rộng rãi trong các tổ chức.,Giáo dục
chương trình đào tạo thu hút nhiều sự chú ý trong cộng đồng.,Giáo dục
nghiên cứu khoa học đang thay đổi thị trường trong ngành công nghiệp.,Giáo dục
bài giảng được nhiều người quan tâm trong nhiều doanh nghiệp.,Giáo dục
giáo dục số mang lại nhiều cơ hội trong các tổ chức.,Giáo dục
giáo viên được áp dụng rộng rãi trong cộng đồng.,Giáo dục
học bổng được áp dụng rộng rãi tại nhiều quốc gia.,Giáo dục
nghiên cứu khoa học được nhiều người quan tâm trong các dự án mới.,Giáo dục
học trực tuyến đang được nghiên cứu trong nhiều doanh nghiệp.,Giáo dục
học trực tuyến đang được nghiên cứu trên toàn thế giới.,Giáo dục
học trực tuyến mang lại nhiều cơ hội trong các công ty lớn.,Giáo dục
bài giảng thu hút nhiều sự chú ý tại nhiều quốc gia.,Giáo dục
học bổng được nhiều người quan tâm trong nhiều doanh nghiệp.,Giáo dục
nghiên cứu khoa học được nhiều người quan tâm trong cộng đồng.,Giáo dục
giáo viên được thảo luận rộng rãi trong các công ty lớn.,Giáo dục
bài giảng đang phát triển mạnh trong ngành công nghiệp.,Giáo dục
chương trình đào tạo đang phát triển mạnh trong các tổ chức.,Giáo dục
sinh viên được áp dụng rộng rãi trên toàn thế giới.,Giáo dục
chương trình đào tạo thu hút nhiều sự chú ý trên toàn thế giới.,Giáo dục
giáo viên đang phát triển mạnh tại Việt Nam.,Giáo dục
giáo viên đang phát triển mạnh trên toàn thế giới.,Giáo dục
giáo viên tạo ra nhiều ảnh hưởng trong nhiều doanh nghiệp.,Giáo dục
kỳ thi đang phát triển mạnh trong các công ty lớn.,Giáo dục
bài giảng mang lại nhiều cơ hội trong ngành công nghiệp.,Giáo dục
giáo dục số đang thay đổi thị trường trong các công ty lớn.,Giáo dục
trường đại học đang phát triển mạnh tại nhiều quốc gia.,Giáo dục
chương trình đào tạo mang lại nhiều cơ hội tại Việt Nam.,Giáo dục
nghiên cứu khoa học mang lại nhiều cơ hội trong các tổ chức.,Giáo dục
giáo dục số tạo ra nhiều ảnh hưởng trong ngành công nghiệp.,Giáo dục
giáo dục số tạo ra nhiều ảnh hưởng trong các dự án mới.,Giáo dục
trường đại học tạo ra nhiều ảnh hưởng tại Việt Nam.,Giáo dục
học trực tuyến được thảo luận rộng rãi trong các tổ chức.,Giáo dục
học bổng đang phát triển mạnh trong nhiều doanh nghiệp.,Giáo dục
bài giảng tạo ra nhiều ảnh hưởng trên toàn thế giới.,Giáo dục
chương trình đào tạo tạo ra nhiều ảnh hưởng tại nhiều quốc gia.,Giáo dục
sinh viên thu hút nhiều sự chú ý trong cộng đồng.,Giáo dục
bài giảng mang lại nhiều cơ hội trên toàn thế giới.,Giáo dục
học bổng tạo ra nhiều ảnh hưởng trong cộng đồng.,Giáo dục
chương trình đào tạo đang phát triển mạnh tại Việt Nam.,Giáo dục
học bổng đang được nghiên cứu trong cộng đồng.,Giáo dục
sinh viên đang thay đổi thị trường tại nhiều quốc gia.,Giáo dục
giáo viên tạo ra nhiều ảnh hưởng trong các dự án mới.,Giáo dục
trường đại học tạo ra nhiều ảnh hưởng trong các công ty lớn.,Giáo dục
kỳ thi được thảo luận rộng rãi tại nhiều quốc gia.,Giáo dục
trường đại học thu hút nhiều sự chú ý trong các tổ chức.,Giáo dục
giáo dục số thu hút nhiều sự chú ý trong nhiều doanh nghiệp.,Giáo dục
học trực tuyến đang được nghiên cứu trên mạng xã hội.,Giáo dục
trường đại học được nhiều người quan tâm trong cộng đồng.,Giáo dục
giáo dục số tạo ra nhiều ảnh hưởng tại Việt Nam.,Giáo dục
giáo viên được nhiều người quan tâm trong cộng đồng.,Giáo dục
giáo viên đang thay đổi thị trường tại nhiều quốc gia.,Giáo dục
giáo dục số đang được nghiên cứu trong các tổ chức.,Giáo dục
bài giảng đang được nghiên cứu tại nhiều quốc gia.,Giáo dục
giáo dục số được thảo luận rộng rãi trên toàn thế giới.,Giáo dục
kỳ thi đang trở thành xu hướng trong các tổ chức.,Giáo dục
sinh viên thu hút nhiều sự chú ý tại nhiều quốc gia.,Giáo dục
học bổng đang được nghiên cứu trong nhiều doanh nghiệp.,Giáo dục
nghiên cứu khoa học đang được nghiên cứu trong cộng đồng.,Giáo dục
giáo dục số được áp dụng rộng rãi trong ngành công nghiệp.,Giáo dục
bài giảng đang trở thành xu hướng trong các tổ chức.,Giáo dục
học bổng đang thay đổi thị trường trên mạng xã hội.,Giáo dục
học trực tuyến thu hút nhiều sự chú ý trong ngành công nghiệp.,Giáo dục
học trực tuyến đang trở thành xu hướng trong các dự án mới.,Giáo dục
nghiên cứu khoa học tạo ra nhiều ảnh hưởng trong ngành công nghiệp.,Giáo dục
giáo viên đang trở thành xu hướng trong các công ty lớn.,Giáo dục
giáo viên đang được nghiên cứu tại nhiều quốc gia.,Giáo dục
giáo viên thu hút nhiều sự chú ý trong ngành công nghiệp.,Giáo dục
sinh viên được nhiều người quan tâm trong các tổ chức.,Giáo dục
giáo dục số được thảo luận rộng rãi trong các tổ chức.,Giáo dục
nghiên cứu khoa học đang được nghiên cứu trên mạng xã hội.,Giáo dục
giáo dục số đang phát triển mạnh trong cộng đồng.,Giáo dục
giáo viên được nhiều người quan tâm trong ngành công nghiệp.,Giáo dục
học trực tuyến tạo ra nhiều ảnh hưởng tại nhiều quốc gia.,Giáo dục
sinh viên mang lại nhiều cơ hội tại nhiều quốc gia.,Giáo dục
sinh viên tạo ra nhiều ảnh hưởng trên mạng xã hội.,Giáo dục
trường đại học được nhiều người quan tâm tại nhiều quốc gia.,Giáo dục
chương trình đào tạo tạo ra nhiều ảnh hưởng trên toàn thế giới.,Giáo dục
sinh viên đang phát triển mạnh tại nhiều quốc gia.,Giáo dục
trường đại học đang được nghiên cứu tại nhiều quốc gia.,Giáo dục
sinh viên đang được nghiên cứu trong các công ty lớn.,Giáo dục
trường đại học thu hút nhiều sự chú ý trong cộng đồng.,Giáo dục
học bổng tạo ra nhiều ảnh hưởng trong các công ty lớn.,Giáo dục
kỳ thi được áp dụng rộng rãi tại nhiều quốc gia.,Giáo dục
học trực tuyến được áp dụng rộng rãi trên toàn thế giới.,Giáo dục
sinh viên đang trở thành xu hướng trong nhiều doanh nghiệp.,Giáo dục
giáo dục số đang thay đổi thị trường tại Việt Nam.,Giáo dục
giáo dục số đang phát triển mạnh tại Việt Nam.,Giáo dục
học trực tuyến được áp dụng rộng rãi trong các công ty lớn.,Giáo dục
chương trình đào tạo được nhiều người quan tâm trong nhiều doanh nghiệp.,Giáo dục
kỳ thi thu hút nhiều sự chú ý trên mạng xã hội.,Giáo dục
giáo viên đang thay đổi thị trường trong các công ty lớn.,Giáo dục
sinh viên được nhiều người quan tâm trong nhiều doanh nghiệp.,Giáo dục
bài giảng được nhiều người quan tâm tại Việt Nam.,Giáo dục
học bổng được nhiều người quan tâm trong các công ty lớn.,Giáo dục
nghiên cứu khoa học đang được nghiên cứu trong nhiều doanh nghiệp.,Giáo dục
kỳ thi đang được nghiên cứu trong nhiều doanh nghiệp.,Giáo dục
chương trình đào tạo đang trở thành xu hướng trong các dự án mới.,Giáo dục
giáo dục số đang thay đổi thị trường trong nhiều doanh nghiệp.,Giáo dục
sinh viên đang được nghiên cứu trong nhiều doanh nghiệp.,Giáo dục
học trực tuyến mang lại nhiều cơ hội trong các dự án mới.,Giáo dục
trường đại học tạo ra nhiều ảnh hưởng trong cộng đồng.,Giáo dục
học bổng được áp dụng rộng rãi trên toàn thế giới.,Giáo dục
sinh viên đang được nghiên cứu trong ngành công nghiệp.,Giáo dục
học bổng thu hút nhiều sự chú ý trong các tổ chức.,Giáo dục
học trực tuyến tạo ra nhiều ảnh hưởng trên toàn thế giới.,Giáo dục
giáo dục số đang thay đổi thị trường trong các dự án mới.,Giáo dục
chương trình đào tạo đang trở thành xu hướng trong các công ty lớn.,Giáo dục
trường đại học mang lại nhiều cơ hội trong các tổ chức.,Giáo dục
sinh viên đang thay đổi thị trường tại Việt Nam.,Giáo dục
chương trình đào tạo được nhiều người quan tâm trong các tổ chức.,Giáo dục
nghiên cứu khoa học đang thay đổi thị trường trong các tổ chức.,Giáo dục
chương trình đào tạo mang lại nhiều cơ hội trên toàn thế giới.,Giáo dục
trường đại học được áp dụng rộng rãi trong các công ty lớn.,Giáo dục
bài giảng thu hút nhiều sự chú ý trên mạng xã hội.,Giáo dục
học bổng được áp dụng rộng rãi tại Việt Nam.,Giáo dục
giáo viên đang được nghiên cứu trong nhiều doanh nghiệp.,Giáo dục
chương trình đào tạo mang lại nhiều cơ hội trên mạng xã hội.,Giáo dục
kỳ thi mang lại nhiều cơ hội trên toàn thế giới.,Giáo dục
trường đại học tạo ra nhiều ảnh hưởng trên mạng xã hội.,Giáo dục
học trực tuyến thu hút nhiều sự chú ý trong các dự án mới.,Giáo dục
chương trình đào tạo đang trở thành xu hướng tại nhiều quốc gia.,Giáo dục
học trực tuyến thu hút nhiều sự chú ý trong cộng đồng.,Giáo dục
giáo viên được thảo luận rộng rãi trong nhiều doanh nghiệp.,Giáo dục
kỳ thi đang trở thành xu hướng trong các công ty lớn.,Giáo dục
nghiên cứu khoa học đang phát triển mạnh trong các công ty lớn.,Giáo dục
giáo viên mang lại nhiều cơ hội trên toàn thế giới.,Giáo dục
chương trình đào tạo được áp dụng rộng rãi tại nhiều quốc gia.,Giáo dục
nghiên cứu khoa học đang thay đổi thị trường trong các dự án mới.,Giáo dục
giáo dục số được nhiều người quan tâm trong các công ty lớn.,Giáo dục
nghiên cứu khoa học được áp dụng rộng rãi tại Việt Nam.,Giáo dục
trường đại học đang trở thành xu hướng trong nhiều doanh nghiệp.,Giáo dục
trường đại học đang trở thành xu hướng tại nhiều quốc gia.,Giáo dục
sinh viên đang thay đổi thị trường trong nhiều doanh nghiệp.,Giáo dục
trường đại học được thảo luận rộng rãi trên mạng xã hội.,Giáo dục
học bổng đang phát triển mạnh trong các công ty lớn.,Giáo dục
học trực tuyến được thảo luận rộng rãi trên toàn thế giới.,Giáo dục
bài giảng đang phát triển mạnh trong các dự án mới.,Giáo dục
giáo viên đang trở thành xu hướng trên toàn thế giới.,Giáo dục
kỳ thi được thảo luận rộng rãi trong các công ty lớn.,Giáo dục
học bổng đang được nghiên cứu trên toàn thế giới.,Giáo dục
chương trình đào tạo đang thay đổi thị trường trong các công ty lớn.,Giáo dục
giáo dục số được áp dụng rộng rãi trên mạng xã hội.,Giáo dục
sinh viên thu hút nhiều sự chú ý trong các tổ chức.,Giáo dục
học trực tuyến được nhiều người quan tâm trong các tổ chức.,Giáo dục
học trực tuyến được nhiều người quan tâm tại Việt Nam.,Giáo dục
kỳ thi tạo ra nhiều ảnh hưởng trong các tổ chức.,Giáo dục
nghiên cứu khoa học được nhiều người quan tâm trong nhiều doanh nghiệp.,Giáo dục
học trực tuyến đang phát triển mạnh trong cộng đồng.,Giáo dục
giáo viên tạo ra nhiều ảnh hưởng trong cộng đồng.,Giáo dục
sinh viên đang thay đổi thị trường trong các công ty lớn.,Giáo dục
trường đại học đang phát triển mạnh trong các dự án mới.,Giáo dục
học bổng tạo ra nhiều ảnh hưởng trong nhiều doanh nghiệp.,Giáo dục
nghiên cứu khoa học được áp dụng rộng rãi trong các dự án mới.,Giáo dục
giáo viên mang lại nhiều cơ hội trong ngành công nghiệp.,Giáo dục
bài giảng được áp dụng rộng rãi tại Việt Nam.,Giáo dục
giáo viên đang được nghiên cứu trong ngành công nghiệp.,Giáo dục
nghiên cứu khoa học đang trở thành xu hướng trong các tổ chức.,Giáo dục
kỳ thi tạo ra nhiều ảnh hưởng trong các dự án mới.,Giáo dục
giáo viên đang phát triển mạnh trên mạng xã hội.,Giáo dục
kỳ thi tạo ra nhiều ảnh hưởng tại nhiều quốc gia.,Giáo dục
giáo dục số được nhiều người quan tâm trong nhiều doanh nghiệp.,Giáo dục
bài giảng được áp dụng rộng rãi trong ngành công nghiệp.,Giáo dục
học bổng mang lại nhiều cơ hội trong cộng đồng.,Giáo dục
trường đại học tạo ra nhiều ảnh hưởng trong nhiều doanh nghiệp.,Giáo dục
kỳ thi được nhiều người quan tâm trong các tổ chức.,Giáo dục
nghiên cứu khoa học mang lại nhiều cơ hội trên mạng xã hội.,Giáo dục
học bổng thu hút nhiều sự chú ý trong cộng đồng.,Giáo dục
nghiên cứu khoa học mang lại nhiều cơ hội tại nhiều quốc gia.,Giáo dục
kỳ thi thu hút nhiều sự chú ý trong nhiều doanh nghiệp.,Giáo dục
chương trình đào tạo đang trở thành xu hướng trên toàn thế giới.,Giáo dục
học trực tuyến được nhiều người quan tâm trong cộng đồng.,Giáo dục
học bổng đang thay đổi thị trường trong cộng đồng.,Giáo dục
học bổng đang trở thành xu hướng trong nhiều doanh nghiệp.,Giáo dục
trường đại học mang lại nhiều cơ hội tại Việt Nam.,Giáo dục
kỳ thi đang thay đổi thị trường trên mạng xã hội.,Giáo dục
giáo dục số đang được nghiên cứu trên mạng xã hội.,Giáo dục
bài giảng được thảo luận rộng rãi trong các tổ chức.,Giáo dục
bài giảng đang được nghiên cứu tại Việt Nam.,Giáo dục
kỳ thi đang trở thành xu hướng tại Việt Nam.,Giáo dục
giáo dục số tạo ra nhiều ảnh hưởng trong nhiều doanh nghiệp.,Giáo dục
học trực tuyến được nhiều người quan tâm trong các công ty lớn.,Giáo dục
bài giảng đang phát triển mạnh trong các công ty lớn.,Giáo dục
học trực tuyến được áp dụng rộng rãi trong ngành công nghiệp.,Giáo dục
sinh viên đang trở thành xu hướng trong các tổ chức.,Giáo dục
giáo viên đang thay đổi thị trường trong các dự án mới.,Giáo dục
giáo viên đang thay đổi thị trường trong các tổ chức.,Giáo dục
sinh viên được áp dụng rộng rãi tại nhiều quốc gia.,Giáo dục
kỳ thi được áp dụng rộng rãi trong ngành công nghiệp.,Giáo dục
nghiên cứu khoa học được thảo luận rộng rãi trong ngành công nghiệp.,Giáo dục
trường đại học được nhiều người quan tâm trên toàn thế giới.,Giáo dục
học trực tuyến được áp dụng rộng rãi trong nhiều doanh nghiệp.,Giáo dục
nghiên cứu khoa học được thảo luận rộng rãi tại nhiều quốc gia.,Giáo dục
sinh viên đang được nghiên cứu tại Việt Nam.,Giáo dục
học bổng mang lại nhiều cơ hội tại nhiều quốc gia.,Giáo dục
giáo viên thu hút nhiều sự chú ý trong các tổ chức.,Giáo dục
sinh viên được thảo luận rộng rãi trên toàn thế giới.,Giáo dục
học bổng đang phát triển mạnh trên toàn thế giới.,Giáo dục
nghiên cứu khoa học được nhiều người quan tâm tại nhiều quốc gia.,Giáo dục
nghiên cứu khoa học đang thay đổi thị trường tại nhiều quốc gia.,Giáo dục
nghiên cứu khoa học được thảo luận rộng rãi trong các dự án mới.,Giáo dục
chương trình đào tạo thu hút nhiều sự chú ý trong các công ty lớn.,Giáo dục
học bổng được nhiều người quan tâm trên mạng xã hội.,Giáo dục
sinh viên thu hút nhiều sự chú ý trên mạng xã hội.,Giáo dục
giáo dục số mang lại nhiều cơ hội trong các dự án mới.,Giáo dục
học trực tuyến đang thay đổi thị trường trên toàn thế giới.,Giáo dục
chương trình đào tạo tạo ra nhiều ảnh hưởng trong các công ty lớn.,Giáo dục
trường đại học đang thay đổi thị trường tại nhiều quốc gia.,Giáo dục
giáo viên đang được nghiên cứu trong các tổ chức.,Giáo dục
sinh viên đang trở thành xu hướng tại Việt Nam.,Giáo dục
giáo dục số đang thay đổi thị trường trong cộng đồng.,Giáo dục
học trực tuyến được nhiều người quan tâm trong các dự án mới.,Giáo dục
sinh viên được áp dụng rộng rãi trong cộng đồng.,Giáo dục
nghiên cứu khoa học thu hút nhiều sự chú ý trong cộng đồng.,Giáo dục
trường đại học đang thay đổi thị trường trong các dự án mới.,Giáo dục
bài giảng đang thay đổi thị trường trong ngành công nghiệp.,Giáo dục
kỳ thi được nhiều người quan tâm trong các công ty lớn.,Giáo dục
giáo viên được áp dụng rộng rãi trong nhiều doanh nghiệp.,Giáo dục
sinh viên đang thay đổi thị trường trên mạng xã hội.,Giáo dục
nghiên cứu khoa học đang trở thành xu hướng trong ngành công nghiệp.,Giáo dục
học trực tuyến đang phát triển mạnh tại nhiều quốc gia.,Giáo dục
học trực tuyến đang thay đổi thị trường trên mạng xã hội.,Giáo dục
giáo viên đang trở thành xu hướng trong các dự án mới.,Giáo dục
sinh viên thu hút nhiều sự chú ý trong nhiều doanh nghiệp.,Giáo dục
trường đại học được áp dụng rộng rãi trong nhiều doanh nghiệp.,Giáo dục
giáo viên thu hút nhiều sự chú ý trong cộng đồng.,Giáo dục
học trực tuyến được thảo luận rộng rãi trong ngành công nghiệp.,Giáo dục
bài giảng được nhiều người quan tâm trên toàn thế giới.,Giáo dục
chương trình đào tạo tạo ra nhiều ảnh hưởng trên mạng xã hội.,Giáo dục
chương trình đào tạo đang phát triển mạnh trên mạng xã hội.,Giáo dục
học bổng được nhiều người quan tâm trong cộng đồng.,Giáo dục
kỳ thi được thảo luận rộng rãi trong cộng đồng.,Giáo dục
trường đại học mang lại nhiều cơ hội trong ngành công nghiệp.,Giáo dục
chương trình đào tạo thu hút nhiều sự chú ý tại Việt Nam.,Giáo dục
nghiên cứu khoa học đang trở thành xu hướng trong nhiều doanh nghiệp.,Giáo dục
học trực tuyến được nhiều người quan tâm trên mạng xã hội.,Giáo dục
nghiên cứu khoa học đang trở thành xu hướng trên toàn thế giới.,Giáo dục
kỳ thi đang trở thành xu hướng trong nhiều doanh nghiệp.,Giáo dục
bài giảng đang phát triển mạnh tại nhiều quốc gia.,Giáo dục
trường đại học được thảo luận rộng rãi trên toàn thế giới.,Giáo dục
trường đại học đang trở thành xu hướng trong ngành công nghiệp.,Giáo dục
giáo dục số thu hút nhiều sự chú ý trong các công ty lớn.,Giáo dục
bài giảng mang lại nhiều cơ hội tại nhiều quốc gia.,Giáo dục
giáo dục số đang được nghiên cứu trong các dự án mới.,Giáo dục
chương trình đào tạo được thảo luận rộng rãi tại nhiều quốc gia.,Giáo dục
giáo viên tạo ra nhiều ảnh hưởng trên mạng xã hội.,Giáo dục
nghiên cứu khoa học mang lại nhiều cơ hội trong ngành công nghiệp.,Giáo dục
bài giảng thu hút nhiều sự chú ý tại Việt Nam.,Giáo dục
trường đại học thu hút nhiều sự chú ý trong các dự án mới.,Giáo dục
kỳ thi đang được nghiên cứu trên mạng xã hội.,Giáo dục
nghiên cứu khoa học được áp dụng rộng rãi trên mạng xã hội.,Giáo dục
giáo dục số đang trở thành xu hướng tại Việt Nam.,Giáo dục
chương trình đào tạo thu hút nhiều sự chú ý trong các tổ chức.,Giáo dục
sinh viên tạo ra nhiều ảnh hưởng trong ngành công nghiệp.,Giáo dục
giáo dục số mang lại nhiều cơ hội trong cộng đồng.,Giáo dục
học bổng mang lại nhiều cơ hội trên mạng xã hội.,Giáo dục
sinh viên được thảo luận rộng rãi trong các tổ chức.,Giáo dục
nghiên cứu khoa học đang trở thành xu hướng trong các công ty lớn.,Giáo dục
sinh viên được áp dụng rộng rãi trong ngành công nghiệp.,Giáo dục
giáo viên mang lại nhiều cơ hội trên mạng xã hội.,Giáo dục
học trực tuyến đang trở thành xu hướng trên toàn thế giới.,Giáo dục
sinh viên thu hút nhiều sự chú ý trong các dự án mới.,Giáo dục
học trực tuyến tạo ra nhiều ảnh hưởng trong các công ty lớn.,Giáo dục
nghiên cứu khoa học tạo ra nhiều ảnh hưởng trong các công ty lớn.,Giáo dục
bài giảng được áp dụng rộng rãi tại nhiều quốc gia.,Giáo dục
sinh viên thu hút nhiều sự chú ý trong các công ty lớn.,Giáo dục
sinh viên thu hút nhiều sự chú ý tại Việt Nam.,Giáo dục
bài giảng được nhiều người quan tâm tại nhiều quốc gia.,Giáo dục
giáo dục số đang thay đổi thị trường trong các tổ chức.,Giáo dục
học bổng tạo ra nhiều ảnh hưởng trong ngành công nghiệp.,Giáo dục
nghiên cứu khoa học tạo ra nhiều ảnh hưởng tại Việt Nam.,Giáo dục
chương trình đào tạo được áp dụng rộng rãi trong các dự án mới.,Giáo dục
trường đại học mang lại nhiều cơ hội tại nhiều quốc gia.,Giáo dục
học bổng được áp dụng rộng rãi trong các tổ chức.,Giáo dục
kỳ thi mang lại nhiều cơ hội trong các công ty lớn.,Giáo dục
nghiên cứu khoa học mang lại nhiều cơ hội tại Việt Nam.,Giáo dục
bài giảng đang trở thành xu hướng tại Việt Nam.,Giáo dục
chương trình đào tạo được thảo luận rộng rãi trong ngành công nghiệp.,Giáo dục
học bổng tạo ra nhiều ảnh hưởng tại Việt Nam.,Giáo dục
nghiên cứu khoa học đang phát triển mạnh tại Việt Nam.,Giáo dục
giáo dục số được áp dụng rộng rãi trong nhiều doanh nghiệp.,Giáo dục
học bổng được nhiều người quan tâm trong các tổ chức.,Giáo dục
nghiên cứu khoa học thu hút nhiều sự chú ý trong nhiều doanh nghiệp.,Giáo dục
chương trình đào tạo đang trở thành xu hướng trên mạng xã hội.,Giáo dục
giáo viên đang được nghiên cứu trong cộng đồng.,Giáo dục
nghiên cứu khoa học được thảo luận rộng rãi trên mạng xã hội.,Giáo dục
giáo viên tạo ra nhiều ảnh hưởng tại Việt Nam.,Giáo dục
bài giảng được thảo luận rộng rãi trong ngành công nghiệp.,Giáo dục
bài giảng đang phát triển mạnh tại Việt Nam.,Giáo dục
ưu đãi sốc đang được nghiên cứu trên mạng xã hội.,Spam
trúng thưởng được thảo luận rộng rãi trên mạng xã hội.,Spam
ưu đãi hôm nay tạo ra nhiều ảnh hưởng trong ngành công nghiệp.,Spam
khuyến mãi cực lớn đang trở thành xu hướng trong ngành công nghiệp.,Spam
tặng voucher thu hút nhiều sự chú ý tại Việt Nam.,Spam
kiếm tiền nhanh đang phát triển mạnh trong cộng đồng.,Spam
nhận tiền miễn phí được thảo luận rộng rãi trên toàn thế giới.,Spam
click vào link để nhận quà mang lại nhiều cơ hội trong cộng đồng.,Spam
giảm giá 90% đang trở thành xu hướng trên toàn thế giới.,Spam
ưu đãi hôm nay đang thay đổi thị trường trong ngành công nghiệp.,Spam
giảm giá 90% mang lại nhiều cơ hội tại Việt Nam.,Spam
tặng voucher được nhiều người quan tâm trong nhiều doanh nghiệp.,Spam
trúng thưởng đang được nghiên cứu trên mạng xã hội.,Spam
ưu đãi hôm nay đang thay đổi thị trường trong các tổ chức.,Spam
giảm giá 90% đang được nghiên cứu tại nhiều quốc gia.,Spam
nhận tiền miễn phí được áp dụng rộng rãi trong cộng đồng.,Spam
khuyến mãi cực lớn đang được nghiên cứu trong nhiều doanh nghiệp.,Spam
ưu đãi hôm nay đang được nghiên cứu trong cộng đồng.,Spam
tặng voucher tạo ra nhiều ảnh hưởng tại Việt Nam.,Spam
ưu đãi hôm nay được nhiều người quan tâm tại nhiều quốc gia.,Spam
click vào link để nhận quà tạo ra nhiều ảnh hưởng tại Việt Nam.,Spam
click vào link để nhận quà mang lại nhiều cơ hội trên mạng xã hội.,Spam
kiếm tiền nhanh đang trở thành xu hướng trong các tổ chức.,Spam
click vào link để nhận quà thu hút nhiều sự chú ý trong ngành công nghiệp.,Spam
nhận tiền miễn phí đang trở thành xu hướng trên mạng xã hội.,Spam
click vào link để nhận quà tạo ra nhiều ảnh hưởng trong nhiều doanh nghiệp.,Spam
khuyến mãi cực lớn đang thay đổi thị trường trong các dự án mới.,Spam
click vào link để nhận quà được áp dụng rộng rãi trên toàn thế giới.,Spam
kiếm tiền nhanh mang lại nhiều cơ hội trong các công ty lớn.,Spam
nhận tiền miễn phí đang được nghiên cứu trong các công ty lớn.,Spam
click vào link để nhận quà đang trở thành xu hướng tại nhiều quốc gia.,Spam
click vào link để nhận quà đang được nghiên cứu trong ngành công nghiệp.,Spam
trúng thưởng đang trở thành xu hướng tại nhiều quốc gia.,Spam
kiếm tiền nhanh được thảo luận rộng rãi trong các dự án mới.,Spam
click vào link để nhận quà được thảo luận rộng rãi trong ngành công nghiệp.,Spam
click vào link để nhận quà tạo ra nhiều ảnh hưởng trong các tổ chức.,Spam
ưu đãi hôm nay đang phát triển mạnh trên mạng xã hội.,Spam
kiếm tiền nhanh đang trở thành xu hướng trong các dự án mới.,Spam
nhận tiền miễn phí đang thay đổi thị trường trong các dự án mới.,Spam
khuyến mãi cực lớn thu hút nhiều sự chú ý trong cộng đồng.,Spam
kiếm tiền nhanh đang thay đổi thị trường trong ngành công nghiệp.,Spam
nhận tiền miễn phí được áp dụng rộng rãi trong ngành công nghiệp.,Spam
ưu đãi sốc được nhiều người quan tâm trong ngành công nghiệp.,Spam
ưu đãi hôm nay đang trở thành xu hướng trong nhiều doanh nghiệp.,Spam
khuyến mãi cực lớn mang lại nhiều cơ hội tại nhiều quốc gia.,Spam
ưu đãi hôm nay thu hút nhiều sự chú ý trong các công ty lớn.,Spam
nhận tiền miễn phí mang lại nhiều cơ hội trong nhiều doanh nghiệp.,Spam
đăng ký ngay đang được nghiên cứu trong các tổ chức.,Spam
tặng voucher đang được nghiên cứu trong ngành công nghiệp.,Spam
kiếm tiền nhanh được thảo luận rộng rãi trong nhiều doanh nghiệp.,Spam
trúng thưởng đang trở thành xu hướng trong cộng đồng.,Spam
ưu đãi hôm nay đang được nghiên cứu tại Việt Nam.,Spam
đăng ký ngay mang lại nhiều cơ hội trên mạng xã hội.,Spam
click vào link để nhận quà đang được nghiên cứu trên toàn thế giới.,Spam
ưu đãi sốc được nhiều người quan tâm trong các công ty lớn.,Spam
giảm giá 90% được thảo luận rộng rãi trong ngành công nghiệp.,Spam
kiếm tiền nhanh đang thay đổi thị trường trên toàn thế giới.,Spam
trúng thưởng đang thay đổi thị trường trong ngành công nghiệp.,Spam
nhận tiền miễn phí được áp dụng rộng rãi trong nhiều doanh nghiệp.,Spam
nhận tiền miễn phí thu hút nhiều sự chú ý trên mạng xã hội.,Spam
click vào link để nhận quà đang được nghiên cứu tại Việt Nam.,Spam
ưu đãi sốc đang được nghiên cứu trong các công ty lớn.,Spam
nhận tiền miễn phí thu hút nhiều sự chú ý tại Việt Nam.,Spam
ưu đãi sốc được thảo luận rộng rãi trong các tổ chức.,Spam
đăng ký ngay đang phát triển mạnh trong các dự án mới.,Spam
khuyến mãi cực lớn đang trở thành xu hướng trong các dự án mới.,Spam
ưu đãi hôm nay đang được nghiên cứu trên toàn thế giới.,Spam
giảm giá 90% đang thay đổi thị trường trong ngành công nghiệp.,Spam
khuyến mãi cực lớn được nhiều người quan tâm trong các dự án mới.,Spam
kiếm tiền nhanh được áp dụng rộng rãi trên mạng xã hội.,Spam
trúng thưởng mang lại nhiều cơ hội tại Việt Nam.,Spam
trúng thưởng đang được nghiên cứu trong cộng đồng.,Spam
giảm giá 90% đang thay đổi thị trường trên mạng xã hội.,Spam
tặng voucher đang được nghiên cứu trên toàn thế giới.,Spam
kiếm tiền nhanh đang trở thành xu hướng trong ngành công nghiệp.,Spam
tặng voucher được nhiều người quan tâm trong các tổ chức.,Spam
trúng thưởng tạo ra nhiều ảnh hưởng trong nhiều doanh nghiệp.,Spam
click vào link để nhận quà mang lại nhiều cơ hội trong các công ty lớn.,Spam
khuyến mãi cực lớn tạo ra nhiều ảnh hưởng trong nhiều doanh nghiệp.,Spam
click vào link để nhận quà đang phát triển mạnh trên toàn thế giới.,Spam
ưu đãi hôm nay tạo ra nhiều ảnh hưởng trong cộng đồng.,Spam
giảm giá 90% đang được nghiên cứu trong các dự án mới.,Spam
giảm giá 90% đang thay đổi thị trường trong các tổ chức.,Spam
ưu đãi hôm nay được áp dụng rộng rãi trong cộng đồng.,Spam
tặng voucher thu hút nhiều sự chú ý trong cộng đồng.,Spam
kiếm tiền nhanh được nhiều người quan tâm trong cộng đồng.,Spam
nhận tiền miễn phí đang trở thành xu hướng trong nhiều doanh nghiệp.,Spam
click vào link để nhận quà được nhiều người quan tâm tại nhiều quốc gia.,Spam
nhận tiền miễn phí được nhiều người quan tâm trên mạng xã hội.,Spam
ưu đãi hôm nay mang lại nhiều cơ hội trong các công ty lớn.,Spam
giảm giá 90% thu hút nhiều sự chú ý trong các dự án mới.,Spam
click vào link để nhận quà đang được nghiên cứu trong cộng đồng.,Spam
tặng voucher đang phát triển mạnh tại nhiều quốc gia.,Spam
khuyến mãi cực lớn mang lại nhiều cơ hội trong ngành công nghiệp.,Spam
tặng voucher tạo ra nhiều ảnh hưởng trên mạng xã hội.,Spam
ưu đãi sốc đang trở thành xu hướng trong các công ty lớn.,Spam
đăng ký ngay tạo ra nhiều ảnh hưởng trong nhiều doanh nghiệp.,Spam
khuyến mãi cực lớn mang lại nhiều cơ hội trong các dự án mới.,Spam
ưu đãi sốc được nhiều người quan tâm tại Việt Nam.,Spam
trúng thưởng được thảo luận rộng rãi tại nhiều quốc gia.,Spam
kiếm tiền nhanh được thảo luận rộng rãi trên toàn thế giới.,Spam
ưu đãi sốc tạo ra nhiều ảnh hưởng trên mạng xã hội.,Spam
ưu đãi sốc đang thay đổi thị trường trong các công ty lớn.,Spam
click vào link để nhận quà được thảo luận rộng rãi trong nhiều doanh nghiệp.,Spam
tặng voucher đang trở thành xu hướng trên mạng xã hội.,Spam
kiếm tiền nhanh thu hút nhiều sự chú ý trong nhiều doanh nghiệp.,Spam
trúng thưởng đang trở thành xu hướng tại Việt Nam.,Spam
kiếm tiền nhanh được thảo luận rộng rãi tại nhiều quốc gia.,Spam
tặng voucher được nhiều người quan tâm tại nhiều quốc gia.,Spam
nhận tiền miễn phí thu hút nhiều sự chú ý trên toàn thế giới.,Spam
đăng ký ngay đang thay đổi thị trường trong các dự án mới.,Spam
ưu đãi sốc thu hút nhiều sự chú ý trong nhiều doanh nghiệp.,Spam
tặng voucher đang phát triển mạnh trong các dự án mới.,Spam
ưu đãi sốc được thảo luận rộng rãi trên mạng xã hội.,Spam
ưu đãi hôm nay tạo ra nhiều ảnh hưởng trong các dự án mới.,Spam
đăng ký ngay đang trở thành xu hướng tại nhiều quốc gia.,Spam
đăng ký ngay đang phát triển mạnh trong ngành công nghiệp.,Spam
giảm giá 90% được nhiều người quan tâm trong các tổ chức.,Spam
giảm giá 90% được áp dụng rộng rãi trong các tổ chức.,Spam
click vào link để nhận quà được nhiều người quan tâm trên mạng xã hội.,Spam
kiếm tiền nhanh đang thay đổi thị trường trên mạng xã hội.,Spam
trúng thưởng được nhiều người quan tâm trong các tổ chức.,Spam
click vào link để nhận quà được thảo luận rộng rãi trong các công ty lớn.,Spam
tặng voucher đang thay đổi thị trường trong các tổ chức.,Spam
ưu đãi sốc được thảo luận rộng rãi trong các dự án mới.,Spam
tặng voucher đang thay đổi thị trường trong các công ty lớn.,Spam
click vào link để nhận quà mang lại nhiều cơ hội tại nhiều quốc gia.,Spam
click vào link để nhận quà thu hút nhiều sự chú ý trên toàn thế giới.,Spam
click vào link để nhận quà đang trở thành xu hướng trong các tổ chức.,Spam
giảm giá 90% đang phát triển mạnh trong nhiều doanh nghiệp.,Spam
click vào link để nhận quà được nhiều người quan tâm tại Việt Nam.,Spam
khuyến mãi cực lớn được thảo luận rộng rãi tại nhiều quốc gia.,Spam
đăng ký ngay đang thay đổi thị trường trong các công ty lớn.,Spam
khuyến mãi cực lớn được nhiều người quan tâm trong ngành công nghiệp.,Spam
click vào link để nhận quà được nhiều người quan tâm trong các công ty lớn.,Spam
tặng voucher đang được nghiên cứu tại Việt Nam.,Spam
tặng voucher tạo ra nhiều ảnh hưởng trong cộng đồng.,Spam
tặng voucher được thảo luận rộng rãi tại nhiều quốc gia.,Spam
đăng ký ngay đang trở thành xu hướng trong các tổ chức.,Spam
click vào link để nhận quà đang thay đổi thị trường trong ngành công nghiệp.,Spam
khuyến mãi cực lớn đang được nghiên cứu trong cộng đồng.,Spam
ưu đãi hôm nay được thảo luận rộng rãi trong các tổ chức.,Spam
giảm giá 90% đang thay đổi thị trường tại Việt Nam.,Spam
ưu đãi sốc đang được nghiên cứu tại nhiều quốc gia.,Spam
trúng thưởng mang lại nhiều cơ hội trong nhiều doanh nghiệp.,Spam
tặng voucher đang thay đổi thị trường tại nhiều quốc gia.,Spam
kiếm tiền nhanh được nhiều người quan tâm tại Việt Nam.,Spam
đăng ký ngay đang được nghiên cứu tại Việt Nam.,Spam
kiếm tiền nhanh được áp dụng rộng rãi trong các dự án mới.,Spam
tặng voucher thu hút nhiều sự chú ý trong các dự án mới.,Spam
ưu đãi sốc được nhiều người quan tâm trong các dự án mới.,Spam
đăng ký ngay đang thay đổi thị trường trong cộng đồng.,Spam
kiếm tiền nhanh đang được nghiên cứu tại nhiều quốc gia.,Spam
tặng voucher được nhiều người quan tâm tại Việt Nam.,Spam
kiếm tiền nhanh đang trở thành xu hướng tại nhiều quốc gia.,Spam
khuyến mãi cực lớn đang trở thành xu hướng trên toàn thế giới.,Spam
kiếm tiền nhanh đang trở thành xu hướng trên toàn thế giới.,Spam
giảm giá 90% được áp dụng rộng rãi trên toàn thế giới.,Spam
ưu đãi sốc đang phát triển mạnh trên mạng xã hội.,Spam
ưu đãi hôm nay được thảo luận rộng rãi trong các dự án mới.,Spam
giảm giá 90% mang lại nhiều cơ hội trong cộng đồng.,Spam
click vào link để nhận quà được thảo luận rộng rãi trên toàn thế giới.,Spam
kiếm tiền nhanh thu hút nhiều sự chú ý trên mạng xã hội.,Spam
khuyến mãi cực lớn được nhiều người quan tâm trên toàn thế giới.,Spam
trúng thưởng được áp dụng rộng rãi tại nhiều quốc gia.,Spam
giảm giá 90% mang lại nhiều cơ hội trên toàn thế giới.,Spam
tặng voucher được áp dụng rộng rãi tại nhiều quốc gia.,Spam
nhận tiền miễn phí đang thay đổi thị trường tại Việt Nam.,Spam
khuyến mãi cực lớn tạo ra nhiều ảnh hưởng trong cộng đồng.,Spam
ưu đãi hôm nay đang thay đổi thị trường tại nhiều quốc gia.,Spam
kiếm tiền nhanh đang thay đổi thị trường trong các công ty lớn.,Spam
ưu đãi hôm nay mang lại nhiều cơ hội tại Việt Nam.,Spam
ưu đãi hôm nay mang lại nhiều cơ hội trên toàn thế giới.,Spam
giảm giá 90% được thảo luận rộng rãi trong các công ty lớn.,Spam
đăng ký ngay thu hút nhiều sự chú ý trong cộng đồng.,Spam
ưu đãi sốc đang thay đổi thị trường trên mạng xã hội.,Spam
ưu đãi sốc được áp dụng rộng rãi trên toàn thế giới.,Spam
giảm giá 90% được thảo luận rộng rãi tại Việt Nam.,Spam
tặng voucher mang lại nhiều cơ hội trong các dự án mới.,Spam
trúng thưởng đang thay đổi thị trường trong các dự án mới.,Spam
tặng voucher tạo ra nhiều ảnh hưởng tại nhiều quốc gia.,Spam
nhận tiền miễn phí được nhiều người quan tâm tại Việt Nam.,Spam
ưu đãi hôm nay đang phát triển mạnh trong nhiều doanh nghiệp.,Spam
nhận tiền miễn phí mang lại nhiều cơ hội trên toàn thế giới.,Spam
trúng thưởng đang trở thành xu hướng trên toàn thế giới.,Spam
trúng thưởng tạo ra nhiều ảnh hưởng tại nhiều quốc gia.,Spam
ưu đãi sốc thu hút nhiều sự chú ý trong các dự án mới.,Spam
đăng ký ngay mang lại nhiều cơ hội trong ngành công nghiệp.,Spam
ưu đãi sốc mang lại nhiều cơ hội trên toàn thế giới.,Spam
click vào link để nhận quà thu hút nhiều sự chú ý trong các dự án mới.,Spam
kiếm tiền nhanh được thảo luận rộng rãi trong các tổ chức.,Spam
khuyến mãi cực lớn thu hút nhiều sự chú ý trong nhiều doanh nghiệp.,Spam
trúng thưởng được áp dụng rộng rãi trong cộng đồng.,Spam
nhận tiền miễn phí đang trở thành xu hướng trong các công ty lớn.,Spam
nhận tiền miễn phí thu hút nhiều sự chú ý trong ngành công nghiệp.,Spam
giảm giá 90% đang được nghiên cứu trong nhiều doanh nghiệp.,Spam
tặng voucher đang phát triển mạnh trong cộng đồng.,Spam
ưu đãi hôm nay được thảo luận rộng rãi trên mạng xã hội.,Spam
giảm giá 90% được thảo luận rộng rãi trong các tổ chức.,Spam
ưu đãi hôm nay mang lại nhiều cơ hội trong ngành công nghiệp.,Spam
ưu đãi sốc được áp dụng rộng rãi trong nhiều doanh nghiệp.,Spam
khuyến mãi cực lớn được nhiều người quan tâm trong các tổ chức.,Spam
click vào link để nhận quà đang phát triển mạnh tại nhiều quốc gia.,Spam
nhận tiền miễn phí đang được nghiên cứu trên mạng xã hội.,Spam
kiếm tiền nhanh được nhiều người quan tâm trong ngành công nghiệp.,Spam
kiếm tiền nhanh đang được nghiên cứu trong cộng đồng.,Spam
tặng voucher được áp dụng rộng rãi trong các dự án mới.,Spam
giảm giá 90% đang thay đổi thị trường trong cộng đồng.,Spam
khuyến mãi cực lớn thu hút nhiều sự chú ý trong ngành công nghiệp.,Spam
khuyến mãi cực lớn được thảo luận rộng rãi trên mạng xã hội.,Spam
ưu đãi hôm nay đang phát triển mạnh trong các công ty lớn.,Spam
khuyến mãi cực lớn mang lại nhiều cơ hội trong các tổ chức.,Spam
trúng thưởng được áp dụng rộng rãi trong các tổ chức.,Spam
ưu đãi hôm nay đang được nghiên cứu trên mạng xã hội.,Spam
ưu đãi sốc được áp dụng rộng rãi trong cộng đồng.,Spam
giảm giá 90% mang lại nhiều cơ hội trong các tổ chức.,Spam
giảm giá 90% đang được nghiên cứu trên mạng xã hội.,Spam
trúng thưởng mang lại nhiều cơ hội trên toàn thế giới.,Spam
kiếm tiền nhanh đang phát triển mạnh trên toàn thế giới.,Spam
ưu đãi hôm nay đang trở thành xu hướng trong cộng đồng.,Spam
nhận tiền miễn phí đang được nghiên cứu trong ngành công nghiệp.,Spam
click vào link để nhận quà được áp dụng rộng rãi trong các dự án mới.,Spam
đăng ký ngay đang phát triển mạnh trên mạng xã hội.,Spam
click vào link để nhận quà tạo ra nhiều ảnh hưởng trong các dự án mới.,Spam
kiếm tiền nhanh thu hút nhiều sự chú ý trong ngành công nghiệp.,Spam
ưu đãi sốc được áp dụng rộng rãi trên mạng xã hội.,Spam
nhận tiền miễn phí được nhiều người quan tâm tại nhiều quốc gia.,Spam
giảm giá 90% mang lại nhiều cơ hội trong các dự án mới.,Spam
tặng voucher đang được nghiên cứu tại nhiều quốc gia.,Spam
khuyến mãi cực lớn được áp dụng rộng rãi trên toàn thế giới.,Spam
tặng voucher được thảo luận rộng rãi trong nhiều doanh nghiệp.,Spam
ưu đãi hôm nay đang phát triển mạnh trong cộng đồng.,Spam
giảm giá 90% được thảo luận rộng rãi trên toàn thế giới.,Spam
ưu đãi hôm nay đang thay đổi thị trường trong các công ty lớn.,Spam
ưu đãi hôm nay mang lại nhiều cơ hội trong các tổ chức.,Spam
khuyến mãi cực lớn tạo ra nhiều ảnh hưởng tại Việt Nam.,Spam
khuyến mãi cực lớn đang thay đổi thị trường trong nhiều doanh nghiệp.,Spam
khuyến mãi cực lớn đang trở thành xu hướng trong các tổ chức.,Spam
đăng ký ngay thu hút nhiều sự chú ý tại Việt Nam.,Spam
ưu đãi sốc được nhiều người quan tâm trong cộng đồng.,Spam
tặng voucher đang phát triển mạnh trên toàn thế giới.,Spam
trúng thưởng đang trở thành xu hướng trong nhiều doanh nghiệp.,Spam
ưu đãi hôm nay được thảo luận rộng rãi tại nhiều quốc gia.,Spam
kiếm tiền nhanh tạo ra nhiều ảnh hưởng trên mạng xã hội.,Spam
đăng ký ngay đang phát triển mạnh tại nhiều quốc gia.,Spam
khuyến mãi cực lớn được nhiều người quan tâm tại nhiều quốc gia.,Spam
kiếm tiền nhanh thu hút nhiều sự chú ý trong các tổ chức.,Spam
khuyến mãi cực lớn được thảo luận rộng rãi trên toàn thế giới.,Spam
đăng ký ngay thu hút nhiều sự chú ý trong các dự án mới.,Spam
nhận tiền miễn phí đang được nghiên cứu tại nhiều quốc gia.,Spam
trúng thưởng đang được nghiên cứu trong các dự án mới.,Spam
khuyến mãi cực lớn đang thay đổi thị trường trong các tổ chức.,Spam
ưu đãi sốc tạo ra nhiều ảnh hưởng trong các tổ chức.,Spam
ưu đãi hôm nay được thảo luận rộng rãi trong các công ty lớn.,Spam
ưu đãi sốc đang được nghiên cứu tại Việt Nam.,Spam
giảm giá 90% mang lại nhiều cơ hội trên mạng xã hội.,Spam
giảm giá 90% đang thay đổi thị trường trong các công ty lớn.,Spam
ưu đãi sốc tạo ra nhiều ảnh hưởng trong nhiều doanh nghiệp.,Spam
click vào link để nhận quà được thảo luận rộng rãi trong cộng đồng.,Spam
ưu đãi sốc đang thay đổi thị trường tại Việt Nam.,Spam
ưu đãi sốc đang phát triển mạnh trong cộng đồng.,Spam
ưu đãi hôm nay đang được nghiên cứu trong các tổ chức.,Spam
trúng thưởng mang lại nhiều cơ hội trong cộng đồng.,Spam
giảm giá 90% tạo ra nhiều ảnh hưởng trên mạng xã hội.,Spam
kiếm tiền nhanh đang phát triển mạnh tại nhiều quốc gia.,Spam
kiếm tiền nhanh đang thay đổi thị trường tại Việt Nam.,Spam
tặng voucher tạo ra nhiều ảnh hưởng trong nhiều doanh nghiệp.,Spam
tặng voucher đang trở thành xu hướng tại Việt Nam.,Spam
click vào link để nhận quà mang lại nhiều cơ hội tại Việt Nam.,Spam
đăng ký ngay mang lại nhiều cơ hội trong các tổ chức.,Spam
ưu đãi hôm nay được áp dụng rộng rãi trên mạng xã hội.,Spam
khuyến mãi cực lớn tạo ra nhiều ảnh hưởng trong các tổ chức.,Spam
trúng thưởng thu hút nhiều sự chú ý trong nhiều doanh nghiệp.,Spam
trúng thưởng được nhiều người quan tâm trong các công ty lớn.,Spam
ưu đãi hôm nay đang thay đổi thị trường trên mạng xã hội.,Spam
trúng thưởng tạo ra nhiều ảnh hưởng trong các dự án mới.,Spam
khuyến mãi cực lớn đang trở thành xu hướng trong các công ty lớn.,Spam
kiếm tiền nhanh đang được nghiên cứu trong nhiều doanh nghiệp.,Spam
ưu đãi sốc tạo ra nhiều ảnh hưởng tại nhiều quốc gia.,Spam
kiếm tiền nhanh được thảo luận rộng rãi trong ngành công nghiệp.,Spam
khuyến mãi cực lớn mang lại nhiều cơ hội trong nhiều doanh nghiệp.,Spam
trúng thưởng đang thay đổi thị trường trong cộng đồng.,Spam
kiếm tiền nhanh mang lại nhiều cơ hội trong ngành công nghiệp.,Spam
ưu đãi hôm nay tạo ra nhiều ảnh hưởng trong các công ty lớn.,Spam
đăng ký ngay thu hút nhiều sự chú ý trên mạng xã hội.,Spam
ưu đãi sốc mang lại nhiều cơ hội trong các tổ chức.,Spam
tặng voucher được nhiều người quan tâm trên toàn thế giới.,Spam
nhận tiền miễn phí đang được nghiên cứu trong nhiều doanh nghiệp.,Spam
click vào link để nhận quà được áp dụng rộng rãi trong ngành công nghiệp.,Spam
nhận tiền miễn phí thu hút nhiều sự chú ý trong các tổ chức.,Spam
ưu đãi hôm nay đang phát triển mạnh trong các dự án mới.,Spam
đăng ký ngay thu hút nhiều sự chú ý trong các tổ chức.,Spam
trúng thưởng được nhiều người quan tâm tại Việt Nam.,Spam
ưu đãi sốc được thảo luận rộng rãi tại nhiều quốc gia.,Spam
ưu đãi sốc được áp dụng rộng rãi trong ngành công nghiệp.,Spam
nhận tiền miễn phí đang phát triển mạnh tại Việt Nam.,Spam
nhận tiền miễn phí mang lại nhiều cơ hội trong cộng đồng.,Spam
ưu đãi sốc đang trở thành xu hướng trong cộng đồng.,Spam
ưu đãi sốc đang trở thành xu hướng tại Việt Nam.,Spam
giảm giá 90% tạo ra nhiều ảnh hưởng tại Việt Nam.,Spam
đăng ký ngay tạo ra nhiều ảnh hưởng trên mạng xã hội.,Spam
ưu đãi sốc được nhiều người quan tâm trong các tổ chức.,Spam
ưu đãi sốc đang trở thành xu hướng tại nhiều quốc gia.,Spam
giảm giá 90% thu hút nhiều sự chú ý trên toàn thế giới.,Spam
đăng ký ngay tạo ra nhiều ảnh hưởng trong ngành công nghiệp.,Spam
khuyến mãi cực lớn mang lại nhiều cơ hội trong cộng đồng.,Spam
trúng thưởng đang phát triển mạnh trong các tổ chức.,Spam
kiếm tiền nhanh đang phát triển mạnh trong các tổ chức.,Spam
tặng voucher được thảo luận rộng rãi trong cộng đồng.,Spam
kiếm tiền nhanh đang được nghiên cứu tại Việt Nam.,Spam
khuyến mãi cực lớn mang lại nhiều cơ hội tại Việt Nam.,Spam
đăng ký ngay đang phát triển mạnh trong nhiều doanh nghiệp.,Spam
click vào link để nhận quà thu hút nhiều sự chú ý trong các công ty lớn.,Spam
click vào link để nhận quà đang thay đổi thị trường trong nhiều doanh nghiệp.,Spam
nhận tiền miễn phí thu hút nhiều sự chú ý tại nhiều quốc gia.,Spam
trúng thưởng được nhiều người quan tâm trên toàn thế giới.,Spam
khuyến mãi cực lớn đang thay đổi thị trường trên toàn thế giới.,Spam
trúng thưởng đang được nghiên cứu trong ngành công nghiệp.,Spam
nhận tiền miễn phí được áp dụng rộng rãi trên toàn thế giới.,Spam
khuyến mãi cực lớn được nhiều người quan tâm trên mạng xã hội.,Spam
kiếm tiền nhanh tạo ra nhiều ảnh hưởng trong các dự án mới.,Spam
giảm giá 90% tạo ra nhiều ảnh hưởng trong ngành công nghiệp.,Spam
ưu đãi sốc đang thay đổi thị trường trên toàn thế giới.,Spam
đăng ký ngay đang phát triển mạnh tại Việt Nam.,Spam
giảm giá 90% được thảo luận rộng rãi trên mạng xã hội.,Spam
đăng ký ngay tạo ra nhiều ảnh hưởng trong các công ty lớn.,Spam
tặng voucher đang trở thành xu hướng tại nhiều quốc gia.,Spam
nhận tiền miễn phí đang phát triển mạnh trong các tổ chức.,Spam
kiếm tiền nhanh tạo ra nhiều ảnh hưởng trong nhiều doanh nghiệp.,Spam
click vào link để nhận quà được nhiều người quan tâm trong các dự án mới.,Spam
đăng ký ngay tạo ra nhiều ảnh hưởng tại Việt Nam.,Spam
click vào link để nhận quà được áp dụng rộng rãi trong các công ty lớn.,Spam
tặng voucher được áp dụng rộng rãi trên toàn thế giới.,Spam
giảm giá 90% đang phát triển mạnh trong cộng đồng.,Spam
đăng ký ngay tạo ra nhiều ảnh hưởng trong các tổ chức.,Spam
tặng voucher tạo ra nhiều ảnh hưởng trong các tổ chức.,Spam
kiếm tiền nhanh mang lại nhiều cơ hội trên mạng xã hội.,Spam
ưu đãi sốc đang trở thành xu hướng trong ngành công nghiệp.,Spam
nhận tiền miễn phí mang lại nhiều cơ hội trên mạng xã hội.,Spam
giảm giá 90% tạo ra nhiều ảnh hưởng tại nhiều quốc gia.,Spam
ưu đãi sốc được nhiều người quan tâm trên mạng xã hội.,Spam
click vào link để nhận quà mang lại nhiều cơ hội trong các tổ chức.,Spam
ưu đãi sốc đang trở thành xu hướng trong nhiều doanh nghiệp.,Spam
tặng voucher được áp dụng rộng rãi tại Việt Nam.,Spam
khuyến mãi cực lớn được áp dụng rộng rãi tại nhiều quốc gia.,Spam
đăng ký ngay đang thay đổi thị trường trên toàn thế giới.,Spam
kiếm tiền nhanh được thảo luận rộng rãi tại Việt Nam.,Spam
trúng thưởng tạo ra nhiều ảnh hưởng trong ngành công nghiệp.,Spam
đăng ký ngay được áp dụng rộng rãi trong ngành công nghiệp.,Spam
giảm giá 90% đang trở thành xu hướng tại Việt Nam.,Spam
giảm giá 90% thu hút nhiều sự chú ý trong cộng đồng.,Spam
kiếm tiền nhanh đang được nghiên cứu trong các công ty lớn.,Spam
tặng voucher mang lại nhiều cơ hội tại Việt Nam.,Spam
ưu đãi sốc đang phát triển mạnh trong các dự án mới.,Spam
giảm giá 90% được nhiều người quan tâm trong cộng đồng.,Spam
nhận tiền miễn phí được áp dụng rộng rãi trong các tổ chức.,Spam
khuyến mãi cực lớn được thảo luận rộng rãi tại Việt Nam.,Spam
nhận tiền miễn phí tạo ra nhiều ảnh hưởng tại Việt Nam.,Spam
trúng thưởng mang lại nhiều cơ hội tại nhiều quốc gia.,Spam
giảm giá 90% được áp dụng rộng rãi tại nhiều quốc gia.,Spam
click vào link để nhận quà mang lại nhiều cơ hội trong các dự án mới.,Spam
trúng thưởng đang được nghiên cứu trong các tổ chức.,Spam
click vào link để nhận quà thu hút nhiều sự chú ý tại nhiều quốc gia.,Spam
ưu đãi sốc đang phát triển mạnh trong ngành công nghiệp.,Spam
đăng ký ngay thu hút nhiều sự chú ý tại nhiều quốc gia.,Spam
ưu đãi hôm nay mang lại nhiều cơ hội trên mạng xã hội.,Spam
nhận tiền miễn phí đang thay đổi thị trường trong nhiều doanh nghiệp.,Spam
giảm giá 90% được nhiều người quan tâm trong các công ty lớn.,Spam
khuyến mãi cực lớn được áp dụng rộng rãi trong các tổ chức.,Spam
trúng thưởng đang được nghiên cứu tại Việt Nam.,Spam
tặng voucher được nhiều người quan tâm trên mạng xã hội.,Spam
trúng thưởng đang được nghiên cứu trong các công ty lớn.,Spam
trúng thưởng được thảo luận rộng rãi trong cộng đồng.,Spam
đăng ký ngay được thảo luận rộng rãi trên mạng xã hội.,Spam
ưu đãi hôm nay được nhiều người quan tâm trong các dự án mới.,Spam
nhận tiền miễn phí tạo ra nhiều ảnh hưởng trong ngành công nghiệp.,Spam
khuyến mãi cực lớn được áp dụng rộng rãi tại Việt Nam.,Spam
nhận tiền miễn phí đang thay đổi thị trường trên mạng xã hội.,Spam
nhận tiền miễn phí đang phát triển mạnh trong các công ty lớn.,Spam
trúng thưởng đang trở thành xu hướng trong các công ty lớn.,Spam
khuyến mãi cực lớn được nhiều người quan tâm trong các công ty lớn.,Spam
giảm giá 90% được thảo luận rộng rãi trong các dự án mới.,Spam
kiếm tiền nhanh được áp dụng rộng rãi trong ngành công nghiệp.,Spam
kiếm tiền nhanh được nhiều người quan tâm trong các công ty lớn.,Spam
đăng ký ngay đang thay đổi thị trường tại Việt Nam.,Spam
nhận tiền miễn phí được nhiều người quan tâm trong các công ty lớn.,Spam
khuyến mãi cực lớn được thảo luận rộng rãi trong ngành công nghiệp.,Spam
tặng voucher được thảo luận rộng rãi trên toàn thế giới.,Spam
ưu đãi sốc được nhiều người quan tâm trên toàn thế giới.,Spam
ưu đãi sốc đang được nghiên cứu trong các tổ chức.,Spam
nhận tiền miễn phí đang phát triển mạnh trên mạng xã hội.,Spam
ưu đãi sốc mang lại nhiều cơ hội trong cộng đồng.,Spam
nhận tiền miễn phí mang lại nhiều cơ hội trong ngành công nghiệp.,Spam
click vào link để nhận quà đang phát triển mạnh trong ngành công nghiệp.,Spam
kiếm tiền nhanh được áp dụng rộng rãi tại Việt Nam.,Spam
kiếm tiền nhanh đang trở thành xu hướng trong cộng đồng.,Spam
giảm giá 90% được áp dụng rộng rãi trong nhiều doanh nghiệp.,Spam
click vào link để nhận quà thu hút nhiều sự chú ý tại Việt Nam.,Spam
ưu đãi sốc đang được nghiên cứu trong nhiều doanh nghiệp.,Spam
ưu đãi hôm nay tạo ra nhiều ảnh hưởng tại Việt Nam.,Spam
giảm giá 90% được nhiều người quan tâm trong nhiều doanh nghiệp.,Spam
giảm giá 90% mang lại nhiều cơ hội tại nhiều quốc gia.,Spam
ưu đãi sốc được thảo luận rộng rãi trong nhiều doanh nghiệp.,Spam
khuyến mãi cực lớn đang được nghiên cứu trong các công ty lớn.,Spam
ưu đãi hôm nay thu hút nhiều sự chú ý trong cộng đồng.,Spam
trúng thưởng mang lại nhiều cơ hội trong các tổ chức.,Spam
đăng ký ngay mang lại nhiều cơ hội trong các dự án mới.,Spam
ưu đãi hôm nay đang được nghiên cứu trong các công ty lớn.,Spam
khuyến mãi cực lớn tạo ra nhiều ảnh hưởng tại nhiều quốc gia.,Spam
tặng voucher mang lại nhiều cơ hội trong các công ty lớn.,Spam
ưu đãi sốc được áp dụng rộng rãi trong các tổ chức.,Spam
nhận tiền miễn phí đang trở thành xu hướng trong các dự án mới.,Spam
ưu đãi sốc đang trở thành xu hướng trong các dự án mới.,Spam
trúng thưởng thu hút nhiều sự chú ý trong ngành công nghiệp.,Spam
kiếm tiền nhanh được áp dụng rộng rãi trong cộng đồng.,Spam
giảm giá 90% đang phát triển mạnh trong các tổ chức.,Spam
khuyến mãi cực lớn đang được nghiên cứu trên mạng xã hội.,Spam
kiếm tiền nhanh đang được nghiên cứu trên toàn thế giới.,Spam
khuyến mãi cực lớn được nhiều người quan tâm tại Việt Nam.,Spam
ưu đãi hôm nay đang trở thành xu hướng trong các tổ chức.,Spam
ưu đãi hôm nay tạo ra nhiều ảnh hưởng trong nhiều doanh nghiệp.,Spam
ưu đãi sốc mang lại nhiều cơ hội trên mạng xã hội.,Spam
kiếm tiền nhanh tạo ra nhiều ảnh hưởng trong các tổ chức.,Spam
click vào link để nhận quà đang phát triển mạnh trên mạng xã hội.,Spam
đăng ký ngay đang được nghiên cứu trên toàn thế giới.,Spam
giảm giá 90% đang thay đổi thị trường trên toàn thế giới.,Spam
click vào link để nhận quà được thảo luận rộng rãi tại nhiều quốc gia.,Spam
tặng voucher đang trở thành xu hướng trong nhiều doanh nghiệp.,Spam
khuyến mãi cực lớn được áp dụng rộng rãi trong nhiều doanh nghiệp.,Spam
click vào link để nhận quà được thảo luận rộng rãi trong các dự án mới.,Spam
tặng voucher tạo ra nhiều ảnh hưởng trên toàn thế giới.,Spam
đăng ký ngay đang trở thành xu hướng trong các công ty lớn.,Spam
tặng voucher thu hút nhiều sự chú ý trong các tổ chức.,Spam
ưu đãi hôm nay được áp dụng rộng rãi tại Việt Nam.,Spam
đăng ký ngay được nhiều người quan tâm trên mạng xã hội.,Spam
trúng thưởng thu hút nhiều sự chú ý tại nhiều quốc gia.,Spam
ưu đãi sốc đang phát triển mạnh tại nhiều quốc gia.,Spam
ưu đãi sốc đang thay đổi thị trường trong ngành công nghiệp.,Spam
giảm giá 90% thu hút nhiều sự chú ý trong các tổ chức.,Spam
kiếm tiền nhanh tạo ra nhiều ảnh hưởng trong cộng đồng.,Spam
trúng thưởng được nhiều người quan tâm trong ngành công nghiệp.,Spam
kiếm tiền nhanh được nhiều người quan tâm trên mạng xã hội.,Spam
nhận tiền miễn phí đang phát triển mạnh trong ngành công nghiệp.,Spam
giảm giá 90% thu hút nhiều sự chú ý trong nhiều doanh nghiệp.,Spam
tặng voucher tạo ra nhiều ảnh hưởng trong các dự án mới.,Spam
đăng ký ngay được thảo luận rộng rãi trong các dự án mới.,Spam
nhận tiền miễn phí thu hút nhiều sự chú ý trong các công ty lớn.,Spam
giảm giá 90% thu hút nhiều sự chú ý tại nhiều quốc gia.,Spam
nhận tiền miễn phí được nhiều người quan tâm trên toàn thế giới.,Spam
giảm giá 90% mang lại nhiều cơ hội trong nhiều doanh nghiệp.,Spam
nhận tiền miễn phí đang thay đổi thị trường trong cộng đồng.,Spam
đăng ký ngay được nhiều người quan tâm trong các công ty lớn.,Spam
giảm giá 90% được thảo luận rộng rãi trong nhiều doanh nghiệp.,Spam
tặng voucher được thảo luận rộng rãi trong các công ty lớn.,Spam
ưu đãi hôm nay đang được nghiên cứu trong ngành công nghiệp.,Spam
ưu đãi sốc đang phát triển mạnh trong các tổ chức.,Spam
kiếm tiền nhanh đang được nghiên cứu trong các tổ chức.,Spam
khuyến mãi cực lớn được thảo luận rộng rãi trong các công ty lớn.,Spam
click vào link để nhận quà được thảo luận rộng rãi tại Việt Nam.,Spam
khuyến mãi cực lớn đang phát triển mạnh trong các tổ chức.,Spam
khuyến mãi cực lớn đang phát triển mạnh trong cộng đồng.,Spam
trúng thưởng đang phát triển mạnh trên toàn thế giới.,Spam
tặng voucher đang phát triển mạnh trong các công ty lớn.,Spam
tặng voucher mang lại nhiều cơ hội trong cộng đồng.,Spam
đăng ký ngay được áp dụng rộng rãi trong các dự án mới.,Spam
tặng voucher đang thay đổi thị trường tại Việt Nam.,Spam
khuyến mãi cực lớn tạo ra nhiều ảnh hưởng trên mạng xã hội.,Spam
nhận tiền miễn phí đang được nghiên cứu trong cộng đồng.,Spam
nhận tiền miễn phí đang trở thành xu hướng tại nhiều quốc gia.,Spam
khuyến mãi cực lớn đang phát triển mạnh trong các công ty lớn.,Spam
nhận tiền miễn phí đang được nghiên cứu tại Việt Nam.,Spam
ưu đãi hôm nay mang lại nhiều cơ hội trong nhiều doanh nghiệp.,Spam
khuyến mãi cực lớn đang thay đổi thị trường tại Việt Nam.,Spam
kiếm tiền nhanh đang phát triển mạnh trong các công ty lớn.,Spam
click vào link để nhận quà đang phát triển mạnh trong các tổ chức.,Spam
click vào link để nhận quà được nhiều người quan tâm trong cộng đồng.,Spam
giảm giá 90% đang được nghiên cứu tại Việt Nam.,Spam
ưu đãi hôm nay đang thay đổi thị trường trong cộng đồng.,Spam
kiếm tiền nhanh được áp dụng rộng rãi trong nhiều doanh nghiệp.,Spam
khuyến mãi cực lớn được nhiều người quan tâm trong cộng đồng.,Spam
đăng ký ngay được nhiều người quan tâm trong ngành công nghiệp.,Spam
trúng thưởng được áp dụng rộng rãi trong các dự án mới.,Spam
tặng voucher được thảo luận rộng rãi trong các tổ chức.,Spam
ưu đãi hôm nay đang trở thành xu hướng tại Việt Nam.,Spam
đăng ký ngay được nhiều người quan tâm trong các tổ chức.,Spam
đăng ký ngay được áp dụng rộng rãi trong các công ty lớn.,Spam
ưu đãi sốc được nhiều người quan tâm trong nhiều doanh nghiệp.,Spam
đăng ký ngay được thảo luận rộng rãi trong ngành công nghiệp.,Spam
ưu đãi sốc đang thay đổi thị trường trong cộng đồng.,Spam
đăng ký ngay được nhiều người quan tâm trên toàn thế giới.,Spam
nhận tiền miễn phí tạo ra nhiều ảnh hưởng trong các tổ chức.,Spam
ưu đãi sốc được thảo luận rộng rãi trong cộng đồng.,Spam
khuyến mãi cực lớn thu hút nhiều sự chú ý tại nhiều quốc gia.,Spam
trúng thưởng được áp dụng rộng rãi trong ngành công nghiệp.,Spam
trúng thưởng được thảo luận rộng rãi trong ngành công nghiệp.,Spam
tặng voucher được áp dụng rộng rãi trong các công ty lớn.,Spam
giảm giá 90% được áp dụng rộng rãi tại Việt Nam.,Spam
giảm giá 90% được áp dụng rộng rãi trong cộng đồng.,Spam
ưu đãi hôm nay được nhiều người quan tâm tại Việt Nam.,Spam
click vào link để nhận quà đang thay đổi thị trường trong các tổ chức.,Spam
kiếm tiền nhanh mang lại nhiều cơ hội trong nhiều doanh nghiệp.,Spam
nhận tiền miễn phí mang lại nhiều cơ hội trong các tổ chức.,Spam
ưu đãi hôm nay được áp dụng rộng rãi tại nhiều quốc gia.,Spam
ưu đãi hôm nay đang trở thành xu hướng trong các dự án mới.,Spam
nhận tiền miễn phí thu hút nhiều sự chú ý trong nhiều doanh nghiệp.,Spam
nhận tiền miễn phí được áp dụng rộng rãi tại nhiều quốc gia.,Spam
kiếm tiền nhanh đang được nghiên cứu trong các dự án mới.,Spam
nhận tiền miễn phí được thảo luận rộng rãi trong ngành công nghiệp.,Spam
đăng ký ngay thu hút nhiều sự chú ý trên toàn thế giới.,Spam
giảm giá 90% mang lại nhiều cơ hội trong ngành công nghiệp.,Spam
tặng voucher mang lại nhiều cơ hội trong ngành công nghiệp.,Spam
ưu đãi hôm nay được nhiều người quan tâm trên toàn thế giới.,Spam
giảm giá 90% được thảo luận rộng rãi trong cộng đồng.,Spam
nhận tiền miễn phí thu hút nhiều sự chú ý trong các dự án mới.,Spam
khuyến mãi cực lớn đang phát triển mạnh trên mạng xã hội.,Spam
kiếm tiền nhanh được áp dụng rộng rãi trong các công ty lớn.,Spam
nhận tiền miễn phí được nhiều người quan tâm trong các tổ chức.,Spam
đăng ký ngay mang lại nhiều cơ hội trong các công ty lớn.,Spam
giảm giá 90% đang trở thành xu hướng trong các công ty lớn.,Spam
ưu đãi hôm nay mang lại nhiều cơ hội trong cộng đồng.,Spam
ưu đãi hôm nay đang được nghiên cứu tại nhiều quốc gia.,Spam
khuyến mãi cực lớn được nhiều người quan tâm trong nhiều doanh nghiệp.,Spam
trúng thưởng mang lại nhiều cơ hội trên mạng xã hội.,Spam
ưu đãi hôm nay đang thay đổi thị trường trong nhiều doanh nghiệp.,Spam
ưu đãi hôm nay mang lại nhiều cơ hội trong các dự án mới.,Spam
click vào link để nhận quà tạo ra nhiều ảnh hưởng trong ngành công nghiệp.,Spam
click vào link để nhận quà được áp dụng rộng rãi tại nhiều quốc gia.,Spam
giảm giá 90% được nhiều người quan tâm tại nhiều quốc gia.,Spam
click vào link để nhận quà đang phát triển mạnh trong các dự án mới.,Spam
click vào link để nhận quà đang thay đổi thị trường trong các dự án mới.,Spam
đăng ký ngay thu hút nhiều sự chú ý trong các công ty lớn.,Spam
giảm giá 90% đang trở thành xu hướng trong các tổ chức.,Spam
ưu đãi hôm nay đang trở thành xu hướng trong các công ty lớn.,Spam
khuyến mãi cực lớn đang được nghiên cứu trên toàn thế giới.,Spam
ưu đãi hôm nay được thảo luận rộng rãi trong ngành công nghiệp.,Spam
click vào link để nhận quà đang thay đổi thị trường trên toàn thế giới.,Spam
click vào link để nhận quà đang được nghiên cứu trong nhiều doanh nghiệp.,Spam
ưu đãi hôm nay được áp dụng rộng rãi trong các công ty lớn.,Spam
đăng ký ngay đang được nghiên cứu trên mạng xã hội.,Spam
ưu đãi hôm nay đang trở thành xu hướng tại nhiều quốc gia.,Spam
trúng thưởng đang thay đổi thị trường trong các công ty lớn.,Spam
click vào link để nhận quà mang lại nhiều cơ hội trong nhiều doanh nghiệp.,Spam
ưu đãi hôm nay được thảo luận rộng rãi tại Việt Nam.,Spam
click vào link để nhận quà đang phát triển mạnh trong nhiều doanh nghiệp.,Spam
giảm giá 90% đang phát triển mạnh trong các dự án mới.,Spam
trúng thưởng đang được nghiên cứu trong nhiều doanh nghiệp.,Spam
click vào link để nhận quà được áp dụng rộng rãi trong các tổ chức.,Spam
giảm giá 90% đang phát triển mạnh trên toàn thế giới.,Spam
trúng thưởng được thảo luận rộng rãi tại Việt Nam.,Spam
kiếm tiền nhanh thu hút nhiều sự chú ý trong các công ty lớn.,Spam
tặng voucher mang lại nhiều cơ hội trong các tổ chức.,Spam
ưu đãi sốc thu hút nhiều sự chú ý trong ngành công nghiệp.,Spam
giảm giá 90% đang trở thành xu hướng trong cộng đồng.,Spam
giảm giá 90% đang phát triển mạnh trong các công ty lớn.,Spam
tặng voucher tạo ra nhiều ảnh hưởng trong ngành công nghiệp.,Spam
trúng thưởng tạo ra nhiều ảnh hưởng trên toàn thế giới.,Spam
tặng voucher được thảo luận rộng rãi trong ngành công nghiệp.,Spam
click vào link để nhận quà đang được nghiên cứu trong các tổ chức.,Spam
khuyến mãi cực lớn được thảo luận rộng rãi trong các tổ chức.,Spam
tặng voucher đang phát triển mạnh trên mạng xã hội.,Spam
trúng thưởng đang trở thành xu hướng trong các dự án mới.,Spam
ưu đãi sốc được áp dụng rộng rãi tại nhiều quốc gia.,Spam
ưu đãi sốc mang lại nhiều cơ hội trong ngành công nghiệp.,Spam
ưu đãi hôm nay được áp dụng rộng rãi trên toàn thế giới.,Spam
đăng ký ngay mang lại nhiều cơ hội trong nhiều doanh nghiệp.,Spam
ưu đãi hôm nay mang lại nhiều cơ hội tại nhiều quốc gia.,Spam
nhận tiền miễn phí tạo ra nhiều ảnh hưởng trong các công ty lớn.,Spam
trúng thưởng đang thay đổi thị trường tại Việt Nam.,Spam
giảm giá 90% tạo ra nhiều ảnh hưởng trong cộng đồng.,Spam
click vào link để nhận quà được nhiều người quan tâm trên toàn thế giới.,Spam
trúng thưởng tạo ra nhiều ảnh hưởng trong các công ty lớn.,Spam
khuyến mãi cực lớn đang phát triển mạnh trong ngành công nghiệp.,Spam
trúng thưởng đang phát triển mạnh trong ngành công nghiệp.,Spam
giảm giá 90% được thảo luận rộng rãi tại nhiều quốc gia.,Spam
khuyến mãi cực lớn đang được nghiên cứu tại nhiều quốc gia.,Spam
kiếm tiền nhanh được áp dụng rộng rãi trong các tổ chức.,Spam
trúng thưởng được nhiều người quan tâm trong các dự án mới.,Spam
giảm giá 90% đang phát triển mạnh trong ngành công nghiệp.,Spam
trúng thưởng thu hút nhiều sự chú ý trong cộng đồng.,Spam
khuyến mãi cực lớn đang trở thành xu hướng trên mạng xã hội.,Spam
giảm giá 90% được nhiều người quan tâm trong ngành công nghiệp.,Spam
tặng voucher đang trở thành xu hướng trong các tổ chức.,Spam
click vào link để nhận quà được áp dụng rộng rãi trên mạng xã hội.,Spam
đăng ký ngay được thảo luận rộng rãi tại Việt Nam.,Spam
kiếm tiền nhanh đang thay đổi thị trường trong các tổ chức.,Spam
khuyến mãi cực lớn thu hút nhiều sự chú ý tại Việt Nam.,Spam
giảm giá 90% tạo ra nhiều ảnh hưởng trên toàn thế giới.,Spam
click vào link để nhận quà tạo ra nhiều ảnh hưởng trong cộng đồng.,Spam
ưu đãi sốc đang thay đổi thị trường tại nhiều quốc gia.,Spam
giảm giá 90% được áp dụng rộng rãi trong các dự án mới.,Spam
tặng voucher đang thay đổi thị trường trong các dự án mới.,Spam
click vào link để nhận quà đang được nghiên cứu trong các công ty lớn.,Spam
click vào link để nhận quà được thảo luận rộng rãi trong các tổ chức.,Spam
ưu đãi sốc đang được nghiên cứu trên toàn thế giới.,Spam
nhận tiền miễn phí tạo ra nhiều ảnh hưởng trên mạng xã hội.,Spam
khuyến mãi cực lớn đang trở thành xu hướng trong cộng đồng.,Spam
đăng ký ngay đang được nghiên cứu trong ngành công nghiệp.,Spam
nhận tiền miễn phí đang phát triển mạnh trong nhiều doanh nghiệp.,Spam
trúng thưởng mang lại nhiều cơ hội trong các công ty lớn.,Spam
nhận tiền miễn phí được thảo luận rộng rãi trong các tổ chức.,Spam
tặng voucher thu hút nhiều sự chú ý trong ngành công nghiệp.,Spam
ưu đãi hôm nay đang trở thành xu hướng trong ngành công nghiệp.,Spam
tặng voucher thu hút nhiều sự chú ý tại nhiều quốc gia.,Spam
đăng ký ngay được thảo luận rộng rãi trong cộng đồng.,Spam
kiếm tiền nhanh được thảo luận rộng rãi trên mạng xã hội.,Spam
ưu đãi hôm nay được nhiều người quan tâm trong các công ty lớn.,Spam
kiếm tiền nhanh đang thay đổi thị trường trong nhiều doanh nghiệp.,Spam
đăng ký ngay đang thay đổi thị trường tại nhiều quốc gia.,Spam
nhận tiền miễn phí tạo ra nhiều ảnh hưởng tại nhiều quốc gia.,Spam
trúng thưởng tạo ra nhiều ảnh hưởng trong cộng đồng.,Spam
giảm giá 90% đang thay đổi thị trường trong các dự án mới.,Spam
ưu đãi hôm nay đang thay đổi thị trường tại Việt Nam.,Spam
đăng ký ngay được áp dụng rộng rãi tại Việt Nam.,Spam
tặng voucher đang trở thành xu hướng trong các dự án mới.,Spam
tặng voucher mang lại nhiều cơ hội trên mạng xã hội.,Spam
kiếm tiền nhanh được nhiều người quan tâm tại nhiều quốc gia.,Spam
đăng ký ngay được áp dụng rộng rãi trên toàn thế giới.,Spam
đăng ký ngay đang trở thành xu hướng trong nhiều doanh nghiệp.,Spam
nhận tiền miễn phí đang thay đổi thị trường trong các công ty lớn.,Spam
ưu đãi sốc thu hút nhiều sự chú ý trong các công ty lớn.,Spam
khuyến mãi cực lớn đang thay đổi thị trường trong cộng đồng.,Spam
trúng thưởng thu hút nhiều sự chú ý tại Việt Nam.,Spam
ưu đãi sốc tạo ra nhiều ảnh hưởng trong ngành công nghiệp.,Spam
trúng thưởng được thảo luận rộng rãi trên toàn thế giới.,Spam
kiếm tiền nhanh mang lại nhiều cơ hội trên toàn thế giới.,Spam
đăng ký ngay tạo ra nhiều ảnh hưởng trong các dự án mới.,Spam
click vào link để nhận quà thu hút nhiều sự chú ý trong nhiều doanh nghiệp.,Spam
khuyến mãi cực lớn đang thay đổi thị trường trong ngành công nghiệp.,Spam
ưu đãi sốc đang được nghiên cứu trong ngành công nghiệp.,Spam
đăng ký ngay được thảo luận rộng rãi trong nhiều doanh nghiệp.,Spam
ưu đãi sốc tạo ra nhiều ảnh hưởng tại Việt Nam.,Spam
kiếm tiền nhanh tạo ra nhiều ảnh hưởng trên toàn thế giới.,Spam
khuyến mãi cực lớn được thảo luận rộng rãi trong cộng đồng.,Spam
trúng thưởng đang thay đổi thị trường trong các tổ chức.,Spam
giảm giá 90% thu hút nhiều sự chú ý tại Việt Nam.,Spam
tặng voucher đang phát triển mạnh trong các tổ chức.,Spam
nhận tiền miễn phí được thảo luận rộng rãi trong các dự án mới.,Spam
đăng ký ngay được thảo luận rộng rãi trong các tổ chức.,Spam
tặng voucher đang trở thành xu hướng trong ngành công nghiệp.,Spam
click vào link để nhận quà đang trở thành xu hướng trong các công ty lớn.,Spam
tặng voucher đang phát triển mạnh tại Việt Nam.,Spam
giảm giá 90% tạo ra nhiều ảnh hưởng trong các tổ chức.,Spam
trúng thưởng được nhiều người quan tâm trong cộng đồng.,Spam
đăng ký ngay được nhiều người quan tâm trong nhiều doanh nghiệp.,Spam
tặng voucher đang được nghiên cứu trong các dự án mới.,Spam
đăng ký ngay đang trở thành xu hướng trong các dự án mới.,Spam
click vào link để nhận quà thu hút nhiều sự chú ý trong cộng đồng.,Spam
ưu đãi sốc đang phát triển mạnh trong nhiều doanh nghiệp.,Spam
nhận tiền miễn phí đang thay đổi thị trường trong các tổ chức.,Spam
ưu đãi sốc được áp dụng rộng rãi trong các công ty lớn.,Spam
khuyến mãi cực lớn được áp dụng rộng rãi trong ngành công nghiệp.,Spam
nhận tiền miễn phí đang thay đổi thị trường tại nhiều quốc gia.,Spam
giảm giá 90% được áp dụng rộng rãi trong các công ty lớn.,Spam
kiếm tiền nhanh thu hút nhiều sự chú ý tại Việt Nam.,Spam
đăng ký ngay đang được nghiên cứu trong các công ty lớn.,Spam
trúng thưởng được áp dụng rộng rãi trong các công ty lớn.,Spam
click vào link để nhận quà mang lại nhiều cơ hội trên toàn thế giới.,Spam
ưu đãi sốc mang lại nhiều cơ hội trong các dự án mới.,Spam
nhận tiền miễn phí đang được nghiên cứu trong các tổ chức.,Spam
ưu đãi sốc đang phát triển mạnh tại Việt Nam.,Spam
nhận tiền miễn phí đang phát triển mạnh trên toàn thế giới.,Spam
kiếm tiền nhanh mang lại nhiều cơ hội tại nhiều quốc gia.,Spam
ưu đãi hôm nay đang phát triển mạnh trên toàn thế giới.,Spam
giảm giá 90% tạo ra nhiều ảnh hưởng trong nhiều doanh nghiệp.,Spam
trúng thưởng đang được nghiên cứu tại nhiều quốc gia.,Spam
trúng thưởng được thảo luận rộng rãi trong các công ty lớn.,Spam
kiếm tiền nhanh đang được nghiên cứu trong ngành công nghiệp.,Spam
ưu đãi hôm nay được nhiều người quan tâm trong các tổ chức.,Spam
ưu đãi sốc đang phát triển mạnh trên toàn thế giới.,Spam
click vào link để nhận quà đang được nghiên cứu trong các dự án mới.,Spam
nhận tiền miễn phí được thảo luận rộng rãi trong các công ty lớn.,Spam
đăng ký ngay được nhiều người quan tâm trong các dự án mới.,Spam
ưu đãi hôm nay đang phát triển mạnh tại nhiều quốc gia.,Spam
kiếm tiền nhanh đang trở thành xu hướng tại Việt Nam.,Spam
giảm giá 90% đang phát triển mạnh tại Việt Nam.,Spam
ưu đãi hôm nay đang trở thành xu hướng trên mạng xã hội.,Spam
đăng ký ngay được nhiều người quan tâm trong cộng đồng.,Spam
nhận tiền miễn phí đang phát triển mạnh trong cộng đồng.,Spam
kiếm tiền nhanh thu hút nhiều sự chú ý trong cộng đồng.,Spam
giảm giá 90% đang phát triển mạnh trên mạng xã hội.,Spam
click vào link để nhận quà đang trở thành xu hướng trong ngành công nghiệp.,Spam
nhận tiền miễn phí được nhiều người quan tâm trong các dự án mới.,Spam
khuyến mãi cực lớn đang trở thành xu hướng tại Việt Nam.,Spam
trúng thưởng được áp dụng rộng rãi trong nhiều doanh nghiệp.,Spam
ưu đãi sốc được thảo luận rộng rãi trong các công ty lớn.,Spam
khuyến mãi cực lớn đang trở thành xu hướng trong nhiều doanh nghiệp.,Spam
giảm giá 90% đang phát triển mạnh tại nhiều quốc gia.,Spam
ưu đãi hôm nay thu hút nhiều sự chú ý tại Việt Nam.,Spam
giảm giá 90% thu hút nhiều sự chú ý trên mạng xã hội.,Spam
click vào link để nhận quà tạo ra nhiều ảnh hưởng trong các công ty lớn.,Spam
đăng ký ngay đang được nghiên cứu trong các dự án mới.,Spam
giảm giá 90% được nhiều người quan tâm tại Việt Nam.,Spam
tặng voucher được thảo luận rộng rãi trong các dự án mới.,Spam
kiếm tiền nhanh mang lại nhiều cơ hội tại Việt Nam.,Spam
giảm giá 90% đang trở thành xu hướng tại nhiều quốc gia.,Spam
ưu đãi sốc thu hút nhiều sự chú ý tại nhiều quốc gia.,Spam
khuyến mãi cực lớn thu hút nhiều sự chú ý trong các dự án mới.,Spam
ưu đãi sốc được thảo luận rộng rãi trên toàn thế giới.,Spam
khuyến mãi cực lớn được áp dụng rộng rãi trong các dự án mới.,Spam
trúng thưởng đang thay đổi thị trường tại nhiều quốc gia.,Spam
ưu đãi hôm nay đang phát triển mạnh trong ngành công nghiệp.,Spam
click vào link để nhận quà đang trở thành xu hướng trên mạng xã hội.,Spam
ưu đãi hôm nay thu hút nhiều sự chú ý trong nhiều doanh nghiệp.,Spam
giảm giá 90% được áp dụng rộng rãi trên mạng xã hội.,Spam
tặng voucher đang được nghiên cứu trên mạng xã hội.,Spam
tặng voucher được thảo luận rộng rãi trên mạng xã hội.,Spam
tặng voucher đang thay đổi thị trường trong cộng đồng.,Spam
kiếm tiền nhanh tạo ra nhiều ảnh hưởng tại Việt Nam.,Spam
ưu đãi hôm nay thu hút nhiều sự chú ý trong ngành công nghiệp.,Spam
nhận tiền miễn phí đang trở thành xu hướng trong ngành công nghiệp.,Spam
nhận tiền miễn phí được áp dụng rộng rãi trên mạng xã hội.,Spam
kiếm tiền nhanh đang phát triển mạnh trong các dự án mới.,Spam
trúng thưởng đang trở thành xu hướng trong ngành công nghiệp.,Spam
khuyến mãi cực lớn tạo ra nhiều ảnh hưởng trên toàn thế giới.,Spam
click vào link để nhận quà đang thay đổi thị trường trong cộng đồng.,Spam
click vào link để nhận quà được áp dụng rộng rãi trong nhiều doanh nghiệp.,Spam
trúng thưởng đang phát triển mạnh trong nhiều doanh nghiệp.,Spam
ưu đãi hôm nay được nhiều người quan tâm trên mạng xã hội.,Spam
kiếm tiền nhanh được nhiều người quan tâm trên toàn thế giới.,Spam
ưu đãi sốc đang phát triển mạnh trong các công ty lớn.,Spam
tặng voucher đang được nghiên cứu trong các công ty lớn.,Spam
khuyến mãi cực lớn đang phát triển mạnh tại Việt Nam.,Spam
trúng thưởng mang lại nhiều cơ hội trong các dự án mới.,Spam
ưu đãi sốc tạo ra nhiều ảnh hưởng trên toàn thế giới.,Spam
khuyến mãi cực lớn được áp dụng rộng rãi trên mạng xã hội.,Spam
tặng voucher thu hút nhiều sự chú ý trên toàn thế giới.,Spam
khuyến mãi cực lớn được thảo luận rộng rãi trong các dự án mới.,Spam
đăng ký ngay đang trở thành xu hướng trong cộng đồng.,Spam
đăng ký ngay mang lại nhiều cơ hội tại Việt Nam.,Spam
click vào link để nhận quà đang phát triển mạnh trong cộng đồng.,Spam
click vào link để nhận quà đang phát triển mạnh tại Việt Nam.,Spam
kiếm tiền nhanh được thảo luận rộng rãi trong các công ty lớn.,Spam
giảm giá 90% đang trở thành xu hướng trong nhiều doanh nghiệp.,Spam
trúng thưởng đang phát triển mạnh trên mạng xã hội.,Spam
click vào link để nhận quà mang lại nhiều cơ hội trong ngành công nghiệp.,Spam
trúng thưởng đang phát triển mạnh trong cộng đồng.,Spam
kiếm tiền nhanh được áp dụng rộng rãi tại nhiều quốc gia.,Spam
khuyến mãi cực lớn tạo ra nhiều ảnh hưởng trong ngành công nghiệp.,Spam
giảm giá 90% đang thay đổi thị trường tại nhiều quốc gia.,Spam
đăng ký ngay đang được nghiên cứu trong cộng đồng.,Spam
tặng voucher được áp dụng rộng rãi trong nhiều doanh nghiệp.,Spam
trúng thưởng mang lại nhiều cơ hội trong ngành công nghiệp.,Spam
khuyến mãi cực lớn đang phát triển mạnh tại nhiều quốc gia.,Spam
khuyến mãi cực lớn thu hút nhiều sự chú ý trong các công ty lớn.,Spam
nhận tiền miễn phí tạo ra nhiều ảnh hưởng trong cộng đồng.,Spam
ưu đãi sốc thu hút nhiều sự chú ý trong các tổ chức.,Spam
ưu đãi hôm nay được nhiều người quan tâm trong cộng đồng.,Spam
ưu đãi sốc tạo ra nhiều ảnh hưởng trong cộng đồng.,Spam
khuyến mãi cực lớn đang thay đổi thị trường tại nhiều quốc gia.,Spam
ưu đãi sốc được nhiều người quan tâm tại nhiều quốc gia.,Spam
trúng thưởng đang phát triển mạnh tại nhiều quốc gia.,Spam
đăng ký ngay mang lại nhiều cơ hội tại nhiều quốc gia.,Spam
khuyến mãi cực lớn đang được nghiên cứu tại Việt Nam.,Spam
click vào link để nhận quà tạo ra nhiều ảnh hưởng tại nhiều quốc gia.,Spam
nhận tiền miễn phí được áp dụng rộng rãi trong các dự án mới.,Spam
đăng ký ngay mang lại nhiều cơ hội trên toàn thế giới.,Spam
đăng ký ngay được áp dụng rộng rãi trên mạng xã hội.,Spam
kiếm tiền nhanh được áp dụng rộng rãi trên toàn thế giới.,Spam
nhận tiền miễn phí mang lại nhiều cơ hội trong các dự án mới.,Spam
ưu đãi sốc thu hút nhiều sự chú ý trên toàn thế giới.,Spam
click vào link để nhận quà thu hút nhiều sự chú ý trong các tổ chức.,Spam
tặng voucher được thảo luận rộng rãi tại Việt Nam.,Spam
đăng ký ngay đang phát triển mạnh trong cộng đồng.,Spam
tặng voucher thu hút nhiều sự chú ý trong nhiều doanh nghiệp.,Spam
ưu đãi hôm nay đang được nghiên cứu trong nhiều doanh nghiệp.,Spam
ưu đãi hôm nay được thảo luận rộng rãi trong nhiều doanh nghiệp.,Spam
click vào link để nhận quà đang thay đổi thị trường tại nhiều quốc gia.,Spam
khuyến mãi cực lớn tạo ra nhiều ảnh hưởng trong các dự án mới.,Spam
đăng ký ngay được nhiều người quan tâm tại Việt Nam.,Spam
nhận tiền miễn phí đang được nghiên cứu trong các dự án mới.,Spam
ưu đãi sốc thu hút nhiều sự chú ý trong cộng đồng.,Spam
ưu đãi hôm nay được áp dụng rộng rãi trong ngành công nghiệp.,Spam
đăng ký ngay đang trở thành xu hướng trong ngành công nghiệp.,Spam
kiếm tiền nhanh đang được nghiên cứu trên mạng xã hội.,Spam
tặng voucher đang phát triển mạnh trong nhiều doanh nghiệp.,Spam
trúng thưởng thu hút nhiều sự chú ý trong các dự án mới.,Spam
đăng ký ngay mang lại nhiều cơ hội trong cộng đồng.,Spam
tặng voucher đang thay đổi thị trường trên toàn thế giới.,Spam
giảm giá 90% thu hút nhiều sự chú ý trong các công ty lớn.,Spam
giảm giá 90% đang được nghiên cứu trong các tổ chức.,Spam
trúng thưởng đang được nghiên cứu trên toàn thế giới.,Spam
kiếm tiền nhanh đang trở thành xu hướng trên mạng xã hội.,Spam
khuyến mãi cực lớn thu hút nhiều sự chú ý trên toàn thế giới.,Spam
trúng thưởng thu hút nhiều sự chú ý trong các công ty lớn.,Spam
ưu đãi hôm nay thu hút nhiều sự chú ý tại nhiều quốc gia.,Spam
giảm giá 90% được nhiều người quan tâm trên mạng xã hội.,Spam
ưu đãi hôm nay được nhiều người quan tâm trong nhiều doanh nghiệp.,Spam
nhận tiền miễn phí đang phát triển mạnh trong các dự án mới.,Spam
nhận tiền miễn phí đang trở thành xu hướng trên toàn thế giới.,Spam
kiếm tiền nhanh đang trở thành xu hướng trong nhiều doanh nghiệp.,Spam
click vào link để nhận quà đang được nghiên cứu tại nhiều quốc gia.,Spam
kiếm tiền nhanh đang thay đổi thị trường trong các dự án mới.,Spam
nhận tiền miễn phí được thảo luận rộng rãi trong nhiều doanh nghiệp.,Spam
ưu đãi hôm nay được nhiều người quan tâm trong ngành công nghiệp.,Spam
ưu đãi sốc tạo ra nhiều ảnh hưởng trong các công ty lớn.,Spam
trúng thưởng được thảo luận rộng rãi trong các tổ chức.,Spam
khuyến mãi cực lớn đang phát triển mạnh trong nhiều doanh nghiệp.,Spam
trúng thưởng thu hút nhiều sự chú ý trên toàn thế giới.,Spam
ưu đãi sốc đang trở thành xu hướng trong các tổ chức.,Spam
giảm giá 90% đang được nghiên cứu trên toàn thế giới.,Spam
nhận tiền miễn phí được thảo luận rộng rãi tại nhiều quốc gia.,Spam
kiếm tiền nhanh mang lại nhiều cơ hội trong các dự án mới.,Spam
trúng thưởng đang phát triển mạnh trong các dự án mới.,Spam
tặng voucher đang trở thành xu hướng trong cộng đồng.,Spam
khuyến mãi cực lớn thu hút nhiều sự chú ý trong các tổ chức.,Spam
ưu đãi sốc được áp dụng rộng rãi tại Việt Nam.,Spam
giảm giá 90% đang được nghiên cứu trong ngành công nghiệp.,Spam
click vào link để nhận quà đang trở thành xu hướng trong các dự án mới.,Spam
giảm giá 90% được áp dụng rộng rãi trong ngành công nghiệp.,Spam
tặng voucher đang được nghiên cứu trong cộng đồng.,Spam
tặng voucher đang phát triển mạnh trong ngành công nghiệp.,Spam
nhận tiền miễn phí đang được nghiên cứu trên toàn thế giới.,Spam
ưu đãi sốc đang được nghiên cứu trong cộng đồng.,Spam
giảm giá 90% đang trở thành xu hướng trên mạng xã hội.,Spam
click vào link để nhận quà được nhiều người quan tâm trong ngành công nghiệp.,Spam
click vào link để nhận quà đang thay đổi thị trường trong các công ty lớn.,Spam
đăng ký ngay đang thay đổi thị trường trong nhiều doanh nghiệp.,Spam
trúng thưởng được áp dụng rộng rãi trên mạng xã hội.,Spam
trúng thưởng tạo ra nhiều ảnh hưởng tại Việt Nam.,Spam
ưu đãi hôm nay đang thay đổi thị trường trên toàn thế giới.,Spam
nhận tiền miễn phí đang thay đổi thị trường trong ngành công nghiệp.,Spam
kiếm tiền nhanh tạo ra nhiều ảnh hưởng trong các công ty lớn.,Spam
click vào link để nhận quà đang trở thành xu hướng trên toàn thế giới.,Spam
kiếm tiền nhanh được nhiều người quan tâm trong nhiều doanh nghiệp.,Spam
trúng thưởng được nhiều người quan tâm trong nhiều doanh nghiệp.,Spam
kiếm tiền nhanh đang phát triển mạnh trong ngành công nghiệp.,Spam
nhận tiền miễn phí đang trở thành xu hướng tại Việt Nam.,Spam
đăng ký ngay đang phát triển mạnh trong các tổ chức.,Spam
kiếm tiền nhanh thu hút nhiều sự chú ý trên toàn thế giới.,Spam
khuyến mãi cực lớn mang lại nhiều cơ hội trong các công ty lớn.,Spam
kiếm tiền nhanh được thảo luận rộng rãi trong cộng đồng.,Spam
tặng voucher đang thay đổi thị trường trên mạng xã hội.,Spam
trúng thưởng thu hút nhiều sự chú ý trên mạng xã hội.,Spam
đăng ký ngay tạo ra nhiều ảnh hưởng tại nhiều quốc gia.,Spam
nhận tiền miễn phí được thảo luận rộng rãi trên mạng xã hội.,Spam
ưu đãi sốc mang lại nhiều cơ hội trong nhiều doanh nghiệp.,Spam
tặng voucher mang lại nhiều cơ hội tại nhiều quốc gia.,Spam
khuyến mãi cực lớn mang lại nhiều cơ hội trên mạng xã hội.,Spam
giảm giá 90% được nhiều người quan tâm trong các dự án mới.,Spam
trúng thưởng tạo ra nhiều ảnh hưởng trên mạng xã hội.,Spam
đăng ký ngay được áp dụng rộng rãi trong các tổ chức.,Spam
ưu đãi hôm nay thu hút nhiều sự chú ý trên toàn thế giới.,Spam
khuyến mãi cực lớn mang lại nhiều cơ hội trên toàn thế giới.,Spam
nhận tiền miễn phí được áp dụng rộng rãi tại Việt Nam.,Spam
click vào link để nhận quà tạo ra nhiều ảnh hưởng trên mạng xã hội.,Spam
nhận tiền miễn phí mang lại nhiều cơ hội trong các công ty lớn.,Spam
đăng ký ngay đang được nghiên cứu tại nhiều quốc gia.,Spam
đăng ký ngay được áp dụng rộng rãi trong cộng đồng.,Spam
ưu đãi sốc đang thay đổi thị trường trong các tổ chức.,Spam
nhận tiền miễn phí tạo ra nhiều ảnh hưởng trên toàn thế giới.,Spam
tặng voucher mang lại nhiều cơ hội trên toàn thế giới.,Spam
đăng ký ngay đang phát triển mạnh trên toàn thế giới.,Spam
nhận tiền miễn phí đang trở thành xu hướng trong các tổ chức.,Spam
trúng thưởng đang trở thành xu hướng trong các tổ chức.,Spam
nhận tiền miễn phí được nhiều người quan tâm trong cộng đồng.,Spam
giảm giá 90% mang lại nhiều cơ hội trong các công ty lớn.,Spam
tặng voucher được áp dụng rộng rãi trong ngành công nghiệp.,Spam
khuyến mãi cực lớn đang thay đổi thị trường trên mạng xã hội.,Spam
tặng voucher thu hút nhiều sự chú ý trên mạng xã hội.,Spam
đăng ký ngay đang trở thành xu hướng tại Việt Nam.,Spam
ưu đãi sốc tạo ra nhiều ảnh hưởng trong các dự án mới.,Spam
tặng voucher đang trở thành xu hướng trên toàn thế giới.,Spam
ưu đãi hôm nay được thảo luận rộng rãi trong cộng đồng.,Spam
email công việc đang trở thành xu hướng trong ngành công nghiệp.,Not Spam
thảo luận nhóm đang trở thành xu hướng trong các tổ chức.,Not Spam
kế hoạch dự án mang lại nhiều cơ hội trong nhiều doanh nghiệp.,Not Spam
kế hoạch dự án mang lại nhiều cơ hội trong các dự án mới.,Not Spam
thông báo cuộc họp đang trở thành xu hướng trong cộng đồng.,Not Spam
thông tin nội bộ đang trở thành xu hướng trong nhiều doanh nghiệp.,Not Spam
cập nhật tiến độ đang được nghiên cứu trong các công ty lớn.,Not Spam
tài liệu dự án được áp dụng rộng rãi trong cộng đồng.,Not Spam
ghi chú công việc đang phát triển mạnh trong các dự án mới.,Not Spam
cập nhật tiến độ được thảo luận rộng rãi tại nhiều quốc gia.,Not Spam
lịch làm việc được nhiều người quan tâm trên toàn thế giới.,Not Spam
tài liệu dự án thu hút nhiều sự chú ý trên mạng xã hội.,Not Spam
tài liệu dự án được thảo luận rộng rãi trong cộng đồng.,Not Spam
lịch làm việc được nhiều người quan tâm trong ngành công nghiệp.,Not Spam
email công việc được nhiều người quan tâm trong các tổ chức.,Not Spam
thảo luận nhóm được nhiều người quan tâm trong các tổ chức.,Not Spam
email công việc được nhiều người quan tâm trong nhiều doanh nghiệp.,Not Spam
kế hoạch dự án được nhiều người quan tâm trên mạng xã hội.,Not Spam
cập nhật tiến độ được áp dụng rộng rãi trong các dự án mới.,Not Spam
báo cáo tuần thu hút nhiều sự chú ý trong ngành công nghiệp.,Not Spam
báo cáo tuần được thảo luận rộng rãi tại nhiều quốc gia.,Not Spam
thảo luận nhóm mang lại nhiều cơ hội trong các công ty lớn.,Not Spam
kế hoạch dự án đang được nghiên cứu trong các tổ chức.,Not Spam
tài liệu dự án mang lại nhiều cơ hội trong các dự án mới.,Not Spam
thông tin nội bộ thu hút nhiều sự chú ý trong cộng đồng.,Not Spam
thảo luận nhóm đang trở thành xu hướng trên mạng xã hội.,Not Spam
thông báo cuộc họp mang lại nhiều cơ hội trên toàn thế giới.,Not Spam
tài liệu dự án mang lại nhiều cơ hội trong ngành công nghiệp.,Not Spam
email công việc đang phát triển mạnh trong cộng đồng.,Not Spam
ghi chú công việc mang lại nhiều cơ hội trong các tổ chức.,Not Spam
thảo luận nhóm đang phát triển mạnh trong các tổ chức.,Not Spam
kế hoạch dự án đang phát triển mạnh trong các tổ chức.,Not Spam
kế hoạch dự án mang lại nhiều cơ hội tại nhiều quốc gia.,Not Spam
ghi chú công việc đang được nghiên cứu tại nhiều quốc gia.,Not Spam
email công việc mang lại nhiều cơ hội tại Việt Nam.,Not Spam
thông báo cuộc họp được nhiều người quan tâm trong các công ty lớn.,Not Spam
cập nhật tiến độ được nhiều người quan tâm trong các dự án mới.,Not Spam
báo cáo tuần thu hút nhiều sự chú ý tại Việt Nam.,Not Spam
thông tin nội bộ tạo ra nhiều ảnh hưởng trên mạng xã hội.,Not Spam
cập nhật tiến độ tạo ra nhiều ảnh hưởng tại nhiều quốc gia.,Not Spam
báo cáo tuần được áp dụng rộng rãi trong nhiều doanh nghiệp.,Not Spam
kế hoạch dự án đang thay đổi thị trường tại Việt Nam.,Not Spam
cập nhật tiến độ được thảo luận rộng rãi trên mạng xã hội.,Not Spam
ghi chú công việc thu hút nhiều sự chú ý trong các tổ chức.,Not Spam
tài liệu dự án đang được nghiên cứu tại nhiều quốc gia.,Not Spam
lịch làm việc đang trở thành xu hướng trong cộng đồng.,Not Spam
email công việc đang trở thành xu hướng tại nhiều quốc gia.,Not Spam
cập nhật tiến độ được thảo luận rộng rãi trong các công ty lớn.,Not Spam
email công việc thu hút nhiều sự chú ý trong cộng đồng.,Not Spam
tài liệu dự án tạo ra nhiều ảnh hưởng trong nhiều doanh nghiệp.,Not Spam
thông tin nội bộ tạo ra nhiều ảnh hưởng trong các tổ chức.,Not Spam
lịch làm việc đang được nghiên cứu trên toàn thế giới.,Not Spam
thông báo cuộc họp được thảo luận rộng rãi trên mạng xã hội.,Not Spam
thảo luận nhóm đang trở thành xu hướng trong cộng đồng.,Not Spam
báo cáo tuần đang phát triển mạnh trong ngành công nghiệp.,Not Spam
tài liệu dự án đang thay đổi thị trường trong các công ty lớn.,Not Spam
email công việc đang thay đổi thị trường trong các công ty lớn.,Not Spam
cập nhật tiến độ đang được nghiên cứu trên mạng xã hội.,Not Spam
cập nhật tiến độ đang được nghiên cứu tại nhiều quốc gia.,Not Spam
kế hoạch dự án tạo ra nhiều ảnh hưởng trong ngành công nghiệp.,Not Spam
ghi chú công việc đang trở thành xu hướng tại nhiều quốc gia.,Not Spam
ghi chú công việc được thảo luận rộng rãi trong các dự án mới.,Not Spam
lịch làm việc tạo ra nhiều ảnh hưởng trong cộng đồng.,Not Spam
báo cáo tuần đang phát triển mạnh tại nhiều quốc gia.,Not Spam
ghi chú công việc thu hút nhiều sự chú ý trong nhiều doanh nghiệp.,Not Spam
email công việc được thảo luận rộng rãi tại nhiều quốc gia.,Not Spam
cập nhật tiến độ được áp dụng rộng rãi trên toàn thế giới.,Not Spam
thông báo cuộc họp được thảo luận rộng rãi tại Việt Nam.,Not Spam
email công việc được thảo luận rộng rãi trong nhiều doanh nghiệp.,Not Spam
thảo luận nhóm được thảo luận rộng rãi trong nhiều doanh nghiệp.,Not Spam
kế hoạch dự án đang trở thành xu hướng trong các dự án mới.,Not Spam
cập nhật tiến độ đang phát triển mạnh trong các tổ chức.,Not Spam
kế hoạch dự án thu hút nhiều sự chú ý trong các dự án mới.,Not Spam
cập nhật tiến độ được nhiều người quan tâm trong nhiều doanh nghiệp.,Not Spam
thông báo cuộc họp đang trở thành xu hướng trên mạng xã hội.,Not Spam
lịch làm việc đang phát triển mạnh trong cộng đồng.,Not Spam
ghi chú công việc mang lại nhiều cơ hội trong các công ty lớn.,Not Spam
thông tin nội bộ mang lại nhiều cơ hội trong các dự án mới.,Not Spam
báo cáo tuần đang trở thành xu hướng tại Việt Nam.,Not Spam
kế hoạch dự án đang thay đổi thị trường trên mạng xã hội.,Not Spam
cập nhật tiến độ đang thay đổi thị trường trong nhiều doanh nghiệp.,Not Spam
kế hoạch dự án thu hút nhiều sự chú ý tại nhiều quốc gia.,Not Spam
báo cáo tuần đang được nghiên cứu trong cộng đồng.,Not Spam
thông báo cuộc họp mang lại nhiều cơ hội trên mạng xã hội.,Not Spam
ghi chú công việc thu hút nhiều sự chú ý trong cộng đồng.,Not Spam
thông báo cuộc họp đang trở thành xu hướng tại nhiều quốc gia.,Not Spam
báo cáo tuần được nhiều người quan tâm trong các công ty lớn.,Not Spam
tài liệu dự án được nhiều người quan tâm trong cộng đồng.,Not Spam
báo cáo tuần được thảo luận rộng rãi trong ngành công nghiệp.,Not Spam
thảo luận nhóm được thảo luận rộng rãi trên toàn thế giới.,Not Spam
lịch làm việc được thảo luận rộng rãi trên toàn thế giới.,Not Spam
lịch làm việc mang lại nhiều cơ hội trong cộng đồng.,Not Spam
cập nhật tiến độ đang trở thành xu hướng trên toàn thế giới.,Not Spam
lịch làm việc đang được nghiên cứu trên mạng xã hội.,Not Spam
cập nhật tiến độ được áp dụng rộng rãi trong các công ty lớn.,Not Spam
email công việc đang phát triển mạnh trong các dự án mới.,Not Spam
thảo luận nhóm đang phát triển mạnh trong các công ty lớn.,Not Spam
ghi chú công việc mang lại nhiều cơ hội tại nhiều quốc gia.,Not Spam
thông tin nội bộ được thảo luận rộng rãi trên toàn thế giới.,Not Spam
kế hoạch dự án đang được nghiên cứu trong ngành công nghiệp.,Not Spam
thông báo cuộc họp tạo ra nhiều ảnh hưởng trong các tổ chức.,Not Spam
ghi chú công việc đang trở thành xu hướng trên toàn thế giới.,Not Spam
kế hoạch dự án được nhiều người quan tâm trong cộng đồng.,Not Spam
ghi chú công việc đang phát triển mạnh trong các tổ chức.,Not Spam
thông báo cuộc họp đang được nghiên cứu trong các dự án mới.,Not Spam
ghi chú công việc đang trở thành xu hướng trong các dự án mới.,Not Spam
thông tin nội bộ đang được nghiên cứu tại Việt Nam.,Not Spam
ghi chú công việc tạo ra nhiều ảnh hưởng tại Việt Nam.,Not Spam
ghi chú công việc đang thay đổi thị trường tại Việt Nam.,Not Spam
tài liệu dự án đang được nghiên cứu trên mạng xã hội.,Not Spam
kế hoạch dự án đang được nghiên cứu trong các công ty lớn.,Not Spam
lịch làm việc đang trở thành xu hướng trên mạng xã hội.,Not Spam
báo cáo tuần được nhiều người quan tâm trong các tổ chức.,Not Spam
thảo luận nhóm thu hút nhiều sự chú ý trong ngành công nghiệp.,Not Spam
kế hoạch dự án tạo ra nhiều ảnh hưởng trên toàn thế giới.,Not Spam
thông tin nội bộ đang phát triển mạnh trong nhiều doanh nghiệp.,Not Spam
thông báo cuộc họp tạo ra nhiều ảnh hưởng trong nhiều doanh nghiệp.,Not Spam
thông tin nội bộ được thảo luận rộng rãi trong nhiều doanh nghiệp.,Not Spam
cập nhật tiến độ mang lại nhiều cơ hội trong cộng đồng.,Not Spam
ghi chú công việc được nhiều người quan tâm tại nhiều quốc gia.,Not Spam
thảo luận nhóm đang thay đổi thị trường trên toàn thế giới.,Not Spam
kế hoạch dự án mang lại nhiều cơ hội trên mạng xã hội.,Not Spam
email công việc đang thay đổi thị trường tại Việt Nam.,Not Spam
cập nhật tiến độ đang thay đổi thị trường trên toàn thế giới.,Not Spam
báo cáo tuần thu hút nhiều sự chú ý trên toàn thế giới.,Not Spam
thảo luận nhóm được thảo luận rộng rãi trong các công ty lớn.,Not Spam
tài liệu dự án thu hút nhiều sự chú ý tại nhiều quốc gia.,Not Spam
ghi chú công việc được áp dụng rộng rãi trong các công ty lớn.,Not Spam
thảo luận nhóm mang lại nhiều cơ hội trong các tổ chức.,Not Spam
báo cáo tuần đang thay đổi thị trường trong cộng đồng.,Not Spam
tài liệu dự án đang được nghiên cứu tại Việt Nam.,Not Spam
ghi chú công việc đang phát triển mạnh tại nhiều quốc gia.,Not Spam
thảo luận nhóm được áp dụng rộng rãi trong ngành công nghiệp.,Not Spam
báo cáo tuần đang phát triển mạnh trên mạng xã hội.,Not Spam
email công việc đang phát triển mạnh trong các công ty lớn.,Not Spam
lịch làm việc đang trở thành xu hướng trong các tổ chức.,Not Spam
cập nhật tiến độ đang được nghiên cứu trong cộng đồng.,Not Spam
email công việc thu hút nhiều sự chú ý trong các tổ chức.,Not Spam
lịch làm việc tạo ra nhiều ảnh hưởng trong nhiều doanh nghiệp.,Not Spam
tài liệu dự án đang trở thành xu hướng tại nhiều quốc gia.,Not Spam
ghi chú công việc được nhiều người quan tâm tại Việt Nam.,Not Spam
báo cáo tuần được thảo luận rộng rãi trong các dự án mới.,Not Spam
thông tin nội bộ đang thay đổi thị trường trên mạng xã hội.,Not Spam
thảo luận nhóm mang lại nhiều cơ hội tại nhiều quốc gia.,Not Spam
thông tin nội bộ thu hút nhiều sự chú ý trong các tổ chức.,Not Spam
ghi chú công việc thu hút nhiều sự chú ý trong các dự án mới.,Not Spam
tài liệu dự án đang phát triển mạnh trong các tổ chức.,Not Spam
thông báo cuộc họp được áp dụng rộng rãi trong các dự án mới.,Not Spam
thông tin nội bộ đang thay đổi thị trường tại Việt Nam.,Not Spam
email công việc thu hút nhiều sự chú ý trong các công ty lớn.,Not Spam
báo cáo tuần đang được nghiên cứu trong các công ty lớn.,Not Spam
thông tin nội bộ đang thay đổi thị trường trong các công ty lớn.,Not Spam
email công việc mang lại nhiều cơ hội trong nhiều doanh nghiệp.,Not Spam
cập nhật tiến độ thu hút nhiều sự chú ý tại Việt Nam.,Not Spam
kế hoạch dự án được nhiều người quan tâm trong các công ty lớn.,Not Spam
thông báo cuộc họp mang lại nhiều cơ hội trong ngành công nghiệp.,Not Spam
cập nhật tiến độ tạo ra nhiều ảnh hưởng trên toàn thế giới.,Not Spam
cập nhật tiến độ được thảo luận rộng rãi trong ngành công nghiệp.,Not Spam
thông báo cuộc họp thu hút nhiều sự chú ý trong các dự án mới.,Not Spam
email công việc được thảo luận rộng rãi trong các tổ chức.,Not Spam
kế hoạch dự án đang phát triển mạnh trong nhiều doanh nghiệp.,Not Spam
thông báo cuộc họp thu hút nhiều sự chú ý tại Việt Nam.,Not Spam
thảo luận nhóm mang lại nhiều cơ hội trên mạng xã hội.,Not Spam
cập nhật tiến độ được nhiều người quan tâm trong cộng đồng.,Not Spam
ghi chú công việc đang thay đổi thị trường trong các dự án mới.,Not Spam
báo cáo tuần đang phát triển mạnh trên toàn thế giới.,Not Spam
thảo luận nhóm đang thay đổi thị trường trong các dự án mới.,Not Spam
thảo luận nhóm được nhiều người quan tâm trong nhiều doanh nghiệp.,Not Spam
cập nhật tiến độ đang phát triển mạnh tại Việt Nam.,Not Spam
kế hoạch dự án đang được nghiên cứu trong cộng đồng.,Not Spam
thảo luận nhóm tạo ra nhiều ảnh hưởng trong các công ty lớn.,Not Spam
báo cáo tuần đang thay đổi thị trường trong các tổ chức.,Not Spam
kế hoạch dự án đang trở thành xu hướng trên mạng xã hội.,Not Spam
tài liệu dự án đang thay đổi thị trường trong nhiều doanh nghiệp.,Not Spam
cập nhật tiến độ đang trở thành xu hướng tại nhiều quốc gia.,Not Spam
ghi chú công việc đang được nghiên cứu trong các công ty lớn.,Not Spam
thông tin nội bộ đang được nghiên cứu trên mạng xã hội.,Not Spam
thảo luận nhóm được thảo luận rộng rãi trong ngành công nghiệp.,Not Spam
tài liệu dự án được nhiều người quan tâm trong các tổ chức.,Not Spam
tài liệu dự án đang được nghiên cứu trong các dự án mới.,Not Spam
ghi chú công việc đang trở thành xu hướng trên mạng xã hội.,Not Spam
thông báo cuộc họp đang phát triển mạnh tại nhiều quốc gia.,Not Spam
thảo luận nhóm tạo ra nhiều ảnh hưởng trong nhiều doanh nghiệp.,Not Spam
email công việc tạo ra nhiều ảnh hưởng trên mạng xã hội.,Not Spam
cập nhật tiến độ đang trở thành xu hướng trong các tổ chức.,Not Spam
email công việc mang lại nhiều cơ hội trong các công ty lớn.,Not Spam
tài liệu dự án thu hút nhiều sự chú ý trong ngành công nghiệp.,Not Spam
email công việc tạo ra nhiều ảnh hưởng trong các dự án mới.,Not Spam
kế hoạch dự án được thảo luận rộng rãi trên mạng xã hội.,Not Spam
thảo luận nhóm thu hút nhiều sự chú ý tại nhiều quốc gia.,Not Spam
báo cáo tuần được nhiều người quan tâm trên toàn thế giới.,Not Spam
thông báo cuộc họp tạo ra nhiều ảnh hưởng trên mạng xã hội.,Not Spam
thông tin nội bộ được thảo luận rộng rãi trong các tổ chức.,Not Spam
kế hoạch dự án được nhiều người quan tâm trên toàn thế giới.,Not Spam
thảo luận nhóm đang được nghiên cứu tại nhiều quốc gia.,Not Spam
báo cáo tuần được nhiều người quan tâm trong ngành công nghiệp.,Not Spam
ghi chú công việc tạo ra nhiều ảnh hưởng trong ngành công nghiệp.,Not Spam
kế hoạch dự án thu hút nhiều sự chú ý trong các công ty lớn.,Not Spam
email công việc đang trở thành xu hướng trên mạng xã hội.,Not Spam
thông báo cuộc họp được áp dụng rộng rãi trên mạng xã hội.,Not Spam
tài liệu dự án đang trở thành xu hướng trên toàn thế giới.,Not Spam
thảo luận nhóm tạo ra nhiều ảnh hưởng trên mạng xã hội.,Not Spam
tài liệu dự án đang trở thành xu hướng trong các dự án mới.,Not Spam
thảo luận nhóm đang được nghiên cứu trên mạng xã hội.,Not Spam
tài liệu dự án được nhiều người quan tâm trên toàn thế giới.,Not Spam
lịch làm việc đang được nghiên cứu trong các tổ chức.,Not Spam
thông báo cuộc họp tạo ra nhiều ảnh hưởng tại Việt Nam.,Not Spam
lịch làm việc mang lại nhiều cơ hội trong ngành công nghiệp.,Not Spam
tài liệu dự án được áp dụng rộng rãi trong ngành công nghiệp.,Not Spam
thông báo cuộc họp được nhiều người quan tâm trong nhiều doanh nghiệp.,Not Spam
thảo luận nhóm thu hút nhiều sự chú ý trên toàn thế giới.,Not Spam
thảo luận nhóm tạo ra nhiều ảnh hưởng trong cộng đồng.,Not Spam
lịch làm việc đang thay đổi thị trường trên toàn thế giới.,Not Spam
lịch làm việc mang lại nhiều cơ hội trên toàn thế giới.,Not Spam
báo cáo tuần đang trở thành xu hướng trên toàn thế giới.,Not Spam
tài liệu dự án đang trở thành xu hướng trong các công ty lớn.,Not Spam
báo cáo tuần đang thay đổi thị trường trong nhiều doanh nghiệp.,Not Spam
kế hoạch dự án được thảo luận rộng rãi tại Việt Nam.,Not Spam
ghi chú công việc đang được nghiên cứu trên mạng xã hội.,Not Spam
tài liệu dự án được áp dụng rộng rãi trong các dự án mới.,Not Spam
thảo luận nhóm đang thay đổi thị trường tại nhiều quốc gia.,Not Spam
lịch làm việc mang lại nhiều cơ hội trong các dự án mới.,Not Spam
lịch làm việc được thảo luận rộng rãi tại Việt Nam.,Not Spam
email công việc đang được nghiên cứu trong nhiều doanh nghiệp.,Not Spam
thông báo cuộc họp mang lại nhiều cơ hội trong các tổ chức.,Not Spam
email công việc đang trở thành xu hướng tại Việt Nam.,Not Spam
lịch làm việc thu hút nhiều sự chú ý trên mạng xã hội.,Not Spam
báo cáo tuần tạo ra nhiều ảnh hưởng trong các dự án mới.,Not Spam
lịch làm việc mang lại nhiều cơ hội tại Việt Nam.,Not Spam
kế hoạch dự án được áp dụng rộng rãi trong các công ty lớn.,Not Spam
kế hoạch dự án đang phát triển mạnh trong cộng đồng.,Not Spam
thông tin nội bộ đang phát triển mạnh trong ngành công nghiệp.,Not Spam
tài liệu dự án đang được nghiên cứu trong ngành công nghiệp.,Not Spam
tài liệu dự án được áp dụng rộng rãi trên toàn thế giới.,Not Spam
thảo luận nhóm thu hút nhiều sự chú ý trong các công ty lớn.,Not Spam
tài liệu dự án đang thay đổi thị trường trên mạng xã hội.,Not Spam
tài liệu dự án được thảo luận rộng rãi trong các dự án mới.,Not Spam
lịch làm việc thu hút nhiều sự chú ý trong các công ty lớn.,Not Spam
báo cáo tuần mang lại nhiều cơ hội trên mạng xã hội.,Not Spam
báo cáo tuần được áp dụng rộng rãi trên toàn thế giới.,Not Spam
thảo luận nhóm được thảo luận rộng rãi trên mạng xã hội.,Not Spam
báo cáo tuần mang lại nhiều cơ hội trong các công ty lớn.,Not Spam
tài liệu dự án đang thay đổi thị trường trong các dự án mới.,Not Spam
thông tin nội bộ đang được nghiên cứu trong nhiều doanh nghiệp.,Not Spam
ghi chú công việc được thảo luận rộng rãi tại Việt Nam.,Not Spam
email công việc được áp dụng rộng rãi trên mạng xã hội.,Not Spam
thông báo cuộc họp mang lại nhiều cơ hội tại nhiều quốc gia.,Not Spam
email công việc đang thay đổi thị trường trong ngành công nghiệp.,Not Spam
báo cáo tuần được thảo luận rộng rãi trong các tổ chức.,Not Spam
thông báo cuộc họp được áp dụng rộng rãi trên toàn thế giới.,Not Spam
thông tin nội bộ đang được nghiên cứu trong cộng đồng.,Not Spam
ghi chú công việc được nhiều người quan tâm trên mạng xã hội.,Not Spam
thảo luận nhóm được áp dụng rộng rãi trên mạng xã hội.,Not Spam
lịch làm việc đang thay đổi thị trường tại Việt Nam.,Not Spam
thông báo cuộc họp đang thay đổi thị trường trong ngành công nghiệp.,Not Spam
tài liệu dự án đang trở thành xu hướng trong các tổ chức.,Not Spam
ghi chú công việc mang lại nhiều cơ hội trong các dự án mới.,Not Spam
báo cáo tuần đang phát triển mạnh trong các công ty lớn.,Not Spam
thông tin nội bộ đang thay đổi thị trường trong các dự án mới.,Not Spam
lịch làm việc được áp dụng rộng rãi trong ngành công nghiệp.,Not Spam
lịch làm việc đang trở thành xu hướng trong các công ty lớn.,Not Spam
cập nhật tiến độ tạo ra nhiều ảnh hưởng trong các dự án mới.,Not Spam
tài liệu dự án mang lại nhiều cơ hội tại nhiều quốc gia.,Not Spam
email công việc được thảo luận rộng rãi trong các công ty lớn.,Not Spam
thảo luận nhóm đang phát triển mạnh trong cộng đồng.,Not Spam
thông tin nội bộ mang lại nhiều cơ hội tại nhiều quốc gia.,Not Spam
cập nhật tiến độ đang phát triển mạnh trong các công ty lớn.,Not Spam
ghi chú công việc được thảo luận rộng rãi trong các công ty lớn.,Not Spam
email công việc thu hút nhiều sự chú ý tại nhiều quốc gia.,Not Spam
thảo luận nhóm đang thay đổi thị trường trong các tổ chức.,Not Spam
tài liệu dự án thu hút nhiều sự chú ý trong các tổ chức.,Not Spam
lịch làm việc được nhiều người quan tâm trên mạng xã hội.,Not Spam
tài liệu dự án mang lại nhiều cơ hội trong các công ty lớn.,Not Spam
cập nhật tiến độ thu hút nhiều sự chú ý trên mạng xã hội.,Not Spam
cập nhật tiến độ được nhiều người quan tâm trên toàn thế giới.,Not Spam
lịch làm việc đang trở thành xu hướng trong ngành công nghiệp.,Not Spam
thông tin nội bộ mang lại nhiều cơ hội trong các tổ chức.,Not Spam
tài liệu dự án thu hút nhiều sự chú ý trong các công ty lớn.,Not Spam
tài liệu dự án tạo ra nhiều ảnh hưởng tại Việt Nam.,Not Spam
email công việc mang lại nhiều cơ hội trong các tổ chức.,Not Spam
lịch làm việc đang được nghiên cứu trong ngành công nghiệp.,Not Spam
lịch làm việc đang phát triển mạnh trong các công ty lớn.,Not Spam
tài liệu dự án đang phát triển mạnh tại nhiều quốc gia.,Not Spam
thông tin nội bộ được thảo luận rộng rãi tại nhiều quốc gia.,Not Spam
báo cáo tuần tạo ra nhiều ảnh hưởng trong các công ty lớn.,Not Spam
thông báo cuộc họp đang thay đổi thị trường trong nhiều doanh nghiệp.,Not Spam
thông tin nội bộ tạo ra nhiều ảnh hưởng trong nhiều doanh nghiệp.,Not Spam
tài liệu dự án thu hút nhiều sự chú ý trong cộng đồng.,Not Spam
báo cáo tuần đang trở thành xu hướng trong cộng đồng.,Not Spam
email công việc được nhiều người quan tâm tại Việt Nam.,Not Spam
email công việc được thảo luận rộng rãi trong cộng đồng.,Not Spam
cập nhật tiến độ mang lại nhiều cơ hội tại Việt Nam.,Not Spam
kế hoạch dự án đang trở thành xu hướng trong cộng đồng.,Not Spam
báo cáo tuần đang trở thành xu hướng trong các dự án mới.,Not Spam
lịch làm việc được áp dụng rộng rãi tại Việt Nam.,Not Spam
thông tin nội bộ được nhiều người quan tâm tại Việt Nam.,Not Spam
tài liệu dự án tạo ra nhiều ảnh hưởng trong cộng đồng.,Not Spam
thông báo cuộc họp đang thay đổi thị trường trên toàn thế giới.,Not Spam
kế hoạch dự án đang phát triển mạnh tại Việt Nam.,Not Spam
thông tin nội bộ được thảo luận rộng rãi trong cộng đồng.,Not Spam
lịch làm việc đang thay đổi thị trường trong nhiều doanh nghiệp.,Not Spam
thảo luận nhóm tạo ra nhiều ảnh hưởng trong các dự án mới.,Not Spam
thông tin nội bộ thu hút nhiều sự chú ý trong các công ty lớn.,Not Spam
thông tin nội bộ thu hút nhiều sự chú ý trên mạng xã hội.,Not Spam
cập nhật tiến độ được áp dụng rộng rãi trên mạng xã hội.,Not Spam
email công việc đang trở thành xu hướng trong cộng đồng.,Not Spam
lịch làm việc được thảo luận rộng rãi trong các dự án mới.,Not Spam
kế hoạch dự án được áp dụng rộng rãi tại Việt Nam.,Not Spam
thông tin nội bộ được áp dụng rộng rãi tại Việt Nam.,Not Spam
thông báo cuộc họp đang phát triển mạnh trên mạng xã hội.,Not Spam
lịch làm việc đang được nghiên cứu trong nhiều doanh nghiệp.,Not Spam
kế hoạch dự án thu hút nhiều sự chú ý trong các tổ chức.,Not Spam
lịch làm việc đang phát triển mạnh tại Việt Nam.,Not Spam
báo cáo tuần mang lại nhiều cơ hội trong các dự án mới.,Not Spam
thông tin nội bộ được nhiều người quan tâm trong nhiều doanh nghiệp.,Not Spam
tài liệu dự án đang được nghiên cứu trong cộng đồng.,Not Spam
cập nhật tiến độ được áp dụng rộng rãi tại Việt Nam.,Not Spam
tài liệu dự án đang phát triển mạnh trong các công ty lớn.,Not Spam
thảo luận nhóm thu hút nhiều sự chú ý trong cộng đồng.,Not Spam
kế hoạch dự án được thảo luận rộng rãi trên toàn thế giới.,Not Spam
kế hoạch dự án đang phát triển mạnh trên mạng xã hội.,Not Spam
email công việc đang phát triển mạnh trên mạng xã hội.,Not Spam
tài liệu dự án tạo ra nhiều ảnh hưởng trong các tổ chức.,Not Spam
email công việc được áp dụng rộng rãi trong các dự án mới.,Not Spam
cập nhật tiến độ đang phát triển mạnh trong nhiều doanh nghiệp.,Not Spam
lịch làm việc tạo ra nhiều ảnh hưởng tại nhiều quốc gia.,Not Spam
cập nhật tiến độ được áp dụng rộng rãi trong các tổ chức.,Not Spam
lịch làm việc mang lại nhiều cơ hội trong các công ty lớn.,Not Spam
kế hoạch dự án thu hút nhiều sự chú ý tại Việt Nam.,Not Spam
báo cáo tuần được áp dụng rộng rãi trong các dự án mới.,Not Spam
lịch làm việc đang thay đổi thị trường trong cộng đồng.,Not Spam
thảo luận nhóm đang phát triển mạnh trong nhiều doanh nghiệp.,Not Spam
thảo luận nhóm đang trở thành xu hướng trong các dự án mới.,Not Spam
kế hoạch dự án được áp dụng rộng rãi trên mạng xã hội.,Not Spam
tài liệu dự án đang thay đổi thị trường tại nhiều quốc gia.,Not Spam
thông tin nội bộ được áp dụng rộng rãi tại nhiều quốc gia.,Not Spam
lịch làm việc đang phát triển mạnh trong các tổ chức.,Not Spam
lịch làm việc tạo ra nhiều ảnh hưởng trên toàn thế giới.,Not Spam
báo cáo tuần đang thay đổi thị trường trong các công ty lớn.,Not Spam
báo cáo tuần đang được nghiên cứu trong nhiều doanh nghiệp.,Not Spam
thảo luận nhóm đang trở thành xu hướng tại nhiều quốc gia.,Not Spam
báo cáo tuần được áp dụng rộng rãi trong ngành công nghiệp.,Not Spam
thảo luận nhóm mang lại nhiều cơ hội tại Việt Nam.,Not Spam
thông báo cuộc họp thu hút nhiều sự chú ý trên mạng xã hội.,Not Spam
thông tin nội bộ đang trở thành xu hướng trong các tổ chức.,Not Spam
kế hoạch dự án được nhiều người quan tâm trong nhiều doanh nghiệp.,Not Spam
thảo luận nhóm đang được nghiên cứu trong các tổ chức.,Not Spam
thông tin nội bộ được thảo luận rộng rãi trong các dự án mới.,Not Spam
báo cáo tuần đang phát triển mạnh tại Việt Nam.,Not Spam
thảo luận nhóm đang trở thành xu hướng trên toàn thế giới.,Not Spam
báo cáo tuần tạo ra nhiều ảnh hưởng trong các tổ chức.,Not Spam
báo cáo tuần mang lại nhiều cơ hội tại Việt Nam.,Not Spam
lịch làm việc được áp dụng rộng rãi trong các công ty lớn.,Not Spam
báo cáo tuần đang được nghiên cứu trong các dự án mới.,Not Spam
báo cáo tuần tạo ra nhiều ảnh hưởng trên mạng xã hội.,Not Spam
tài liệu dự án mang lại nhiều cơ hội trên toàn thế giới.,Not Spam
kế hoạch dự án được áp dụng rộng rãi trong ngành công nghiệp.,Not Spam
email công việc tạo ra nhiều ảnh hưởng tại Việt Nam.,Not Spam
email công việc đang được nghiên cứu tại nhiều quốc gia.,Not Spam
cập nhật tiến độ đang thay đổi thị trường trong cộng đồng.,Not Spam
ghi chú công việc tạo ra nhiều ảnh hưởng tại nhiều quốc gia.,Not Spam
thông báo cuộc họp đang trở thành xu hướng trong ngành công nghiệp.,Not Spam
báo cáo tuần được áp dụng rộng rãi trong cộng đồng.,Not Spam
thảo luận nhóm đang thay đổi thị trường trong các công ty lớn.,Not Spam
cập nhật tiến độ được áp dụng rộng rãi tại nhiều quốc gia.,Not Spam
báo cáo tuần tạo ra nhiều ảnh hưởng tại nhiều quốc gia.,Not Spam
cập nhật tiến độ đang trở thành xu hướng tại Việt Nam.,Not Spam
cập nhật tiến độ được thảo luận rộng rãi trên toàn thế giới.,Not Spam
email công việc được áp dụng rộng rãi tại Việt Nam.,Not Spam
thông tin nội bộ được thảo luận rộng rãi trong ngành công nghiệp.,Not Spam
thảo luận nhóm thu hút nhiều sự chú ý trong nhiều doanh nghiệp.,Not Spam
tài liệu dự án đang trở thành xu hướng trong cộng đồng.,Not Spam
thông tin nội bộ được áp dụng rộng rãi trên toàn thế giới.,Not Spam
tài liệu dự án được thảo luận rộng rãi trong các công ty lớn.,Not Spam
email công việc được áp dụng rộng rãi trong các công ty lớn.,Not Spam
ghi chú công việc được thảo luận rộng rãi trong cộng đồng.,Not Spam
lịch làm việc đang phát triển mạnh trong ngành công nghiệp.,Not Spam
thông báo cuộc họp tạo ra nhiều ảnh hưởng trong các dự án mới.,Not Spam
cập nhật tiến độ được thảo luận rộng rãi trong cộng đồng.,Not Spam
email công việc tạo ra nhiều ảnh hưởng trong ngành công nghiệp.,Not Spam
tài liệu dự án tạo ra nhiều ảnh hưởng trong các dự án mới.,Not Spam
kế hoạch dự án đang trở thành xu hướng trong nhiều doanh nghiệp.,Not Spam
thông tin nội bộ đang trở thành xu hướng tại Việt Nam.,Not Spam
thông báo cuộc họp được thảo luận rộng rãi trên toàn thế giới.,Not Spam
ghi chú công việc đang được nghiên cứu tại Việt Nam.,Not Spam
lịch làm việc đang phát triển mạnh trong các dự án mới.,Not Spam
kế hoạch dự án mang lại nhiều cơ hội trong cộng đồng.,Not Spam
lịch làm việc mang lại nhiều cơ hội trên mạng xã hội.,Not Spam
báo cáo tuần tạo ra nhiều ảnh hưởng trong cộng đồng.,Not Spam
ghi chú công việc thu hút nhiều sự chú ý tại Việt Nam.,Not Spam
kế hoạch dự án được nhiều người quan tâm trong các tổ chức.,Not Spam
thông báo cuộc họp được thảo luận rộng rãi trong ngành công nghiệp.,Not Spam
email công việc đang được nghiên cứu trong các dự án mới.,Not Spam
ghi chú công việc đang thay đổi thị trường trong các tổ chức.,Not Spam
báo cáo tuần được nhiều người quan tâm tại Việt Nam.,Not Spam
thông tin nội bộ được áp dụng rộng rãi trên mạng xã hội.,Not Spam
thông báo cuộc họp được thảo luận rộng rãi tại nhiều quốc gia.,Not Spam
kế hoạch dự án được nhiều người quan tâm trong ngành công nghiệp.,Not Spam
thảo luận nhóm được nhiều người quan tâm trên toàn thế giới.,Not Spam
email công việc được nhiều người quan tâm trên mạng xã hội.,Not Spam
email công việc đang được nghiên cứu tại Việt Nam.,Not Spam
thông báo cuộc họp đang thay đổi thị trường trong các công ty lớn.,Not Spam
tài liệu dự án đang trở thành xu hướng trên mạng xã hội.,Not Spam
tài liệu dự án đang phát triển mạnh tại Việt Nam.,Not Spam
email công việc đang trở thành xu hướng trên toàn thế giới.,Not Spam
báo cáo tuần đang được nghiên cứu trên toàn thế giới.,Not Spam
lịch làm việc đang trở thành xu hướng trong các dự án mới.,Not Spam
thông tin nội bộ đang được nghiên cứu trên toàn thế giới.,Not Spam
ghi chú công việc được nhiều người quan tâm trong các dự án mới.,Not Spam
thông tin nội bộ được nhiều người quan tâm trên toàn thế giới.,Not Spam
ghi chú công việc được thảo luận rộng rãi trong các tổ chức.,Not Spam
kế hoạch dự án đang thay đổi thị trường trong các công ty lớn.,Not Spam
thảo luận nhóm mang lại nhiều cơ hội trong ngành công nghiệp.,Not Spam
thảo luận nhóm được nhiều người quan tâm trong các công ty lớn.,Not Spam
thông tin nội bộ đang trở thành xu hướng trong các dự án mới.,Not Spam
lịch làm việc đang thay đổi thị trường trong các tổ chức.,Not Spam
lịch làm việc đang được nghiên cứu tại Việt Nam.,Not Spam
cập nhật tiến độ đang thay đổi thị trường trong các công ty lớn.,Not Spam
báo cáo tuần đang phát triển mạnh trong các dự án mới.,Not Spam
lịch làm việc thu hút nhiều sự chú ý trên toàn thế giới.,Not Spam
kế hoạch dự án đang được nghiên cứu tại nhiều quốc gia.,Not Spam
thông tin nội bộ được áp dụng rộng rãi trong nhiều doanh nghiệp.,Not Spam
thông báo cuộc họp đang phát triển mạnh trong các dự án mới.,Not Spam
thông tin nội bộ đang được nghiên cứu trong ngành công nghiệp.,Not Spam
email công việc đang phát triển mạnh tại Việt Nam.,Not Spam
lịch làm việc được áp dụng rộng rãi trong các tổ chức.,Not Spam
thông tin nội bộ đang phát triển mạnh trên mạng xã hội.,Not Spam
cập nhật tiến độ được nhiều người quan tâm trong các công ty lớn.,Not Spam
lịch làm việc đang phát triển mạnh trên mạng xã hội.,Not Spam
báo cáo tuần được áp dụng rộng rãi tại nhiều quốc gia.,Not Spam
ghi chú công việc tạo ra nhiều ảnh hưởng trong các dự án mới.,Not Spam
cập nhật tiến độ tạo ra nhiều ảnh hưởng tại Việt Nam.,Not Spam
thảo luận nhóm được áp dụng rộng rãi trong các tổ chức.,Not Spam
tài liệu dự án đang phát triển mạnh trong các dự án mới.,Not Spam
tài liệu dự án được thảo luận rộng rãi trên mạng xã hội.,Not Spam
thông tin nội bộ mang lại nhiều cơ hội tại Việt Nam.,Not Spam
tài liệu dự án đang phát triển mạnh trong ngành công nghiệp.,Not Spam
thảo luận nhóm đang thay đổi thị trường trên mạng xã hội.,Not Spam
thông tin nội bộ tạo ra nhiều ảnh hưởng trên toàn thế giới.,Not Spam
thông báo cuộc họp đang được nghiên cứu trên toàn thế giới.,Not Spam
kế hoạch dự án đang trở thành xu hướng trong các tổ chức.,Not Spam
ghi chú công việc đang được nghiên cứu trong nhiều doanh nghiệp.,Not Spam
kế hoạch dự án được áp dụng rộng rãi trên toàn thế giới.,Not Spam
thông báo cuộc họp được áp dụng rộng rãi trong các tổ chức.,Not Spam
ghi chú công việc mang lại nhiều cơ hội trong nhiều doanh nghiệp.,Not Spam
báo cáo tuần được nhiều người quan tâm trong cộng đồng.,Not Spam
lịch làm việc được nhiều người quan tâm trong các dự án mới.,Not Spam
thông báo cuộc họp được áp dụng rộng rãi tại Việt Nam.,Not Spam
báo cáo tuần đang được nghiên cứu trên mạng xã hội.,Not Spam
báo cáo tuần được áp dụng rộng rãi trên mạng xã hội.,Not Spam
tài liệu dự án được thảo luận rộng rãi tại Việt Nam.,Not Spam
báo cáo tuần đang được nghiên cứu trong ngành công nghiệp.,Not Spam
cập nhật tiến độ đang thay đổi thị trường tại nhiều quốc gia.,Not Spam
cập nhật tiến độ tạo ra nhiều ảnh hưởng trong các tổ chức.,Not Spam
báo cáo tuần đang trở thành xu hướng trong nhiều doanh nghiệp.,Not Spam
kế hoạch dự án tạo ra nhiều ảnh hưởng trong các tổ chức.,Not Spam
thông báo cuộc họp đang phát triển mạnh trên toàn thế giới.,Not Spam
lịch làm việc đang trở thành xu hướng trên toàn thế giới.,Not Spam
báo cáo tuần đang được nghiên cứu trong các tổ chức.,Not Spam
email công việc được thảo luận rộng rãi trong các dự án mới.,Not Spam
email công việc thu hút nhiều sự chú ý trên mạng xã hội.,Not Spam
thông tin nội bộ đang thay đổi thị trường trong các tổ chức.,Not Spam
ghi chú công việc được áp dụng rộng rãi trên toàn thế giới.,Not Spam
tài liệu dự án được thảo luận rộng rãi trong các tổ chức.,Not Spam
thông báo cuộc họp tạo ra nhiều ảnh hưởng trong các công ty lớn.,Not Spam
ghi chú công việc được áp dụng rộng rãi trong ngành công nghiệp.,Not Spam
lịch làm việc thu hút nhiều sự chú ý trong các tổ chức.,Not Spam
tài liệu dự án mang lại nhiều cơ hội trong các tổ chức.,Not Spam
kế hoạch dự án thu hút nhiều sự chú ý trong ngành công nghiệp.,Not Spam
lịch làm việc mang lại nhiều cơ hội trong nhiều doanh nghiệp.,Not Spam
cập nhật tiến độ được nhiều người quan tâm trong ngành công nghiệp.,Not Spam
ghi chú công việc được áp dụng rộng rãi tại nhiều quốc gia.,Not Spam
email công việc thu hút nhiều sự chú ý trong các dự án mới.,Not Spam
thảo luận nhóm được nhiều người quan tâm trong cộng đồng.,Not Spam
thông tin nội bộ đang phát triển mạnh trong các công ty lớn.,Not Spam
email công việc được áp dụng rộng rãi tại nhiều quốc gia.,Not Spam
báo cáo tuần thu hút nhiều sự chú ý trong các công ty lớn.,Not Spam
thông báo cuộc họp được áp dụng rộng rãi trong cộng đồng.,Not Spam
email công việc đang thay đổi thị trường trên mạng xã hội.,Not Spam
kế hoạch dự án được thảo luận rộng rãi trong các tổ chức.,Not Spam
kế hoạch dự án mang lại nhiều cơ hội trên toàn thế giới.,Not Spam
email công việc đang thay đổi thị trường trong nhiều doanh nghiệp.,Not Spam
lịch làm việc được áp dụng rộng rãi trên toàn thế giới.,Not Spam
báo cáo tuần đang phát triển mạnh trong cộng đồng.,Not Spam
cập nhật tiến độ tạo ra nhiều ảnh hưởng trong nhiều doanh nghiệp.,Not Spam
ghi chú công việc được nhiều người quan tâm trong ngành công nghiệp.,Not Spam
kế hoạch dự án đang phát triển mạnh trong ngành công nghiệp.,Not Spam
thông báo cuộc họp đang được nghiên cứu trong các tổ chức.,Not Spam
thông báo cuộc họp tạo ra nhiều ảnh hưởng trong cộng đồng.,Not Spam
tài liệu dự án đang phát triển mạnh trong nhiều doanh nghiệp.,Not Spam
lịch làm việc được áp dụng rộng rãi trong nhiều doanh nghiệp.,Not Spam
email công việc được thảo luận rộng rãi trên toàn thế giới.,Not Spam
thảo luận nhóm được nhiều người quan tâm trong các dự án mới.,Not Spam
email công việc đang trở thành xu hướng trong nhiều doanh nghiệp.,Not Spam
cập nhật tiến độ thu hút nhiều sự chú ý trong các công ty lớn.,Not Spam
ghi chú công việc tạo ra nhiều ảnh hưởng trong các tổ chức.,Not Spam
ghi chú công việc đang thay đổi thị trường trong các công ty lớn.,Not Spam
báo cáo tuần đang phát triển mạnh trong nhiều doanh nghiệp.,Not Spam
kế hoạch dự án đang trở thành xu hướng trong các công ty lớn.,Not Spam
ghi chú công việc được thảo luận rộng rãi tại nhiều quốc gia.,Not Spam
báo cáo tuần đang thay đổi thị trường trên toàn thế giới.,Not Spam
thông tin nội bộ đang thay đổi thị trường tại nhiều quốc gia.,Not Spam
thảo luận nhóm được áp dụng rộng rãi tại nhiều quốc gia.,Not Spam
thông báo cuộc họp đang thay đổi thị trường trong các dự án mới.,Not Spam
email công việc mang lại nhiều cơ hội trên toàn thế giới.,Not Spam
email công việc đang thay đổi thị trường trong các dự án mới.,Not Spam
lịch làm việc được nhiều người quan tâm trong các công ty lớn.,Not Spam
tài liệu dự án đang được nghiên cứu trong các công ty lớn.,Not Spam
kế hoạch dự án được thảo luận rộng rãi trong nhiều doanh nghiệp.,Not Spam
kế hoạch dự án đang phát triển mạnh trên toàn thế giới.,Not Spam
kế hoạch dự án tạo ra nhiều ảnh hưởng tại Việt Nam.,Not Spam
lịch làm việc được thảo luận rộng rãi trong các tổ chức.,Not Spam
thảo luận nhóm đang thay đổi thị trường tại Việt Nam.,Not Spam
cập nhật tiến độ thu hút nhiều sự chú ý trong cộng đồng.,Not Spam
email công việc đang thay đổi thị trường trên toàn thế giới.,Not Spam
email công việc đang trở thành xu hướng trong các dự án mới.,Not Spam
cập nhật tiến độ tạo ra nhiều ảnh hưởng trong các công ty lớn.,Not Spam
kế hoạch dự án được thảo luận rộng rãi tại nhiều quốc gia.,Not Spam
kế hoạch dự án đang thay đổi thị trường tại nhiều quốc gia.,Not Spam
thông tin nội bộ mang lại nhiều cơ hội trên toàn thế giới.,Not Spam
thông tin nội bộ thu hút nhiều sự chú ý trên toàn thế giới.,Not Spam
email công việc được nhiều người quan tâm trong các công ty lớn.,Not Spam
thông báo cuộc họp được nhiều người quan tâm trên mạng xã hội.,Not Spam
thông tin nội bộ đang trở thành xu hướng trên toàn thế giới.,Not Spam
báo cáo tuần đang thay đổi thị trường tại Việt Nam.,Not Spam
cập nhật tiến độ đang trở thành xu hướng trong ngành công nghiệp.,Not Spam
lịch làm việc đang thay đổi thị trường trên mạng xã hội.,Not Spam
tài liệu dự án được nhiều người quan tâm trong các công ty lớn.,Not Spam
lịch làm việc thu hút nhiều sự chú ý trong nhiều doanh nghiệp.,Not Spam
cập nhật tiến độ được thảo luận rộng rãi tại Việt Nam.,Not Spam
cập nhật tiến độ đang phát triển mạnh trong cộng đồng.,Not Spam
ghi chú công việc tạo ra nhiều ảnh hưởng trong cộng đồng.,Not Spam
cập nhật tiến độ thu hút nhiều sự chú ý trong các dự án mới.,Not Spam
thông tin nội bộ tạo ra nhiều ảnh hưởng tại Việt Nam.,Not Spam
báo cáo tuần được áp dụng rộng rãi tại Việt Nam.,Not Spam
lịch làm việc đang trở thành xu hướng tại Việt Nam.,Not Spam
thảo luận nhóm được áp dụng rộng rãi trên toàn thế giới.,Not Spam
kế hoạch dự án đang thay đổi thị trường trong nhiều doanh nghiệp.,Not Spam
email công việc được áp dụng rộng rãi trong cộng đồng.,Not Spam
email công việc đang phát triển mạnh tại nhiều quốc gia.,Not Spam
báo cáo tuần đang trở thành xu hướng trong các công ty lớn.,Not Spam
ghi chú công việc đang thay đổi thị trường trên toàn thế giới.,Not Spam
thông tin nội bộ được nhiều người quan tâm trong các tổ chức.,Not Spam
ghi chú công việc đang thay đổi thị trường tại nhiều quốc gia.,Not Spam
ghi chú công việc thu hút nhiều sự chú ý trên toàn thế giới.,Not Spam
thảo luận nhóm được nhiều người quan tâm trên mạng xã hội.,Not Spam
thông báo cuộc họp đang trở thành xu hướng trong các công ty lớn.,Not Spam
thảo luận nhóm được áp dụng rộng rãi trong nhiều doanh nghiệp.,Not Spam
tài liệu dự án được áp dụng rộng rãi tại nhiều quốc gia.,Not Spam
kế hoạch dự án mang lại nhiều cơ hội tại Việt Nam.,Not Spam
thông báo cuộc họp đang phát triển mạnh trong nhiều doanh nghiệp.,Not Spam
ghi chú công việc đang phát triển mạnh trong các công ty lớn.,Not Spam
ghi chú công việc được áp dụng rộng rãi tại Việt Nam.,Not Spam
ghi chú công việc đang phát triển mạnh tại Việt Nam.,Not Spam
email công việc đang trở thành xu hướng trong các công ty lớn.,Not Spam
lịch làm việc đang phát triển mạnh trong nhiều doanh nghiệp.,Not Spam
tài liệu dự án mang lại nhiều cơ hội tại Việt Nam.,Not Spam
lịch làm việc được nhiều người quan tâm trong nhiều doanh nghiệp.,Not Spam
email công việc đang được nghiên cứu trong các tổ chức.,Not Spam
kế hoạch dự án mang lại nhiều cơ hội trong ngành công nghiệp.,Not Spam
thông tin nội bộ được thảo luận rộng rãi tại Việt Nam.,Not Spam
tài liệu dự án được thảo luận rộng rãi trong ngành công nghiệp.,Not Spam
thông báo cuộc họp đang thay đổi thị trường trong cộng đồng.,Not Spam
tài liệu dự án đang thay đổi thị trường trên toàn thế giới.,Not Spam
báo cáo tuần được thảo luận rộng rãi trên mạng xã hội.,Not Spam
lịch làm việc tạo ra nhiều ảnh hưởng trong các công ty lớn.,Not Spam
lịch làm việc thu hút nhiều sự chú ý tại Việt Nam.,Not Spam
báo cáo tuần thu hút nhiều sự chú ý trên mạng xã hội.,Not Spam
thông tin nội bộ thu hút nhiều sự chú ý trong các dự án mới.,Not Spam
lịch làm việc đang thay đổi thị trường trong ngành công nghiệp.,Not Spam
cập nhật tiến độ được nhiều người quan tâm trên mạng xã hội.,Not Spam
tài liệu dự án đang thay đổi thị trường trong các tổ chức.,Not Spam
email công việc được áp dụng rộng rãi trong nhiều doanh nghiệp.,Not Spam
thông báo cuộc họp mang lại nhiều cơ hội trong các công ty lớn.,Not Spam
báo cáo tuần mang lại nhiều cơ hội trong các tổ chức.,Not Spam
thông báo cuộc họp thu hút nhiều sự chú ý trên toàn thế giới.,Not Spam
thông báo cuộc họp được thảo luận rộng rãi trong các tổ chức.,Not Spam
ghi chú công việc đang trở thành xu hướng trong các tổ chức.,Not Spam
email công việc được áp dụng rộng rãi trong các tổ chức.,Not Spam
thông báo cuộc họp tạo ra nhiều ảnh hưởng trên toàn thế giới.,Not Spam
cập nhật tiến độ mang lại nhiều cơ hội trong các tổ chức.,Not Spam
báo cáo tuần tạo ra nhiều ảnh hưởng trong nhiều doanh nghiệp.,Not Spam
báo cáo tuần đang phát triển mạnh trong các tổ chức.,Not Spam
cập nhật tiến độ đang thay đổi thị trường trên mạng xã hội.,Not Spam
báo cáo tuần mang lại nhiều cơ hội trong nhiều doanh nghiệp.,Not Spam
tài liệu dự án được nhiều người quan tâm trong nhiều doanh nghiệp.,Not Spam
cập nhật tiến độ thu hút nhiều sự chú ý trên toàn thế giới.,Not Spam
kế hoạch dự án thu hút nhiều sự chú ý trên toàn thế giới.,Not Spam
lịch làm việc đang được nghiên cứu trong các công ty lớn.,Not Spam
thảo luận nhóm được thảo luận rộng rãi tại nhiều quốc gia.,Not Spam
báo cáo tuần mang lại nhiều cơ hội tại nhiều quốc gia.,Not Spam
email công việc mang lại nhiều cơ hội trong cộng đồng.,Not Spam
ghi chú công việc thu hút nhiều sự chú ý trong các công ty lớn.,Not Spam
thông báo cuộc họp đang thay đổi thị trường trên mạng xã hội.,Not Spam
thảo luận nhóm đang được nghiên cứu tại Việt Nam.,Not Spam
kế hoạch dự án đang được nghiên cứu trong nhiều doanh nghiệp.,Not Spam
tài liệu dự án tạo ra nhiều ảnh hưởng trong các công ty lớn.,Not Spam
cập nhật tiến độ đang trở thành xu hướng trong các công ty lớn.,Not Spam
tài liệu dự án được nhiều người quan tâm tại Việt Nam.,Not Spam
lịch làm việc được nhiều người quan tâm trong các tổ chức.,Not Spam
ghi chú công việc mang lại nhiều cơ hội trên mạng xã hội.,Not Spam
lịch làm việc tạo ra nhiều ảnh hưởng tại Việt Nam.,Not Spam
thảo luận nhóm đang được nghiên cứu trong ngành công nghiệp.,Not Spam
báo cáo tuần thu hút nhiều sự chú ý trong nhiều doanh nghiệp.,Not Spam
ghi chú công việc được nhiều người quan tâm trong các công ty lớn.,Not Spam
kế hoạch dự án được thảo luận rộng rãi trong cộng đồng.,Not Spam
kế hoạch dự án được áp dụng rộng rãi trong các tổ chức.,Not Spam
thông tin nội bộ đang thay đổi thị trường trong nhiều doanh nghiệp.,Not Spam
tài liệu dự án đang trở thành xu hướng trong nhiều doanh nghiệp.,Not Spam
lịch làm việc được áp dụng rộng rãi trong các dự án mới.,Not Spam
thảo luận nhóm thu hút nhiều sự chú ý trong các dự án mới.,Not Spam
thảo luận nhóm được nhiều người quan tâm trong ngành công nghiệp.,Not Spam
thảo luận nhóm mang lại nhiều cơ hội trong cộng đồng.,Not Spam
kế hoạch dự án đang thay đổi thị trường trong các tổ chức.,Not Spam
thảo luận nhóm được thảo luận rộng rãi trong các tổ chức.,Not Spam
lịch làm việc được áp dụng rộng rãi trên mạng xã hội.,Not Spam
ghi chú công việc được thảo luận rộng rãi trong nhiều doanh nghiệp.,Not Spam
thông báo cuộc họp đang được nghiên cứu trên mạng xã hội.,Not Spam
thông báo cuộc họp thu hút nhiều sự chú ý trong các tổ chức.,Not Spam
thảo luận nhóm đang trở thành xu hướng trong ngành công nghiệp.,Not Spam
cập nhật tiến độ thu hút nhiều sự chú ý trong nhiều doanh nghiệp.,Not Spam
email công việc tạo ra nhiều ảnh hưởng trong các tổ chức.,Not Spam
lịch làm việc được thảo luận rộng rãi trong các công ty lớn.,Not Spam
kế hoạch dự án thu hút nhiều sự chú ý trên mạng xã hội.,Not Spam
thông tin nội bộ đang thay đổi thị trường trong ngành công nghiệp.,Not Spam
tài liệu dự án đang trở thành xu hướng tại Việt Nam.,Not Spam
thông tin nội bộ đang trở thành xu hướng tại nhiều quốc gia.,Not Spam
kế hoạch dự án đang được nghiên cứu trong các dự án mới.,Not Spam
tài liệu dự án tạo ra nhiều ảnh hưởng tại nhiều quốc gia.,Not Spam
thông báo cuộc họp thu hút nhiều sự chú ý trong các công ty lớn.,Not Spam
kế hoạch dự án đang được nghiên cứu trên mạng xã hội.,Not Spam
thông báo cuộc họp đang phát triển mạnh tại Việt Nam.,Not Spam
ghi chú công việc tạo ra nhiều ảnh hưởng trên mạng xã hội.,Not Spam
thảo luận nhóm mang lại nhiều cơ hội trong nhiều doanh nghiệp.,Not Spam
ghi chú công việc đang thay đổi thị trường trong ngành công nghiệp.,Not Spam
email công việc đang phát triển mạnh trong nhiều doanh nghiệp.,Not Spam
email công việc đang được nghiên cứu trong các công ty lớn.,Not Spam
tài liệu dự án được thảo luận rộng rãi tại nhiều quốc gia.,Not Spam
lịch làm việc được nhiều người quan tâm tại Việt Nam.,Not Spam
tài liệu dự án đang thay đổi thị trường tại Việt Nam.,Not Spam
thông báo cuộc họp đang phát triển mạnh trong các công ty lớn.,Not Spam
kế hoạch dự án mang lại nhiều cơ hội trong các công ty lớn.,Not Spam
email công việc đang phát triển mạnh trên toàn thế giới.,Not Spam
tài liệu dự án được thảo luận rộng rãi trong nhiều doanh nghiệp.,Not Spam
kế hoạch dự án được áp dụng rộng rãi trong cộng đồng.,Not Spam
email công việc được nhiều người quan tâm trong cộng đồng.,Not Spam
cập nhật tiến độ mang lại nhiều cơ hội tại nhiều quốc gia.,Not Spam
báo cáo tuần đang thay đổi thị trường trong các dự án mới.,Not Spam
kế hoạch dự án được thảo luận rộng rãi trong ngành công nghiệp.,Not Spam
email công việc mang lại nhiều cơ hội trong ngành công nghiệp.,Not Spam
kế hoạch dự án đang thay đổi thị trường trong các dự án mới.,Not Spam
cập nhật tiến độ đang được nghiên cứu trong các tổ chức.,Not Spam
ghi chú công việc đang được nghiên cứu trên toàn thế giới.,Not Spam
email công việc thu hút nhiều sự chú ý tại Việt Nam.,Not Spam
lịch làm việc đang trở thành xu hướng trong nhiều doanh nghiệp.,Not Spam
thông tin nội bộ đang được nghiên cứu trong các dự án mới.,Not Spam
lịch làm việc mang lại nhiều cơ hội tại nhiều quốc gia.,Not Spam
email công việc đang trở thành xu hướng trong các tổ chức.,Not Spam
thông báo cuộc họp đang phát triển mạnh trong ngành công nghiệp.,Not Spam
thảo luận nhóm thu hút nhiều sự chú ý tại Việt Nam.,Not Spam
cập nhật tiến độ đang thay đổi thị trường trong các dự án mới.,Not Spam
thông báo cuộc họp đang trở thành xu hướng trong nhiều doanh nghiệp.,Not Spam
kế hoạch dự án đang trở thành xu hướng trên toàn thế giới.,Not Spam
lịch làm việc được nhiều người quan tâm trong cộng đồng.,Not Spam
thông báo cuộc họp đang được nghiên cứu trong ngành công nghiệp.,Not Spam
kế hoạch dự án được nhiều người quan tâm tại Việt Nam.,Not Spam
kế hoạch dự án tạo ra nhiều ảnh hưởng trong các công ty lớn.,Not Spam
thông báo cuộc họp được nhiều người quan tâm trên toàn thế giới.,Not Spam
email công việc tạo ra nhiều ảnh hưởng trên toàn thế giới.,Not Spam
ghi chú công việc thu hút nhiều sự chú ý tại nhiều quốc gia.,Not Spam
báo cáo tuần mang lại nhiều cơ hội trên toàn thế giới.,Not Spam
kế hoạch dự án được áp dụng rộng rãi trong nhiều doanh nghiệp.,Not Spam
kế hoạch dự án đang thay đổi thị trường trong cộng đồng.,Not Spam
email công việc tạo ra nhiều ảnh hưởng trong nhiều doanh nghiệp.,Not Spam
lịch làm việc tạo ra nhiều ảnh hưởng trong các tổ chức.,Not Spam
ghi chú công việc đang phát triển mạnh trong ngành công nghiệp.,Not Spam
thảo luận nhóm được áp dụng rộng rãi tại Việt Nam.,Not Spam
báo cáo tuần được nhiều người quan tâm trong các dự án mới.,Not Spam
cập nhật tiến độ mang lại nhiều cơ hội trên mạng xã hội.,Not Spam
kế hoạch dự án đang thay đổi thị trường trên toàn thế giới.,Not Spam
tài liệu dự án thu hút nhiều sự chú ý trên toàn thế giới.,Not Spam
email công việc đang thay đổi thị trường trong cộng đồng.,Not Spam
báo cáo tuần mang lại nhiều cơ hội trong cộng đồng.,Not Spam
kế hoạch dự án mang lại nhiều cơ hội trong các tổ chức.,Not Spam
cập nhật tiến độ đang phát triển mạnh trong các dự án mới.,Not Spam
thông tin nội bộ được áp dụng rộng rãi trong các tổ chức.,Not Spam
báo cáo tuần được thảo luận rộng rãi trong các công ty lớn.,Not Spam
báo cáo tuần được nhiều người quan tâm trên mạng xã hội.,Not Spam
ghi chú công việc được nhiều người quan tâm trong cộng đồng.,Not Spam
thảo luận nhóm đang được nghiên cứu trên toàn thế giới.,Not Spam
tài liệu dự án đang phát triển mạnh trên mạng xã hội.,Not Spam
thông tin nội bộ đang phát triển mạnh tại Việt Nam.,Not Spam
kế hoạch dự án được nhiều người quan tâm tại nhiều quốc gia.,Not Spam
tài liệu dự án được áp dụng rộng rãi tại Việt Nam.,Not Spam
thông tin nội bộ đang phát triển mạnh trong các dự án mới.,Not Spam
báo cáo tuần đang thay đổi thị trường trên mạng xã hội.,Not Spam
lịch làm việc được nhiều người quan tâm tại nhiều quốc gia.,Not Spam
thông báo cuộc họp mang lại nhiều cơ hội trong cộng đồng.,Not Spam
thông tin nội bộ được thảo luận rộng rãi trên mạng xã hội.,Not Spam
lịch làm việc được thảo luận rộng rãi trên mạng xã hội.,Not Spam
kế hoạch dự án đang được nghiên cứu trên toàn thế giới.,Not Spam
báo cáo tuần đang trở thành xu hướng trong ngành công nghiệp.,Not Spam
lịch làm việc được thảo luận rộng rãi tại nhiều quốc gia.,Not Spam
email công việc thu hút nhiều sự chú ý trong ngành công nghiệp.,Not Spam
cập nhật tiến độ đang được nghiên cứu trong ngành công nghiệp.,Not Spam
ghi chú công việc đang thay đổi thị trường trong cộng đồng.,Not Spam
lịch làm việc đang được nghiên cứu trong các dự án mới.,Not Spam
email công việc đang được nghiên cứu trên toàn thế giới.,Not Spam
thông báo cuộc họp thu hút nhiều sự chú ý tại nhiều quốc gia.,Not Spam
cập nhật tiến độ đang được nghiên cứu trong các dự án mới.,Not Spam
thông báo cuộc họp đang phát triển mạnh trong các tổ chức.,Not Spam
kế hoạch dự án đang trở thành xu hướng trong ngành công nghiệp.,Not Spam
thông tin nội bộ thu hút nhiều sự chú ý trong nhiều doanh nghiệp.,Not Spam
ghi chú công việc đang được nghiên cứu trong các dự án mới.,Not Spam
thông báo cuộc họp đang được nghiên cứu tại Việt Nam.,Not Spam
thảo luận nhóm mang lại nhiều cơ hội trên toàn thế giới.,Not Spam
email công việc được thảo luận rộng rãi trong ngành công nghiệp.,Not Spam
cập nhật tiến độ được thảo luận rộng rãi trong các tổ chức.,Not Spam
thảo luận nhóm được thảo luận rộng rãi trong các dự án mới.,Not Spam
tài liệu dự án thu hút nhiều sự chú ý trong nhiều doanh nghiệp.,Not Spam
kế hoạch dự án tạo ra nhiều ảnh hưởng trong nhiều doanh nghiệp.,Not Spam
thảo luận nhóm đang trở thành xu hướng trong các công ty lớn.,Not Spam
thông báo cuộc họp được nhiều người quan tâm tại nhiều quốc gia.,Not Spam
thông tin nội bộ được nhiều người quan tâm trong các công ty lớn.,Not Spam
cập nhật tiến độ mang lại nhiều cơ hội trong ngành công nghiệp.,Not Spam
cập nhật tiến độ đang được nghiên cứu trên toàn thế giới.,Not Spam
báo cáo tuần được thảo luận rộng rãi trong cộng đồng.,Not Spam
thông tin nội bộ đang thay đổi thị trường trong cộng đồng.,Not Spam
email công việc đang thay đổi thị trường trong các tổ chức.,Not Spam
cập nhật tiến độ được thảo luận rộng rãi trong các dự án mới.,Not Spam
email công việc tạo ra nhiều ảnh hưởng trong các công ty lớn.,Not Spam
thông báo cuộc họp được thảo luận rộng rãi trong các công ty lớn.,Not Spam
kế hoạch dự án đang trở thành xu hướng tại nhiều quốc gia.,Not Spam
ghi chú công việc đang phát triển mạnh trong nhiều doanh nghiệp.,Not Spam
báo cáo tuần được nhiều người quan tâm trong nhiều doanh nghiệp.,Not Spam
báo cáo tuần được áp dụng rộng rãi trong các công ty lớn.,Not Spam
thảo luận nhóm đang được nghiên cứu trong nhiều doanh nghiệp.,Not Spam
thông tin nội bộ được nhiều người quan tâm trong các dự án mới.,Not Spam
ghi chú công việc được áp dụng rộng rãi trong các tổ chức.,Not Spam
ghi chú công việc đang được nghiên cứu trong cộng đồng.,Not Spam
kế hoạch dự án thu hút nhiều sự chú ý trong nhiều doanh nghiệp.,Not Spam
email công việc được nhiều người quan tâm trong ngành công nghiệp.,Not Spam
lịch làm việc tạo ra nhiều ảnh hưởng trên mạng xã hội.,Not Spam
lịch làm việc được thảo luận rộng rãi trong nhiều doanh nghiệp.,Not Spam
thông tin nội bộ được thảo luận rộng rãi trong các công ty lớn.,Not Spam
tài liệu dự án đang thay đổi thị trường trong cộng đồng.,Not Spam
tài liệu dự án đang được nghiên cứu trong các tổ chức.,Not Spam
tài liệu dự án đang phát triển mạnh trên toàn thế giới.,Not Spam
ghi chú công việc thu hút nhiều sự chú ý trên mạng xã hội.,Not Spam
thông tin nội bộ được áp dụng rộng rãi trong cộng đồng.,Not Spam
email công việc được áp dụng rộng rãi trong ngành công nghiệp.,Not Spam
thảo luận nhóm đang phát triển mạnh trong các dự án mới.,Not Spam
thông tin nội bộ được áp dụng rộng rãi trong ngành công nghiệp.,Not Spam
thảo luận nhóm tạo ra nhiều ảnh hưởng trong các tổ chức.,Not Spam
lịch làm việc được thảo luận rộng rãi trong cộng đồng.,Not Spam
email công việc được nhiều người quan tâm trong các dự án mới.,Not Spam
lịch làm việc thu hút nhiều sự chú ý trong các dự án mới.,Not Spam
cập nhật tiến độ đang trở thành xu hướng trong nhiều doanh nghiệp.,Not Spam
cập nhật tiến độ mang lại nhiều cơ hội trong các dự án mới.,Not Spam
ghi chú công việc được thảo luận rộng rãi trên toàn thế giới.,Not Spam
email công việc thu hút nhiều sự chú ý trên toàn thế giới.,Not Spam
thông tin nội bộ đang trở thành xu hướng trong các công ty lớn.,Not Spam
lịch làm việc đang được nghiên cứu trong cộng đồng.,Not Spam
ghi chú công việc đang trở thành xu hướng trong cộng đồng.,Not Spam
email công việc được áp dụng rộng rãi trên toàn thế giới.,Not Spam
email công việc mang lại nhiều cơ hội trên mạng xã hội.,Not Spam
tài liệu dự án mang lại nhiều cơ hội trong cộng đồng.,Not Spam
kế hoạch dự án được nhiều người quan tâm trong các dự án mới.,Not Spam
email công việc đang phát triển mạnh trong ngành công nghiệp.,Not Spam
ghi chú công việc mang lại nhiều cơ hội trong cộng đồng.,Not Spam
ghi chú công việc tạo ra nhiều ảnh hưởng trên toàn thế giới.,Not Spam
báo cáo tuần đang được nghiên cứu tại Việt Nam.,Not Spam
tài liệu dự án được nhiều người quan tâm trong các dự án mới.,Not Spam
thông báo cuộc họp đang được nghiên cứu trong nhiều doanh nghiệp.,Not Spam
cập nhật tiến độ mang lại nhiều cơ hội trên toàn thế giới.,Not Spam
email công việc đang thay đổi thị trường tại nhiều quốc gia.,Not Spam
thông báo cuộc họp mang lại nhiều cơ hội tại Việt Nam.,Not Spam
thông tin nội bộ mang lại nhiều cơ hội trong ngành công nghiệp.,Not Spam
thảo luận nhóm đang trở thành xu hướng tại Việt Nam.,Not Spam
cập nhật tiến độ đang trở thành xu hướng trong các dự án mới.,Not Spam
thông tin nội bộ tạo ra nhiều ảnh hưởng trong các công ty lớn.,Not Spam
kế hoạch dự án tạo ra nhiều ảnh hưởng trên mạng xã hội.,Not Spam
cập nhật tiến độ được nhiều người quan tâm tại nhiều quốc gia.,Not Spam
ghi chú công việc được áp dụng rộng rãi trong nhiều doanh nghiệp.,Not Spam
thông tin nội bộ được nhiều người quan tâm tại nhiều quốc gia.,Not Spam
thông báo cuộc họp được nhiều người quan tâm trong cộng đồng.,Not Spam
tài liệu dự án tạo ra nhiều ảnh hưởng trên toàn thế giới.,Not Spam
tài liệu dự án được áp dụng rộng rãi trong các tổ chức.,Not Spam
lịch làm việc đang phát triển mạnh trên toàn thế giới.,Not Spam
thông tin nội bộ đang được nghiên cứu trong các công ty lớn.,Not Spam
thông tin nội bộ được áp dụng rộng rãi trong các công ty lớn.,Not Spam
lịch làm việc thu hút nhiều sự chú ý trong cộng đồng.,Not Spam
ghi chú công việc được thảo luận rộng rãi trong ngành công nghiệp.,Not Spam
lịch làm việc đang thay đổi thị trường trong các dự án mới.,Not Spam
tài liệu dự án được nhiều người quan tâm tại nhiều quốc gia.,Not Spam
thảo luận nhóm đang thay đổi thị trường trong nhiều doanh nghiệp.,Not Spam
email công việc mang lại nhiều cơ hội trong các dự án mới.,Not Spam
ghi chú công việc đang trở thành xu hướng trong các công ty lớn.,Not Spam
thông báo cuộc họp đang thay đổi thị trường trong các tổ chức.,Not Spam
lịch làm việc đang trở thành xu hướng tại nhiều quốc gia.,Not Spam
tài liệu dự án đang phát triển mạnh trong cộng đồng.,Not Spam
lịch làm việc đang thay đổi thị trường tại nhiều quốc gia.,Not Spam
cập nhật tiến độ đang được nghiên cứu trong nhiều doanh nghiệp.,Not Spam
thông báo cuộc họp đang trở thành xu hướng tại Việt Nam.,Not Spam
thông tin nội bộ đang phát triển mạnh trong các tổ chức.,Not Spam
thông tin nội bộ mang lại nhiều cơ hội trong các công ty lớn.,Not Spam
thông báo cuộc họp mang lại nhiều cơ hội trong nhiều doanh nghiệp.,Not Spam
ghi chú công việc được nhiều người quan tâm trong các tổ chức.,Not Spam
thảo luận nhóm được thảo luận rộng rãi tại Việt Nam.,Not Spam
thông tin nội bộ tạo ra nhiều ảnh hưởng trong các dự án mới.,Not Spam
thông báo cuộc họp được thảo luận rộng rãi trong các dự án mới.,Not Spam
thảo luận nhóm đang được nghiên cứu trong cộng đồng.,Not Spam
thông báo cuộc họp được nhiều người quan tâm trong ngành công nghiệp.,Not Spam
email công việc tạo ra nhiều ảnh hưởng tại nhiều quốc gia.,Not Spam
ghi chú công việc tạo ra nhiều ảnh hưởng trong các công ty lớn.,Not Spam
tài liệu dự án đang thay đổi thị trường trong ngành công nghiệp.,Not Spam
cập nhật tiến độ đang phát triển mạnh tại nhiều quốc gia.,Not Spam
kế hoạch dự án đang thay đổi thị trường trong ngành công nghiệp.,Not Spam
lịch làm việc được áp dụng rộng rãi tại nhiều quốc gia.,Not Spam
email công việc được thảo luận rộng rãi trên mạng xã hội.,Not Spam
ghi chú công việc mang lại nhiều cơ hội trong ngành công nghiệp.,Not Spam
tài liệu dự án được áp dụng rộng rãi trong nhiều doanh nghiệp.,Not Spam
email công việc được thảo luận rộng rãi tại Việt Nam.,Not Spam
thông tin nội bộ thu hút nhiều sự chú ý trong ngành công nghiệp.,Not Spam
lịch làm việc thu hút nhiều sự chú ý trong ngành công nghiệp.,Not Spam
thông báo cuộc họp được áp dụng rộng rãi tại nhiều quốc gia.,Not Spam
lịch làm việc được thảo luận rộng rãi trong ngành công nghiệp.,Not Spam
ghi chú công việc đang thay đổi thị trường trong nhiều doanh nghiệp.,Not Spam
thảo luận nhóm được áp dụng rộng rãi trong các công ty lớn.,Not Spam
thông báo cuộc họp đang được nghiên cứu trong cộng đồng.,Not Spam
thông tin nội bộ mang lại nhiều cơ hội trên mạng xã hội.,Not Spam
thông báo cuộc họp thu hút nhiều sự chú ý trong ngành công nghiệp.,Not Spam
thông báo cuộc họp được nhiều người quan tâm trong các dự án mới.,Not Spam
tài liệu dự án được áp dụng rộng rãi trong các công ty lớn.,Not Spam
thông tin nội bộ được áp dụng rộng rãi trong các dự án mới.,Not Spam
ghi chú công việc thu hút nhiều sự chú ý trong ngành công nghiệp.,Not Spam
cập nhật tiến độ tạo ra nhiều ảnh hưởng trong ngành công nghiệp.,Not Spam
thông báo cuộc họp tạo ra nhiều ảnh hưởng tại nhiều quốc gia.,Not Spam
báo cáo tuần đang trở thành xu hướng tại nhiều quốc gia.,Not Spam
báo cáo tuần đang thay đổi thị trường trong ngành công nghiệp.,Not Spam
ghi chú công việc đang trở thành xu hướng tại Việt Nam.,Not Spam
ghi chú công việc được áp dụng rộng rãi trong các dự án mới.,Not Spam
kế hoạch dự án được áp dụng rộng rãi tại nhiều quốc gia.,Not Spam
thảo luận nhóm đang được nghiên cứu trong các dự án mới.,Not Spam
ghi chú công việc được nhiều người quan tâm trong nhiều doanh nghiệp.,Not Spam
cập nhật tiến độ tạo ra nhiều ảnh hưởng trên mạng xã hội.,Not Spam
email công việc mang lại nhiều cơ hội tại nhiều quốc gia.,Not Spam
thảo luận nhóm được nhiều người quan tâm tại nhiều quốc gia.,Not Spam
thông tin nội bộ đang trở thành xu hướng trong ngành công nghiệp.,Not Spam
tài liệu dự án được nhiều người quan tâm trong ngành công nghiệp.,Not Spam
cập nhật tiến độ đang trở thành xu hướng trong cộng đồng.,Not Spam
cập nhật tiến độ đang phát triển mạnh trong ngành công nghiệp.,Not Spam
cập nhật tiến độ đang phát triển mạnh trên toàn thế giới.,Not Spam
cập nhật tiến độ được áp dụng rộng rãi trong nhiều doanh nghiệp.,Not Spam
thông báo cuộc họp đang trở thành xu hướng trên toàn thế giới.,Not Spam
thông báo cuộc họp đang trở thành xu hướng trong các dự án mới.,Not Spam
thông báo cuộc họp tạo ra nhiều ảnh hưởng trong ngành công nghiệp.,Not Spam
tài liệu dự án tạo ra nhiều ảnh hưởng trên mạng xã hội.,Not Spam
cập nhật tiến độ mang lại nhiều cơ hội trong nhiều doanh nghiệp.,Not Spam
thông báo cuộc họp được nhiều người quan tâm trong các tổ chức.,Not Spam
tài liệu dự án thu hút nhiều sự chú ý trong các dự án mới.,Not Spam
thảo luận nhóm đang phát triển mạnh tại Việt Nam.,Not Spam
thông báo cuộc họp đang được nghiên cứu trong các công ty lớn.,Not Spam
thông tin nội bộ tạo ra nhiều ảnh hưởng trong ngành công nghiệp.,Not Spam
cập nhật tiến độ thu hút nhiều sự chú ý trong các tổ chức.,Not Spam
kế hoạch dự án tạo ra nhiều ảnh hưởng trong cộng đồng.,Not Spam
kế hoạch dự án được áp dụng rộng rãi trong các dự án mới.,Not Spam
cập nhật tiến độ đang được nghiên cứu tại Việt Nam.,Not Spam
cập nhật tiến độ được áp dụng rộng rãi trong cộng đồng.,Not Spam
kế hoạch dự án thu hút nhiều sự chú ý trong cộng đồng.,Not Spam
thông báo cuộc họp đang được nghiên cứu tại nhiều quốc gia.,Not Spam
lịch làm việc được áp dụng rộng rãi trong cộng đồng.,Not Spam
báo cáo tuần thu hút nhiều sự chú ý trong các tổ chức.,Not Spam
tài liệu dự án được áp dụng rộng rãi trên mạng xã hội.,Not Spam
thông tin nội bộ đang trở thành xu hướng trong cộng đồng.,Not Spam
giao dịch chuyển khoản ngân hàng được thực hiện thành công với mã tham chiếu 123ABC.,Kinh tế
biên lai thanh toán hóa đơn điện tháng này đã được ghi nhận trong hệ thống ngân hàng.,Kinh tế
thông báo trừ tiền ví điện tử cho giao dịch mua sắm trực tuyến tại siêu thị.,Kinh tế
biên nhận thanh toán học phí qua chuyển khoản ngân hàng được gửi tới email khách hàng.,Kinh tế
tin nhắn xác nhận nạp tiền vào ví điện tử thành công từ thẻ ngân hàng.,Kinh tế
hóa đơn thanh toán tiền nước được trích nợ tự động từ tài khoản ngân hàng.,Kinh tế
thông báo thanh toán thành công đơn hàng thương mại điện tử qua ví điện tử.,Kinh tế
bảng sao kê giao dịch thẻ tín dụng tháng này hiển thị nhiều khoản chi tiêu mua sắm.,Kinh tế
thông báo hoàn tiền về thẻ ngân hàng sau khi hủy giao dịch mua hàng trực tuyến.,Kinh tế
biên lai thanh toán viện phí bằng thẻ ghi nợ được in tại quầy thu ngân.,Kinh tế
tin nhắn nhắc thanh toán khoản vay tiêu dùng sắp đến hạn trong tháng này.,Kinh tế
thông báo trừ tiền tự động cho gói đăng ký dịch vụ xem phim qua thẻ ngân hàng.,Kinh tế
biên nhận nộp lệ phí trước bạ ô tô qua cổng thanh toán điện tử của ngân hàng.,Kinh tế
hóa đơn thanh toán tiền internet được thanh toán bằng ví điện tử trong ứng dụng di động.,Kinh tế
tin nhắn xác nhận chuyển tiền liên ngân hàng đã đến tài khoản người nhận.,Kinh tế
thông báo thất bại giao dịch do số dư ví điện tử không đủ để thanh toán đơn hàng.,Kinh tế
biên lai thanh toán tiền phòng khách sạn bằng thẻ tín dụng quốc tế.,Kinh tế
hóa đơn điện tử cho đơn hàng siêu thị được gửi kèm thông tin thanh toán qua ví điện tử.,Kinh tế
Ngân hàng Nhà nước giảm lãi suất cho vay hỗ trợ doanh nghiệp nhỏ.,Kinh tế
Nhiều ngân hàng triển khai chương trình miễn phí chuyển khoản liên ngân hàng.,Kinh tế
Ví điện tử đang ngày càng phổ biến trong thanh toán hóa đơn tại Việt Nam.,Kinh tế
Các ngân hàng đẩy mạnh phát triển ngân hàng số để thu hút khách hàng trẻ.,Kinh tế
Thanh toán không tiền mặt tăng trưởng mạnh trong lĩnh vực bán lẻ.,Kinh tế
Doanh số giao dịch qua ví điện tử tăng mạnh trong dịp Tết.,Kinh tế
Nhiều ngân hàng hợp tác với các sàn thương mại điện tử để hoàn tiền mua sắm.,Kinh tế
Các công ty fintech đang cạnh tranh gay gắt với ngân hàng truyền thống.,Kinh tế
Thanh toán QR Code trở thành xu hướng tại nhiều cửa hàng.,Kinh tế
Báo cáo cho thấy tỷ lệ dùng thẻ tín dụng tăng nhanh sau dịch.,Kinh tế
Chính phủ khuyến khích người dân sử dụng hình thức thanh toán điện tử.,Kinh tế
Ngân hàng ra mắt ứng dụng mobile banking với nhiều tính năng mới.,Kinh tế
Thị trường cho vay tiêu dùng qua app tài chính đang bùng nổ.,Kinh tế
Các ví điện tử cạnh tranh nhau bằng chương trình hoàn tiền và mã giảm giá.,Kinh tế
Hóa đơn điện nước có thể thanh toán qua nhiều kênh số khác nhau.,Kinh tế
Bạn trúng thưởng 200.000.000đ từ ngân hàng ABC bấm vào link để nhận tiền ngay!,Spam
Tài khoản ngân hàng của bạn sẽ bị khóa đăng nhập gấp tại đường dẫn sau để xác nhận.,Spam
Bạn được hoàn 5.000.000đ tiền mặt chỉ cần nhập thông tin thẻ tại website này.,Spam
Chúc mừng! Bạn là khách hàng may mắn nhận thẻ tín dụng hạn mức 500 triệu xác nhận ngay.,Spam
Bạn đã trúng thưởng xe SH từ chương trình ví điện tử truy cập link để nhận giải.,Spam
Ngân hàng mời bạn nâng cấp lên tài khoản VIP chỉ cần gửi phí xử lý 2.000.000đ.,Spam
Hóa đơn điện tháng này sẽ được giảm 70% nếu bạn đăng ký qua link bên dưới.,Spam
Ví điện tử thông báo bạn nhận được quà tặng 10.000.000đ đăng nhập qua đường dẫn lạ này.,
Tài khoản của bạn vừa thanh toán 250.000đ tại Circle K.,Not Spam
Quý khách đã chuyển khoản 5.000.000đ tới NGUYEN VAN A thành công.,Not Spam
Ví điện tử Momo báo: Bạn vừa thanh toán hóa đơn điện 1.230.000đ.,Not Spam
Giao dịch rút tiền 2.000.000đ tại ATM Vietcombank đã hoàn tất.,Not Spam
Bạn vừa nạp 100.000đ vào ví ZaloPay từ thẻ VietinBank.,Not Spam
Thanh toán hóa đơn nước tháng 02/2026 số tiền 350.000đ thành công.,Not Spam
Thanh toán tiền internet FPT 320.000đ bằng ví ShopeePay thành công.,Not Spam
Quý khách đã thanh toán hóa đơn điện thoại 150.000đ bằng thẻ VISA.,Not Spam
Bạn nhận được 1.500.000đ từ NGUYEN THI B chuyển vào tài khoản.,Not Spam
Hóa đơn mua hàng tại Tiki trị giá 890.000đ đã được thanh toán.,Not Spam
Thanh toán ví điện tử: Bạn vừa quét QR thanh toán 75.000đ tại Highland Coffee.,Not Spam
Sao kê nhanh: Số dư tài khoản hiện tại là 12.350.000đ.,Not Spam
Hóa đơn học phí 5.500.000đ đã được thanh toán qua Internet Banking.,Not Spam
Bạn vừa thanh toán tiền điện thoại trả sau 280.000đ qua ZaloPay.,Not Spam
Giao dịch chuyển tiền liên ngân hàng 3.200.000đ đang được xử lý.,Not Spam
Bạn vừa thanh toán hóa đơn điện lực Hà Nội 980.000đ qua ví Momo.,Not Spam
Số tiền 420.000đ đã được trừ khỏi tài khoản để thanh toán Grab.,Not Spam
Bạn nhận hoàn tiền 50.000đ cho giao dịch mua sắm bằng thẻ tín dụng.,Not Spam
Giao dịch thanh toán hóa đơn truyền hình cáp 210.000đ đã hoàn tất.,Not 
There’s a message about your soulmate – here’s what it means;spam,
Your answers revealed something powerful. I had to reach out personally.;spam,
Discover what the universe wants to tell you today.;spam,
A secret admirer has something to say to you.;spam,
This quiz reveals your true destiny.;spam,
Someone is thinking about you right now – click to find out who.;spam,
Your spiritual message is waiting for you.;spam,
Unlock your hidden love prediction today.;spam,
A tarot reader has an important message for you.;spam,
See what your soulmate looks like based on your answers.;spam,
Special offer: 50% off all products today only.;spam,
Claim your free reward before it expires.;spam,
Limited time deal just for you.;spam,
Congratulations! You have been selected for a special prize.;spam,
Get rich quickly with this secret investment strategy.;spam,
Win a brand new smartphone today.;spam,
Earn money from home easily with this trick.;spam,
Exclusive promotion for selected customers.;spam,
This miracle supplement will change your life.;spam,
Act now to receive your bonus reward.;spam,
Java Backend Developer (Spring, SQL) position available at ABBANK.;not spam
Your application for the Backend Developer position has been received.;not spam,
Interview invitation for the Java Developer role next week.;not spam,
A recruiter viewed your profile today.;not spam,
New job alert: ReactJS Developer in Hanoi.;not spam,
Your LinkedIn profile appeared in 10 searches this week.;not spam,
New job matches for your profile.;not spam,
A company is interested in your resume.;not spam,
Your job alert has been updated with new opportunities.;not spam,
Tài khoản của bạn vừa chuyển khoản thành công.;not spam,
Xác nhận thanh toán hóa đơn điện tháng này.;not spam,
Hóa đơn internet của bạn đã được thanh toán.;not spam,
Thông báo trừ tiền dịch vụ từ tài khoản.;not spam,
Bạn vừa thanh toán hóa đơn điện nước.;not spam,
Thông báo giao dịch thẻ tín dụng.;not spam,
Giao dịch mua sắm đã được xác nhận.;not spam,
Thanh toán hóa đơn điện thoại thành công.;not spam,
Biên lai giao dịch ngân hàng của bạn.;not spam,
Khuyến mãi hoàn tiền 20% cho mọi giao dịch.;spam,
Mua 1 tặng 1 cho tất cả sản phẩm hôm nay.;spam,
Giảm giá lớn cho khách hàng thân thiết.;spam,
Ưu đãi đặc biệt chỉ dành cho bạn.;spam,
Flash sale hôm nay giảm đến 70%.;spam,
Nhận voucher mua sắm miễn phí.;spam,
Khuyến mãi cực sốc cuối tuần.;spam,
Ưu đãi mua sắm chỉ trong 24 giờ.;spam,
Nhận mã giảm giá ngay bây giờ.;spam,
Chương trình tri ân khách hàng đặc biệt.;spam,
Your password was changed successfully.;not spam,
Security alert: new login detected.;not spam,
Verify your email address to continue.;not spam,
Two-factor authentication code: 482913.;not spam,
Your subscription will renew tomorrow.;not spam,
Payment receipt for your order.;not spam,
Order #12931 has been shipped.;not spam,
Your package will arrive tomorrow.;not spam,
Delivery confirmation for your order.;not spam,
Invoice for your recent purchase.;not spam,
You have won a free vacation.;spam,
Click here to claim your reward.;spam,
Earn passive income online easily.;spam,
Make thousands per week with this system.;spam,
Your account has been selected for a prize.;spam,
Congratulations! You are today's lucky winner.;spam,
Limited time crypto investment opportunity.;spam,
Double your money instantly.;spam,
Secret trading bot that never loses.;spam,
Exclusive financial opportunity.;spam,
Meeting reminder for tomorrow at 10 AM.;not spam,
Project deadline reminder.;not spam,
Team meeting has been rescheduled.;not spam,
Your calendar event starts soon.;not spam,
New message from your manager.;not spam,
Weekly report has been submitted.;not spam,
You were added to a project workspace.;not spam,
Document shared with you.;not spam,
Task assigned to you.;not spam,
Reminder: submit your timesheet.;not ,
There’s a message about your soulmate waiting for you.;spam,
Your destiny has a special surprise today.;spam,
Someone secretly loves you – discover who.;spam,
A tarot card reading reveals your future.;spam,
Your soulmate is closer than you think.;spam,
Unlock your spiritual message today.;spam,
Your personality quiz result is shocking.;spam,
The universe sent you a signal.;spam,
You were chosen for a mystical reading.;spam,
Your love prediction is ready.;spam,
Claim your free reward now.;spam,
You have won a brand new iPhone.;spam,
Exclusive deal just for you today.;spam,
Limited time offer ends tonight.;spam,
Special promotion for selected users.;spam,
Click here to claim your bonus.;spam,
Your account is selected for a prize.;spam,
You are today's lucky winner.;spam,
Earn money online with no experience.;spam,
Work from home and earn $500 daily.;spam,
Secret investment strategy revealed.;spam,
Double your crypto profits instantly.;spam,
This trading bot guarantees profit.;spam,
Limited crypto opportunity.;spam,
Earn passive income starting today.;spam,
Make thousands with this simple trick.;spam,
Investment opportunity you cannot miss.;spam,
This stock will explode tomorrow.;spam,
Join our millionaire club.;spam,
Get rich quickly using this method.;spam,
Huge discount on electronics today.;spam,
Flash sale up to 80% off.;spam,
Buy 1 get 1 free today only.;spam,
Mega promotion for loyal customers.;spam,
Receive a free voucher now.;spam,
Claim your discount code.;spam,
Black Friday deal starts now.;spam,
Cyber Monday special offer.;spam,
Exclusive shopping deal.;spam,
Limited offer for premium members.;spam,
Your payment has been received.;not spam,
Transaction successful: 500,000 VND.;not spam
You transferred money successfully.;not spam,
Your bank transaction was completed.;not spam,
Account balance updated.;not spam,
Credit card payment confirmed.;not spam,
Your bill payment was successful.;not spam,
Electricity bill payment completed.;not spam,
Internet bill paid successfully.;not spam,
Phone bill payment confirmation.;not spam,
Invoice for your purchase.;not spam,
Order #28471 has been shipped.;not spam,
Your order will arrive tomorrow.;not spam,
Delivery confirmation.;not spam,
Package out for delivery.;not spam,
Order successfully placed.;not spam,
Receipt for your payment.;not spam,
Shipping notification.;not spam,
Product delivery update.;not spam,
Order status updated.;not spam,
New job alert: Java Backend Developer.;not spam,
New job alert: ReactJS Developer.;not spam,
New job alert: Data Analyst.;not spam,
Recruiter viewed your profile.;not spam,
Your job application was received.;not spam,
Interview invitation from company.;not spam,
New opportunities based on your profile.;not spam,
Job recommendation for you.;not spam,
Your resume was downloaded.;not spam,
Company interested in your profile.;not spam,
Password changed successfully.;not spam,
Verification code: 483912.;not spam,
Two-factor authentication code.;not spam,
Confirm your email address.;not spam,
Account login notification.;not spam,
New device logged into your account.;not spam,
Security verification required.;not spam,
Suspicious login attempt detected.;not spam,
Account protection alert.;not spam,
Meeting scheduled for tomorrow.;not spam,
Team meeting reminder.;not spam,
Project deadline approaching.;not spam,
Calendar event starting soon.;not spam,
Workspace invitation.;not spam,
New comment on your task.;not spam,
Project update notification.;not spam,
Weekly report reminder.;not spam,
Your cloud storage is almost full.;not spam,
Backup completed successfully.;not spam,
New file uploaded.;not spam,
Document updated.;not spam,
Folder shared with you.;not spam,
System maintenance scheduled.;not spam,
Software update available.;not spam,
New version released.;not spam,
App update notification.;not spam,
Account subscription renewed.;not spam,
Claim your miracle weight loss pill.;spam,
Lose 10kg in 7 days.;spam,
Magic supplement doctors hate.;spam,
This diet secret works instantly.;spam,
Health product discount today.;spam,
Free trial available now.;spam,
Limited stock health product.;spam,
Miracle cure revealed.;spam,
Doctor recommended secret.;spam,
Health trick you must try.;spam,
You were selected for a survey reward.;spam,
Complete this survey to win.;spam,
Gift card waiting for you.;spam,
Free Amazon voucher.;spam,
Win a $500 shopping card.;spam,
Reward expires today.;spam,
Prize confirmation needed.;spam,
Claim your reward quickly.;spam,
Exclusive survey reward.;spam,
Lucky draw winner announcement.;spam,
Crypto giveaway event.;spam,
Free Bitcoin today.;spam,
Ethereum bonus reward.;spam,
Blockchain investment opportunity.;spam,
Crypto airdrop available.;spam,
Get free tokens instantly.;spam,
NFT investment opportunity.;spam,
Crypto profit secret.;spam,
Bitcoin will surge soon.;spam,
Join crypto millionaire group.;spam,
Luxury watch sale today.;spam,
Designer bags discount.;spam,
Fashion clearance sale.;spam,
Exclusive clothing deal.;spam,
Limited fashion offer.;spam,
Shopping voucher waiting.;spam,
Mega fashion promotion.;spam,
Retail discount alert.;spam,
Outlet sale today.;spam,
Special fashion promotion.;spam,
Bạn đã nhận 1.250.000 VND từ Nguyễn Văn A qua chuyển khoản,not spam
Tài khoản của bạn vừa chuyển 350.000 VND đến Trần Minh Khang,not spam
Thanh toán hóa đơn điện EVN số tiền 742.000 VND thành công,not spam
Ví MoMo của bạn vừa thanh toán 120.000 VND cho dịch vụ Netflix,not spam
Nhận tiền 500.000 VND từ Lê Thu Trang qua Vietcombank,not spam
Thanh toán hóa đơn internet FPT 320.000 VND thành công,not spam
Ví ZaloPay đã trừ 65.000 VND cho giao dịch mua sắm,not spam
Bạn đã thanh toán 240.000 VND tại cửa hàng qua QR Code,not spam
Nhận tiền 1.000.000 VND từ Phạm Tuấn Anh,not spam
Giao dịch thẻ tín dụng 890.000 VND tại Shopee,not spam
Bạn đã chuyển 200.000 VND tới tài khoản MB Bank,not spam
Ví MoMo nhận 75.000 VND từ chương trình hoàn tiền,not spam
Thanh toán GrabFood 135.000 VND thành công,not spam
Giao dịch QR Pay 55.000 VND tại quán cà phê,not spam
Nhận tiền 2.500.000 VND từ công ty ABC,not spam
Thanh toán hóa đơn nước 180.000 VND thành công,not spam
Ví ShopeePay đã trừ 98.000 VND cho đơn hàng,not spam
Chuyển khoản 600.000 VND tới tài khoản BIDV,not spam
Nhận tiền 1.800.000 VND từ khách hàng,not spam
Thanh toán tiền điện thoại 100.000 VND thành công,not spam
Bạn đã nhận 450.000 VND từ Trần Văn Nam,not spam
Chuyển khoản thành công 720.000 VND đến tài khoản VietinBank,not spam
Thanh toán đơn hàng Shopee 315.000 VND thành công,not spam
Nhận tiền 980.000 VND từ khách hàng qua QR,not spam
Thanh toán Netflix 260.000 VND qua ví MoMo,not spam
Thanh toán Spotify 59.000 VND qua thẻ Visa,not spam
Ví ZaloPay nhận 150.000 VND hoàn tiền khuyến mãi,not spam
Thanh toán điện EVN 530.000 VND thành công,not spam
Bạn vừa nhận 3.200.000 VND từ công ty ABC,not spam
Chuyển tiền 1.150.000 VND tới Nguyễn Hoàng Long,not spam
Thanh toán hóa đơn internet Viettel 280.000 VND,not spam
Nhận tiền 670.000 VND từ khách hàng qua MB Bank,not spam
Ví MoMo trừ 89.000 VND cho giao dịch mua sắm,not spam
Bạn đã thanh toán 45.000 VND tại Circle K,not spam
Nhận tiền 2.000.000 VND từ Lê Minh Tuấn,not spam
Chuyển khoản 900.000 VND đến BIDV thành công,not spam
Thanh toán hóa đơn nước 210.000 VND thành công,not spam
Ví ShopeePay trừ 175.000 VND cho đơn hàng,not spam
Nhận tiền 3.500.000 VND từ công ty XYZ,not spam
Thanh toán Grab 72.000 VND thành công,not spam
Bạn đã nhận 1.420.000 VND từ khách hàng,not spam
Chuyển khoản 640.000 VND tới Techcombank,not spam
Thanh toán hóa đơn điện thoại 120.000 VND,not spam
Ví MoMo nhận 35.000 VND hoàn tiền,not spam
Thanh toán Apple Store 490.000 VND thành công,not spam
Nhận tiền 2.300.000 VND từ Nguyễn Thị Lan,not spam
Thanh toán đơn hàng Tiki 380.000 VND,not spam
Chuyển tiền 1.750.000 VND tới VPBank,not spam
Thanh toán dịch vụ Google 89.000 VND thành công,not spam
Bạn vừa nhận 650.000 VND từ khách hàng,not spam
Nhận tiền 980.000 VND từ Lê Hoàng Minh,not spam
Thanh toán hóa đơn điện 610.000 VND thành công,not spam
Ví ZaloPay trừ 42.000 VND cho giao dịch ăn uống,not spam
Bạn đã thanh toán 125.000 VND qua QR Code,not spam
Nhận tiền 5.000.000 VND từ công ty ABC,not spam
Chuyển khoản 1.200.000 VND tới Vietcombank,not spam
Thanh toán Netflix 260.000 VND thành công,not spam
Nhận tiền 720.000 VND từ khách hàng,not spam
Ví MoMo trừ 55.000 VND cho giao dịch mua cà phê,not spam
Thanh toán GrabBike 32.000 VND thành công,not spam
Bạn vừa nhận 890.000 VND từ khách hàng,not spam
Chuyển tiền 2.100.000 VND tới BIDV,not spam
Thanh toán hóa đơn internet 310.000 VND,not spam
Ví ShopeePay trừ 210.000 VND cho đơn hàng,not spam
Nhận tiền 1.300.000 VND từ khách hàng qua QR,not spam
Thanh toán Spotify 59.000 VND thành công,not spam
Chuyển khoản 450.000 VND tới MB Bank,not spam
Nhận tiền 870.000 VND từ Trần Văn Bình,not spam
Thanh toán điện EVN 450.000 VND thành công,not spam
Ví MoMo nhận 25.000 VND hoàn tiền,not spam
Thanh toán đơn hàng Lazada 540.000 VND,not spam
Nhận tiền 2.700.000 VND từ công ty DEF,not spam
Chuyển khoản 1.950.000 VND tới Techcombank,not spam
Thanh toán GrabFood 155.000 VND thành công,not spam
Bạn đã nhận 760.000 VND từ khách hàng,not spam
Thanh toán hóa đơn nước 190.000 VND,not spam
Ví ZaloPay trừ 68.000 VND cho giao dịch mua sắm,not spam
Nhận tiền 1.150.000 VND từ khách hàng,not spam
Chuyển khoản 3.400.000 VND tới VietinBank,not spam
Thanh toán Apple Music 59.000 VND thành công,not spam
Nhận tiền 920.000 VND từ Nguyễn Văn Hùng,not spam
Thanh toán điện EVN 690.000 VND thành công,not spam
Ví MoMo trừ 145.000 VND cho giao dịch mua sắm,not spam
Bạn đã thanh toán 75.000 VND tại cửa hàng tiện lợi,not spam
Nhận tiền 4.200.000 VND từ công ty XYZ,not spam
Chuyển khoản 2.350.000 VND tới BIDV,not spam
Thanh toán hóa đơn internet 330.000 VND thành công,not spam
Ví ShopeePay trừ 98.000 VND cho đơn hàng,not spam
Nhận tiền 680.000 VND từ khách hàng,not spam
Thanh toán GrabBike 28.000 VND thành công,not spam
Chuyển khoản 1.600.000 VND tới Techcombank,not spam
Nhận tiền 1.750.000 VND từ khách hàng,not spam
Ví MoMo nhận 40.000 VND hoàn tiền,not spam
Bạn đã nhận 3.100.000 VND từ công ty ABC,not spam
Chuyển khoản 820.000 VND tới MB Bank,not spam
Thanh toán đơn hàng Shopee 270.000 VND thành công,not spam
Nhận tiền 990.000 VND từ khách hàng,not spam
Thanh toán hóa đơn điện 580.000 VND thành công,not spam
Ví ZaloPay trừ 52.000 VND cho giao dịch mua sắm,not spam
Bạn vừa thanh toán 180.000 VND tại cửa hàng,not spam
Nhận tiền 2.950.000 VND từ khách hàng,not spam
Chuyển khoản 1.250.000 VND tới Vietcombank,not spam
Thanh toán GrabFood 132.000 VND thành công,not spam
Nhận tiền 870.000 VND từ khách hàng qua QR,not spam
🟢 Live Now: Python Coding Weekend by DevCerts – Join for 48 hours of coding challenges and quizzes,spam
🚀 ReactJS Bootcamp Free Weekend – Practice projects and quizzes for 2 days only,spam
🔥 Limited Event: Full Stack JavaScript Challenge Weekend starts now,spam
💡 Special Coding Event: 48 hours of NodeJS challenges and certification,spam
🟢 Free Dev Weekend: Practice SQL and Backend exercises for 2 days only,spam
⚡ Dev Challenge Weekend – Improve your JavaScript skills with real coding tests,spam
🎯 Join our React Developer Challenge this weekend and earn certificates,spam
🔥 Limited Time Coding Bootcamp: 48 hours to test your programming skills,spam
💻 Join our Dev Skill Challenge Weekend and unlock new certificates,spam
Recruiter recommendation: Java Developer opportunity in Hanoi,not spam
Your job alert: 3 new ReactJS Developer jobs available in Ha Noi,not spam
New opportunity: Backend Developer position using Java and Spring Boot,not spam
Based on your profile we found new Java Developer jobs in Hanoi,not spam
A recruiter viewed your profile and suggested new Java opportunities,not spam
Your weekly job alert: 5 new software developer jobs in Ha Noi,not spam
Job recommendation: Full Stack Developer (ReactJS + Java),not spam
Hiring now: Java Backend Developer with Spring Boot experience,not spam
New tech jobs matching your skills are available in Hanoi,not spam
Your job digest: Latest Java and ReactJS jobs this week,not spam
A company is interested in your Java Backend profile,not spam
Your job alert subscription found new positions for Java developers,not spam
Recommended job: Backend Engineer (Java + Spring Boot),not spam
Latest hiring update for software engineers in Hanoi,not spam
New ReactJS Developer opportunity posted today,not spam
Job Robot update: 4 new developer jobs available near you,not spam
Your job subscription found new backend developer opportunities,not spam
Software engineer jobs matching your profile were posted today,not spam
Tech companies in Hanoi are hiring Java developers now,not spam
Latest backend developer openings in your area,not spam
Your personalized job alert for Java and SQL developers,not spam
Recruiter message: We found a job matching your skills,not spam
Your job notification: Software engineer opportunities available,not spam
New developer positions posted today in Hanoi,not spam
🟢 Live Now: JavaScript Free Weekend by Certificates.dev – 48 hours coding challenge and quizzes,spam
🚀 ReactJS Coding Bootcamp Free Weekend – Practice projects for 2 days only,spam
🔥 NodeJS Developer Challenge Weekend – Join now and earn certificates,spam
⚡ Limited Event: Full Stack JavaScript coding marathon starts now,spam
💡 Free Coding Weekend: SQL and Backend exercises for developers,spam
🎯 Dev Skill Challenge – Complete coding quizzes in 48 hours,spam
🔥 Exclusive Dev Bootcamp – Coding challenges and certification available,spam
⚡ 48 Hour Coding Marathon – Improve your development skills now,spam
💻 Join our developer challenge and unlock a certificate this weekend,spam
🚀 Free React Developer Practice Weekend – Coding exercises and theory,spam
🎯 Dev Coding Event – Solve algorithm problems and earn badges,spam
🔥 JavaScript Skill Challenge – 48 hours to prove your coding ability,spam
💡 Special Programming Event – Practice backend development skills,spam
⚡ Coding Weekend Event for developers worldwide,spam
Recruiter suggestion: Java Developer job available in Hanoi,not spam
Your job alert: 3 new ReactJS Developer jobs in Ha Noi,not spam
New job matches for your profile: Java Developer and Backend Engineer,not spam
A recruiter viewed your profile and suggested new opportunities,not spam
Your weekly job alert: Latest software developer jobs in Hanoi,not spam
Your job digest: Latest Java developer openings this week,not spam
A company is interested in your software engineer profile,not spam
Your job subscription found new developer positions today,not spam
Tech companies in Hanoi are hiring backend developers,not spam
Recruiter message: We found a position matching your skills,not spam
Latest hiring update for software engineers,not spam
Company invitation: Apply for Java Backend Engineer role,not spam
Recruiter invitation: Backend developer interview opportunity,not spam
Your profile matched a Java developer position today,not spam
New opportunity: Software engineer job in Hanoi tech company,not spam
Job recommendation: Senior Java Backend Developer role,not spam
Backend developer vacancy posted today,not spam
Java developer job available at fintech company,not spam
Software engineer opening in Hanoi startup,not spam
Recruiter invitation: Apply for backend engineer position,not spam
New hiring alert for Java and Spring Boot developers,not spam
A company shortlisted your developer profile,not spam
Your developer profile received a recruiter message,not spam
Java developer job opening with Spring Boot experience,not spam
New tech job opportunity matching your profile,not spam
Backend developer position open at technology company,not spam
ReactJS developer job opening today,not spam
New software engineering jobs posted this week,not spam
Hiring update: Backend engineers needed in Hanoi,not spam
Recruiter contact: Interview opportunity for developer role,not spam
Your developer job alert has new results today,not spam
New opportunities for backend engineers available,not spam
Developer job digest for this week,not spam
Latest job openings for software engineers,not spam
Recruiter viewed your developer resume today,not spam
Company sent you a message regarding a developer position,not spam
New job recommendations based on your developer profile,not spam
Backend engineer opportunity at fintech startup,not spam
Java developer hiring update this week,not spam
Tech hiring alert for backend developers,not spam
New developer jobs available in Hanoi today,not spam
Recruiter recommended a software engineering role for you,not spam
Developer hiring update from tech companies,not spam
Java backend developer job listing updated,not spam
Backend engineer hiring notice from recruiter,not spam
Software engineering opportunities posted today,not spam
Company searching for experienced Java developer,not spam
ReactJS developer role open at technology firm,not spam
Hiring alert for full stack developers,not spam
Tech company inviting you to apply for developer role,not spam
Developer hiring news for software engineers,not spam
Job notification: backend developer position open,not spam
New developer hiring announcements today,not spam
Software engineering job recommendation sent to you,not spam
Recruiter alert: new backend developer position open,not spam
Developer career opportunity available in Hanoi,not spam
Software engineer hiring update from recruiter,not spam
Backend developer opportunity posted today,not spam
Java engineer hiring update from technology company,not spam
Developer position open for Spring Boot engineers,not spam
Tech job opportunity recommended for your skills,not spam
Software developer jobs matching your experience,not spam
Backend developer hiring update from startup company,not spam
Java developer recruitment notice from company,not spam
Software engineer role open at fintech company,not spam
Tech hiring notification for developers today,not spam
New coding challenge event for developers this weekend,spam
Exclusive developer bootcamp invitation for coding practice,spam
Join our weekend coding competition for programmers,spam
Free developer certification challenge event today,spam
Special programming contest event with prizes,spam
48 hour coding competition for developers worldwide,spam
Programming skill contest event starting now,spam
Exclusive coding bootcamp event invitation,spam
Limited coding challenge event with certificates,spam
Developer practice marathon event available now,spam
Free developer training event this weekend,spam
Join coding practice challenge and earn badges,spam
Programming quiz event for developers this weekend,spam
Special event for backend developers with coding challenges,spam
Join the global developer coding marathon event,spam
Biên lai chuyển tiền qua tài khoản (Payment Receipt) Ngày giờ giao dịch 12:02 Thứ Bảy 07/02/2026 Số lệnh giao dịch 12927245139 Tài khoản nguồn 1039973806 Số tiền 2.500.000 VND,not spam
Biên lai giao dịch ngân hàng Ngày giờ 09:15 08/02/2026 Mã giao dịch 9827364521 Tài khoản nguồn 1045678921 Số tiền 1.200.000 VND,not spam
Xác nhận chuyển khoản thành công Ngày giờ giao dịch 14:32 09/02/2026 Số lệnh 8736452198 Tài khoản nguồn 1034456782 Số tiền 3.750.000 VND,not spam
Biên nhận thanh toán Ngày giờ 18:40 10/02/2026 Mã giao dịch 5637281940 Tài khoản nguồn 1056782345 Số tiền 980.000 VND,not spam
Payment Receipt Transaction Time 11:20 11/02/2026 Order Number 4573628194 Debit Account 1034567890 Amount 2.150.000 VND,not spam
Thông báo giao dịch thành công Ngày giờ 16:12 12/02/2026 Số giao dịch 9182736451 Tài khoản nguồn 1067823451 Số tiền 5.000.000 VND,not spam
Biên lai chuyển khoản Ngày giờ giao dịch 08:55 13/02/2026 Mã giao dịch 6473829102 Tài khoản nguồn 1023456789 Số tiền 1.450.000 VND,not spam
Payment confirmation Transaction Date Time 19:30 14/02/2026 Order Number 7654321987 Debit Account 1082345678 Amount 670.000 VND,not spam
Biên nhận chuyển tiền Ngày giờ 07:42 15/02/2026 Mã lệnh giao dịch 2837465190 Tài khoản nguồn 1076543219 Số tiền 2.900.000 VND,not spam
Transaction Receipt Date Time 13:05 16/02/2026 Order Number 9182736450 Debit Account 1012345678 Amount 750.000 VND,not spam
Biên lai giao dịch ngân hàng Ngày giờ 20:18 17/02/2026 Mã giao dịch 7364528190 Tài khoản nguồn 1045567892 Số tiền 4.200.000 VND,not spam
Xác nhận thanh toán hóa đơn Ngày giờ 09:50 18/02/2026 Số giao dịch 3746519280 Tài khoản nguồn 1039876543 Số tiền 320.000 VND,not spam
Payment Receipt Transaction Date 11:33 19/02/2026 Order Number 8473625190 Debit Account 1098765432 Amount 1.870.000 VND,not spam
Biên nhận giao dịch chuyển tiền Ngày giờ 17:12 20/02/2026 Mã giao dịch 5627381946 Tài khoản nguồn 1054321987 Số tiền 2.350.000 VND,not spam
Transaction Confirmation Date Time 21:04 21/02/2026 Order Number 9283746510 Debit Account 1045678234 Amount 1.640.000 VND,not spam
Biên lai thanh toán Ngày giờ giao dịch 10:16 22/02/2026 Số giao dịch 3829107465 Tài khoản nguồn 1038745621 Số tiền 560.000 VND,not spam
Payment Receipt Transaction Time 15:48 23/02/2026 Order Number 6738291045 Debit Account 1023987654 Amount 3.400.000 VND,not spam
Biên nhận chuyển khoản thành công Ngày giờ 12:11 24/02/2026 Mã giao dịch 3847562190 Tài khoản nguồn 1019876543 Số tiền 2.780.000 VND,not spam
Transaction Receipt Date Time 08:25 25/02/2026 Order Number 9283746519 Debit Account 1087654321 Amount 1.120.000 VND,not spam
Biên lai giao dịch ngân hàng Ngày giờ 19:44 26/02/2026 Số lệnh 8372619450 Tài khoản nguồn 1065432198 Số tiền 6.200.000 VND,not spam
Payment Receipt Transaction Date Time 18:54 13/04/2026 Order Number 21870321604 Debit Account 1034234785 Amount 1.998.347 VND,not spam
Biên nhận thanh toán ngân hàng Ngày giờ 14:30 25/03/2026 Số giao dịch 23786650925 Tài khoản nguồn 1065479012 Số tiền 495.591 VND,not spam
Biên nhận thanh toán ngân hàng Ngày giờ 13:38 08/04/2026 Số giao dịch 13294916953 Tài khoản nguồn 1093393106 Số tiền 7.492.357 VND,not spam
Xác nhận chuyển khoản thành công Thời gian 23:51 30/01/2026 Mã giao dịch 11363349907 Tài khoản nguồn 1002996023 Số tiền 446.910 VND,not spam
Transaction Receipt Date Time 00:56 18/02/2026 Order Number 38718229497 Debit Account 1056655527 Amount 507.223 VND,not spam
Transaction Receipt Date Time 07:48 26/02/2026 Order Number 78458201071 Debit Account 1074203556 Amount 3.930.508 VND,not spam
Xác nhận chuyển khoản thành công Thời gian 07:43 29/01/2026 Mã giao dịch 73397787802 Tài khoản nguồn 1038893829 Số tiền 380.537 VND,not spam
Biên nhận thanh toán ngân hàng Ngày giờ 17:59 24/03/2026 Số giao dịch 31904334399 Tài khoản nguồn 1084470316 Số tiền 4.992.605 VND,not spam
Biên lai chuyển tiền qua tài khoản Ngày giờ giao dịch 23:21 25/04/2026 Số lệnh giao dịch 81774022135 Tài khoản nguồn 1056654242 Số tiền 8.538.081 VND,not spam
Payment Receipt Transaction Date Time 09:18 17/03/2026 Order Number 82760669349 Debit Account 1052795029 Amount 599.247 VND,not spam
Biên nhận thanh toán ngân hàng Ngày giờ 07:47 13/04/2026 Số giao dịch 67570979005 Tài khoản nguồn 1089220365 Số tiền 2.922.582 VND,not spam
Xác nhận chuyển khoản thành công Thời gian 17:56 31/03/2026 Mã giao dịch 60415251536 Tài khoản nguồn 1011605483 Số tiền 7.384.554 VND,not spam
Transaction Receipt Date Time 03:49 21/01/2026 Order Number 58933658041 Debit Account 1065725551 Amount 516.185 VND,not spam
Biên nhận thanh toán ngân hàng Ngày giờ 01:19 01/04/2026 Số giao dịch 89950003237 Tài khoản nguồn 1077601456 Số tiền 6.623.506 VND,not spam
Payment Receipt Transaction Date Time 05:32 30/01/2026 Order Number 14217987067 Debit Account 1026778633 Amount 3.915.269 VND,not spam
Biên nhận thanh toán ngân hàng Ngày giờ 16:22 19/04/2026 Số giao dịch 59726250062 Tài khoản nguồn 1061623617 Số tiền 4.537.759 VND,not spam
Transaction Receipt Date Time 19:46 01/01/2026 Order Number 79274598799 Debit Account 1075344177 Amount 3.467.470 VND,not spam
Biên nhận thanh toán ngân hàng Ngày giờ 01:30 22/04/2026 Số giao dịch 88875940716 Tài khoản nguồn 1074410468 Số tiền 3.372.749 VND,not spam
Transaction Receipt Date Time 13:31 15/04/2026 Order Number 67366976067 Debit Account 1046449792 Amount 46.587 VND,not spam
Transaction Receipt Date Time 17:39 11/04/2026 Order Number 55580136270 Debit Account 1061491422 Amount 489.342 VND,not spam
Payment Receipt Transaction Date Time 20:11 12/03/2026 Order Number 33985076817 Debit Account 1012294532 Amount 4.303.123 VND,not spam
Biên lai chuyển tiền qua tài khoản Ngày giờ giao dịch 21:04 11/01/2026 Số lệnh giao dịch 13728367029 Tài khoản nguồn 1060800468 Số tiền 264.275 VND,not spam
Xác nhận chuyển khoản thành công Thời gian 07:17 15/01/2026 Mã giao dịch 95028703294 Tài khoản nguồn 1024777959 Số tiền 5.798.456 VND,not spam
Xác nhận chuyển khoản thành công Thời gian 02:10 21/01/2026 Mã giao dịch 79815621615 Tài khoản nguồn 1022568032 Số tiền 4.598.744 VND,not spam
Xác nhận chuyển khoản thành công Thời gian 14:44 11/02/2026 Mã giao dịch 76556933470 Tài khoản nguồn 1015326409 Số tiền 416.522 VND,not spam
Xác nhận chuyển khoản thành công Thời gian 12:21 23/02/2026 Mã giao dịch 39189469664 Tài khoản nguồn 1034684657 Số tiền 1.844.718 VND,not spam
Xác nhận chuyển khoản thành công Thời gian 23:32 27/01/2026 Mã giao dịch 95751442360 Tài khoản nguồn 1057935826 Số tiền 369.269 VND,not spam
Payment Receipt Transaction Date Time 00:25 19/01/2026 Order Number 35597546888 Debit Account 1059816615 Amount 8.514.460 VND,not spam
Biên nhận thanh toán ngân hàng Ngày giờ 17:53 29/01/2026 Số giao dịch 81704697599 Tài khoản nguồn 1060511395 Số tiền 3.764.603 VND,not spam
Transaction Receipt Date Time 20:01 20/02/2026 Order Number 90208095831 Debit Account 1043116882 Amount 7.172.116 VND,not spam
Biên lai chuyển tiền qua tài khoản Ngày giờ giao dịch 23:19 17/01/2026 Số lệnh giao dịch 39926916852 Tài khoản nguồn 1006367312 Số tiền 5.160.314 VND,not spam
Biên lai chuyển tiền qua tài khoản Ngày giờ giao dịch 02:19 28/04/2026 Số lệnh giao dịch 52688918782 Tài khoản nguồn 1099836799 Số tiền 2.674.279 VND,not spam
Biên nhận thanh toán ngân hàng Ngày giờ 18:16 17/01/2026 Số giao dịch 83050866464 Tài khoản nguồn 1005089070 Số tiền 3.670.560 VND,not spam
Transaction Receipt Date Time 14:10 16/04/2026 Order Number 94628134991 Debit Account 1068299878 Amount 647.860 VND,not spam
Biên nhận thanh toán ngân hàng Ngày giờ 06:22 13/01/2026 Số giao dịch 88193151352 Tài khoản nguồn 1090483285 Số tiền 7.283.697 VND,not spam
Transaction Receipt Date Time 06:31 14/01/2026 Order Number 50330002940 Debit Account 1067660145 Amount 8.405.251 VND,not spam
Biên lai chuyển tiền qua tài khoản Ngày giờ giao dịch 10:39 22/04/2026 Số lệnh giao dịch 11208396417 Tài khoản nguồn 1021067525 Số tiền 3.389.754 VND,not spam
Xác nhận chuyển khoản thành công Thời gian 18:50 18/01/2026 Mã giao dịch 67290979564 Tài khoản nguồn 1028592375 Số tiền 4.491.722 VND,not spam
Biên lai chuyển tiền qua tài khoản Ngày giờ giao dịch 12:59 12/03/2026 Số lệnh giao dịch 85965559798 Tài khoản nguồn 1065028317 Số tiền 8.954.210 VND,not spam
Payment Receipt Transaction Date Time 02:46 06/01/2026 Order Number 27543568029 Debit Account 1022775962 Amount 2.814.288 VND,not spam
Transaction Receipt Date Time 06:17 08/04/2026 Order Number 93031310557 Debit Account 1067899202 Amount 4.303.076 VND,not spam
Xác nhận chuyển khoản thành công Thời gian 10:21 15/01/2026 Mã giao dịch 41315531224 Tài khoản nguồn 1081065162 Số tiền 8.220.582 VND,not spam
Payment Receipt Transaction Date Time 18:35 09/04/2026 Order Number 53397530671 Debit Account 1005252986 Amount 6.841.598 VND,not spam
Biên lai chuyển tiền qua tài khoản Ngày giờ giao dịch 12:55 11/04/2026 Số lệnh giao dịch 53486617968 Tài khoản nguồn 1015393345 Số tiền 6.362.452 VND,not spam
Biên lai chuyển tiền qua tài khoản Ngày giờ giao dịch 18:35 29/01/2026 Số lệnh giao dịch 21020742274 Tài khoản nguồn 1035799041 Số tiền 6.141.868 VND,not spam
Xác nhận chuyển khoản thành công Thời gian 18:34 29/04/2026 Mã giao dịch 70620526079 Tài khoản nguồn 1037202841 Số tiền 1.827.420 VND,not spam
Biên lai chuyển tiền qua tài khoản Ngày giờ giao dịch 09:00 20/03/2026 Số lệnh giao dịch 12879396074 Tài khoản nguồn 1012305500 Số tiền 6.957.956 VND,not spam
Biên lai chuyển tiền qua tài khoản Ngày giờ giao dịch 01:12 31/01/2026 Số lệnh giao dịch 68354831062 Tài khoản nguồn 1021745934 Số tiền 1.958.744 VND,not spam
Biên nhận thanh toán ngân hàng Ngày giờ 05:43 31/01/2026 Số giao dịch 26514230454 Tài khoản nguồn 1058398513 Số tiền 6.366.439 VND,not spam
Transaction Receipt Date Time 09:35 02/02/2026 Order Number 77480855182 Debit Account 1042206072 Amount 1.699.888 VND,not spam
Payment Receipt Transaction Date Time 20:20 06/01/2026 Order Number 10117091761 Debit Account 1039668030 Amount 5.392.924 VND,not spam
Biên nhận thanh toán ngân hàng Ngày giờ 12:20 21/02/2026 Số giao dịch 18860366315 Tài khoản nguồn 1042593933 Số tiền 7.668.027 VND,not spam
Biên lai chuyển tiền qua tài khoản Ngày giờ giao dịch 08:13 11/04/2026 Số lệnh giao dịch 77380262148 Tài khoản nguồn 1088829913 Số tiền 5.989.786 VND,not spam
Xác nhận chuyển khoản thành công Thời gian 05:34 27/01/2026 Mã giao dịch 37089737942 Tài khoản nguồn 1033068724 Số tiền 6.067.575 VND,not spam
Biên lai chuyển tiền qua tài khoản Ngày giờ giao dịch 08:05 07/04/2026 Số lệnh giao dịch 20513660068 Tài khoản nguồn 1087511372 Số tiền 5.705.526 VND,not spam
Payment Receipt Transaction Date Time 12:19 06/01/2026 Order Number 32880327659 Debit Account 1042511471 Amount 5.100.297 VND,not spam
Payment Receipt Transaction Date Time 10:06 11/03/2026 Order Number 89935318890 Debit Account 1079988738 Amount 1.564.240 VND,not spam
Payment Receipt Transaction Date Time 07:01 14/04/2026 Order Number 62586545772 Debit Account 1009707637 Amount 4.517.364 VND,not spam
Transaction Receipt Date Time 02:46 10/01/2026 Order Number 95991748181 Debit Account 1001331032 Amount 4.899.175 VND,not spam
Xác nhận chuyển khoản thành công Thời gian 15:30 21/04/2026 Mã giao dịch 30869740410 Tài khoản nguồn 1013547193 Số tiền 8.432.592 VND,not spam
Xác nhận chuyển khoản thành công Thời gian 02:32 27/03/2026 Mã giao dịch 32218905689 Tài khoản nguồn 1020073997 Số tiền 2.394.616 VND,not spam
Xác nhận chuyển khoản thành công Thời gian 09:06 01/04/2026 Mã giao dịch 95552986617 Tài khoản nguồn 1039391493 Số tiền 2.138.959 VND,not spam
Payment Receipt Transaction Date Time 04:34 27/04/2026 Order Number 17398633291 Debit Account 1042422019 Amount 3.466.613 VND,not spam
Payment Receipt Transaction Date Time 09:27 10/03/2026 Order Number 14973129513 Debit Account 1095942113 Amount 4.168.953 VND,not spam
Xác nhận chuyển khoản thành công Thời gian 02:43 27/02/2026 Mã giao dịch 69305993469 Tài khoản nguồn 1073721762 Số tiền 4.217.991 VND,not spam
Transaction Receipt Date Time 14:54 10/03/2026 Order Number 11946950245 Debit Account 1053111356 Amount 5.701.925 VND,not spam
Payment Receipt Transaction Date Time 08:31 04/01/2026 Order Number 99305543052 Debit Account 1055926363 Amount 337.273 VND,not spam
Biên lai chuyển tiền qua tài khoản Ngày giờ giao dịch 22:22 16/03/2026 Số lệnh giao dịch 87903337078 Tài khoản nguồn 1016794532 Số tiền 2.343.573 VND,not spam
Xác nhận chuyển khoản thành công Thời gian 08:25 14/03/2026 Mã giao dịch 33197471229 Tài khoản nguồn 1082200966 Số tiền 1.517.320 VND,not spam
Payment Receipt Transaction Date Time 15:00 23/01/2026 Order Number 55220429645 Debit Account 1067229608 Amount 7.373.738 VND,not spam
Payment Receipt Transaction Date Time 07:20 05/03/2026 Order Number 77374934482 Debit Account 1030207321 Amount 6.936.342 VND,not spam
Xác nhận chuyển khoản thành công Thời gian 17:39 27/04/2026 Mã giao dịch 47166103149 Tài khoản nguồn 1086760376 Số tiền 3.702.081 VND,not spam
Biên lai chuyển tiền qua tài khoản Ngày giờ giao dịch 02:48 07/03/2026 Số lệnh giao dịch 33058348507 Tài khoản nguồn 1068670059 Số tiền 3.439.938 VND,not spam
Xác nhận chuyển khoản thành công Thời gian 09:44 08/02/2026 Mã giao dịch 86660833131 Tài khoản nguồn 1049877231 Số tiền 2.791.238 VND,not spam
Biên nhận thanh toán ngân hàng Ngày giờ 19:05 20/04/2026 Số giao dịch 89516815109 Tài khoản nguồn 1050626619 Số tiền 2.977.418 VND,not spam
Payment Receipt Transaction Date Time 08:27 28/01/2026 Order Number 91353953232 Debit Account 1096582764 Amount 894.650 VND,not spam
Biên nhận thanh toán ngân hàng Ngày giờ 21:25 02/04/2026 Số giao dịch 59980418121 Tài khoản nguồn 1051536475 Số tiền 8.661.202 VND,not spam
Payment Receipt Transaction Date Time 17:46 06/01/2026 Order Number 96995352519 Debit Account 1013562223 Amount 4.508.345 VND,not spam
Biên lai chuyển tiền qua tài khoản Ngày giờ giao dịch 04:49 20/03/2026 Số lệnh giao dịch 21598163060 Tài khoản nguồn 1059734771 Số tiền 4.063.146 VND,not spam
Biên nhận thanh toán ngân hàng Ngày giờ 13:25 22/01/2026 Số giao dịch 56858454709 Tài khoản nguồn 1058804672 Số tiền 2.139.466 VND,not spam
Transaction Receipt Date Time 15:13 16/01/2026 Order Number 93456628376 Debit Account 1071679587 Amount 6.868.863 VND,not spam
Biên lai chuyển tiền qua tài khoản Ngày giờ giao dịch 21:18 05/02/2026 Số lệnh giao dịch 62605688746 Tài khoản nguồn 1075077924 Số tiền 87.259 VND,not spam
Payment Receipt Transaction Date Time 16:28 16/03/2026 Order Number 10090343240 Debit Account 1084225192 Amount 4.084.099 VND,not spam
Xác nhận chuyển khoản thành công Thời gian 06:11 06/02/2026 Mã giao dịch 83651862040 Tài khoản nguồn 1026903574 Số tiền 4.603.966 VND,not spam
Xác nhận chuyển khoản thành công Thời gian 18:48 02/02/2026 Mã giao dịch 83735910768 Tài khoản nguồn 1047909746 Số tiền 8.254.413 VND,not spam
Biên nhận thanh toán ngân hàng Ngày giờ 03:49 27/01/2026 Số giao dịch 37415877427 Tài khoản nguồn 1038124202 Số tiền 1.834.274 VND,not spam
Biên lai chuyển tiền qua tài khoản Ngày giờ giao dịch 03:36 06/04/2026 Số lệnh giao dịch 83071206295 Tài khoản nguồn 1039783826 Số tiền 2.311.667 VND,not spam
Biên lai chuyển tiền qua tài khoản Ngày giờ giao dịch 16:23 15/03/2026 Số lệnh giao dịch 52114211184 Tài khoản nguồn 1058675854 Số tiền 8.459.484 VND,not spam
Xác nhận chuyển khoản thành công Thời gian 16:20 01/01/2026 Mã giao dịch 70661691944 Tài khoản nguồn 1096363986 Số tiền 7.562.233 VND,not spam
Xác nhận chuyển khoản thành công Thời gian 09:34 21/02/2026 Mã giao dịch 76878718356 Tài khoản nguồn 1015179403 Số tiền 6.354.375 VND,not spam
Biên nhận thanh toán ngân hàng Ngày giờ 06:35 01/01/2026 Số giao dịch 48632504301 Tài khoản nguồn 1085299789 Số tiền 8.592.489 VND,not spam
Payment Receipt Transaction Date Time 14:38 17/04/2026 Order Number 68054696998 Debit Account 1099942629 Amount 5.142.697 VND,not spam
Payment Receipt Transaction Date Time 14:39 27/03/2026 Order Number 38050243206 Debit Account 1048240808 Amount 8.848.015 VND,not spam
Biên lai chuyển tiền qua tài khoản Ngày giờ giao dịch 21:24 16/03/2026 Số lệnh giao dịch 54690217368 Tài khoản nguồn 1083433072 Số tiền 1.156.584 VND,not spam
Biên nhận thanh toán ngân hàng Ngày giờ 23:15 23/03/2026 Số giao dịch 97148691790 Tài khoản nguồn 1002788550 Số tiền 6.848.309 VND,not spam
Payment Receipt Transaction Date Time 20:49 30/04/2026 Order Number 94937605927 Debit Account 1001359366 Amount 5.882.799 VND,not spam
Xác nhận chuyển khoản thành công Thời gian 22:26 22/04/2026 Mã giao dịch 85956635915 Tài khoản nguồn 1040757742 Số tiền 2.571.310 VND,not spam
Biên nhận thanh toán ngân hàng Ngày giờ 08:31 22/01/2026 Số giao dịch 80725667257 Tài khoản nguồn 1006091882 Số tiền 4.563.613 VND,not spam
Transaction Receipt Date Time 03:47 17/03/2026 Order Number 20404978380 Debit Account 1047671092 Amount 1.144.055 VND,not spam
Biên nhận thanh toán ngân hàng Ngày giờ 00:10 06/03/2026 Số giao dịch 61939269037 Tài khoản nguồn 1085358780 Số tiền 4.647.082 VND,not spam
Transaction Receipt Date Time 09:13 09/03/2026 Order Number 40956871552 Debit Account 1044821396 Amount 4.534.232 VND,not spam
Biên lai chuyển tiền qua tài khoản Ngày giờ giao dịch 02:44 17/04/2026 Số lệnh giao dịch 82629356322 Tài khoản nguồn 1088420619 Số tiền 6.197.507 VND,not spam
Biên nhận thanh toán ngân hàng Ngày giờ 16:35 05/04/2026 Số giao dịch 31688478384 Tài khoản nguồn 1039846056 Số tiền 4.545.832 VND,not spam
Xác nhận chuyển khoản thành công Thời gian 19:47 30/01/2026 Mã giao dịch 84700472660 Tài khoản nguồn 1053648925 Số tiền 2.911.770 VND,not spam
Biên nhận thanh toán ngân hàng Ngày giờ 08:55 20/03/2026 Số giao dịch 45314589313 Tài khoản nguồn 1081866134 Số tiền 4.117.456 VND,not spam
Biên lai chuyển tiền qua tài khoản Ngày giờ giao dịch 19:25 10/02/2026 Số lệnh giao dịch 69820294336 Tài khoản nguồn 1033343239 Số tiền 4.534.605 VND,not spam
Payment Receipt Transaction Date Time 02:40 04/04/2026 Order Number 91488628530 Debit Account 1059535837 Amount 2.506.049 VND,not spam
Transaction Receipt Date Time 08:29 09/03/2026 Order Number 27877955117 Debit Account 1018535198 Amount 7.413.406 VND,not spam
Xác nhận chuyển khoản thành công Thời gian 09:48 21/02/2026 Mã giao dịch 23917814055 Tài khoản nguồn 1096389554 Số tiền 3.479.280 VND,not spam
Xác nhận chuyển khoản thành công Thời gian 02:06 30/01/2026 Mã giao dịch 54654808714 Tài khoản nguồn 1066083641 Số tiền 1.697.288 VND,not spam
Payment Receipt Transaction Date Time 01:03 14/04/2026 Order Number 12566301252 Debit Account 1029065894 Amount 602.394 VND,not spam
Biên nhận thanh toán ngân hàng Ngày giờ 22:33 15/04/2026 Số giao dịch 95414777490 Tài khoản nguồn 1059362806 Số tiền 5.765.242 VND,not spam
Xác nhận chuyển khoản thành công Thời gian 03:39 30/03/2026 Mã giao dịch 23626591771 Tài khoản nguồn 1029805080 Số tiền 6.725.949 VND,not spam
Payment Receipt Transaction Date Time 15:28 18/02/2026 Order Number 34698692588 Debit Account 1031100571 Amount 3.975.006 VND,not spam
Xác nhận chuyển khoản thành công Thời gian 14:35 16/03/2026 Mã giao dịch 37443095041 Tài khoản nguồn 1060625732 Số tiền 4.346.423 VND,not spam
Xác nhận chuyển khoản thành công Thời gian 15:37 15/01/2026 Mã giao dịch 39676020974 Tài khoản nguồn 1010583386 Số tiền 795.408 VND,not spam
Biên lai chuyển tiền qua tài khoản Ngày giờ giao dịch 00:54 03/03/2026 Số lệnh giao dịch 51146876593 Tài khoản nguồn 1026291143 Số tiền 6.729.688 VND,not spam
Payment Receipt Transaction Date Time 20:09 12/04/2026 Order Number 13924225404 Debit Account 1002037566 Amount 6.517.342 VND,not spam
Payment Receipt Transaction Date Time 21:34 08/01/2026 Order Number 63965165037 Debit Account 1034113940 Amount 2.200.683 VND,not spam
Biên lai chuyển tiền qua tài khoản Ngày giờ giao dịch 14:41 18/04/2026 Số lệnh giao dịch 14356993072 Tài khoản nguồn 1072072317 Số tiền 1.040.923 VND,not spam
Transaction Receipt Date Time 04:02 30/04/2026 Order Number 66338961723 Debit Account 1012218874 Amount 3.209.532 VND,not spam
Biên lai chuyển tiền qua tài khoản Ngày giờ giao dịch 15:40 17/01/2026 Số lệnh giao dịch 47557832291 Tài khoản nguồn 1092176893 Số tiền 3.239.992 VND,not spam
Biên nhận thanh toán ngân hàng Ngày giờ 12:21 22/03/2026 Số giao dịch 97015361960 Tài khoản nguồn 1085309907 Số tiền 4.098.402 VND,not spam
Payment Receipt Transaction Date Time 01:37 30/04/2026 Order Number 90693691759 Debit Account 1023525218 Amount 5.885.562 VND,not spam
Biên nhận thanh toán ngân hàng Ngày giờ 19:44 13/03/2026 Số giao dịch 81461302969 Tài khoản nguồn 1008161060 Số tiền 5.946.174 VND,not spam
Transaction Receipt Date Time 13:34 26/01/2026 Order Number 68138416212 Debit Account 1088903899 Amount 1.195.820 VND,not spam
Xác nhận chuyển khoản thành công Thời gian 23:39 03/04/2026 Mã giao dịch 44670196714 Tài khoản nguồn 1023834178 Số tiền 1.640.128 VND,not spam
Payment Receipt Transaction Date Time 01:58 27/01/2026 Order Number 69504919781 Debit Account 1006027140 Amount 906.025 VND,not spam
Biên lai chuyển tiền qua tài khoản Ngày giờ giao dịch 16:30 06/03/2026 Số lệnh giao dịch 24475127255 Tài khoản nguồn 1041968199 Số tiền 693.067 VND,not spam
Payment Receipt Transaction Date Time 17:02 26/02/2026 Order Number 30032829173 Debit Account 1053041270 Amount 7.504.032 VND,not spam
Biên lai chuyển tiền qua tài khoản Ngày giờ giao dịch 23:33 04/02/2026 Số lệnh giao dịch 44747902910 Tài khoản nguồn 1043676344 Số tiền 1.459.238 VND,not spam
Xác nhận chuyển khoản thành công Thời gian 01:55 19/02/2026 Mã giao dịch 54070690003 Tài khoản nguồn 1098679800 Số tiền 2.201.120 VND,not spam
Xác nhận chuyển khoản thành công Thời gian 12:51 15/01/2026 Mã giao dịch 24189474470 Tài khoản nguồn 1057019765 Số tiền 4.136.960 VND,not spam
Transaction Receipt Date Time 17:13 12/02/2026 Order Number 56914086779 Debit Account 1068359790 Amount 6.581.438 VND,not spam
Transaction Receipt Date Time 15:06 17/01/2026 Order Number 80646249391 Debit Account 1074980221 Amount 8.745.472 VND,not spam
Transaction Receipt Date Time 00:57 17/04/2026 Order Number 52911610808 Debit Account 1099747740 Amount 2.654.558 VND,not spam
Payment Receipt Transaction Date Time 11:24 08/03/2026 Order Number 24277417827 Debit Account 1054962549 Amount 5.814.502 VND,not spam
Payment Receipt Transaction Date Time 18:04 06/01/2026 Order Number 99330871249 Debit Account 1071629556 Amount 5.282.176 VND,not spam
Biên nhận thanh toán ngân hàng Ngày giờ 09:20 15/02/2026 Số giao dịch 54120779081 Tài khoản nguồn 1069806990 Số tiền 8.426.339 VND,not spam
Biên lai chuyển tiền qua tài khoản Ngày giờ giao dịch 16:07 20/01/2026 Số lệnh giao dịch 56071279799 Tài khoản nguồn 1043964956 Số tiền 1.175.046 VND,not spam
Biên nhận thanh toán ngân hàng Ngày giờ 08:30 28/02/2026 Số giao dịch 61165450346 Tài khoản nguồn 1099540870 Số tiền 6.404.195 VND,not spam
Biên lai chuyển tiền qua tài khoản Ngày giờ giao dịch 18:51 08/01/2026 Số lệnh giao dịch 14872989240 Tài khoản nguồn 1070291397 Số tiền 8.277.284 VND,not spam
Transaction Receipt Date Time 08:50 01/02/2026 Order Number 90328413501 Debit Account 1045452681 Amount 6.086.268 VND,not spam
Xác nhận chuyển khoản thành công Thời gian 12:19 01/03/2026 Mã giao dịch 84476672832 Tài khoản nguồn 1068121147 Số tiền 2.835.175 VND,not spam
Biên lai chuyển tiền qua tài khoản Ngày giờ giao dịch 04:16 29/03/2026 Số lệnh giao dịch 88259166415 Tài khoản nguồn 1017905658 Số tiền 1.911.822 VND,not spam
Payment Receipt Transaction Date Time 13:46 21/03/2026 Order Number 36229097270 Debit Account 1035124453 Amount 1.140.268 VND,not spam
Transaction Receipt Date Time 16:41 11/01/2026 Order Number 22262777509 Debit Account 1029176347 Amount 2.928.619 VND,not spam
Transaction Receipt Date Time 13:01 17/03/2026 Order Number 78065051448 Debit Account 1095331954 Amount 4.780.575 VND,not spam
Payment Receipt Transaction Date Time 06:38 05/03/2026 Order Number 43899289421 Debit Account 1057102137 Amount 7.606.550 VND,not spam
Xác nhận chuyển khoản thành công Thời gian 17:58 01/05/2026 Mã giao dịch 48552926427 Tài khoản nguồn 1054668274 Số tiền 3.398.321 VND,not spam
Biên lai chuyển tiền qua tài khoản Ngày giờ giao dịch 23:34 09/04/2026 Số lệnh giao dịch 80354641866 Tài khoản nguồn 1065374209 Số tiền 1.301.996 VND,not spam
Biên nhận thanh toán ngân hàng Ngày giờ 19:56 07/03/2026 Số giao dịch 90729201201 Tài khoản nguồn 1078463361 Số tiền 7.160.334 VND,not spam
Biên lai chuyển tiền qua tài khoản Ngày giờ giao dịch 11:54 28/02/2026 Số lệnh giao dịch 35797296913 Tài khoản nguồn 1040178650 Số tiền 112.393 VND,not spam
Transaction Receipt Date Time 03:52 08/02/2026 Order Number 86349781503 Debit Account 1086576854 Amount 4.759.678 VND,not spam
Transaction Receipt Date Time 13:34 01/05/2026 Order Number 82814164258 Debit Account 1054801201 Amount 5.183.346 VND,not spam
Biên nhận thanh toán ngân hàng Ngày giờ 09:08 06/03/2026 Số giao dịch 89217164117 Tài khoản nguồn 1018834348 Số tiền 2.754.203 VND,not spam
Xác nhận chuyển khoản thành công Thời gian 20:00 24/02/2026 Mã giao dịch 16725525883 Tài khoản nguồn 1049440865 Số tiền 7.080.994 VND,not spam
Biên nhận thanh toán ngân hàng Ngày giờ 09:59 26/03/2026 Số giao dịch 12876237781 Tài khoản nguồn 1012143597 Số tiền 1.530.475 VND,not spam
Biên lai chuyển tiền qua tài khoản Ngày giờ giao dịch 12:17 01/03/2026 Số lệnh giao dịch 60601328343 Tài khoản nguồn 1085340553 Số tiền 8.096.893 VND,not spam
Xác nhận chuyển khoản thành công Thời gian 12:29 13/04/2026 Mã giao dịch 74924913736 Tài khoản nguồn 1047579749 Số tiền 2.447.583 VND,not spam
Biên nhận thanh toán ngân hàng Ngày giờ 04:01 23/01/2026 Số giao dịch 47856067815 Tài khoản nguồn 1049360709 Số tiền 2.152.697 VND,not spam
Transaction Receipt Date Time 09:26 03/02/2026 Order Number 82752684874 Debit Account 1038557656 Amount 7.079.077 VND,not spam
Xác nhận chuyển khoản thành công Thời gian 13:21 10/04/2026 Mã giao dịch 78349983323 Tài khoản nguồn 1028919125 Số tiền 8.263.930 VND,not spam
Biên nhận thanh toán ngân hàng Ngày giờ 22:27 12/01/2026 Số giao dịch 27456642004 Tài khoản nguồn 1027667591 Số tiền 2.529.927 VND,not spam
Payment Receipt Transaction Date Time 23:01 14/01/2026 Order Number 28267456908 Debit Account 1064395928 Amount 1.680.145 VND,not spam
Biên nhận thanh toán ngân hàng Ngày giờ 20:46 24/01/2026 Số giao dịch 13583559769 Tài khoản nguồn 1011967123 Số tiền 7.195.380 VND,not spam
Transaction Receipt Date Time 01:35 28/01/2026 Order Number 68130175514 Debit Account 1046533627 Amount 809.112 VND,not spam
Biên lai chuyển tiền qua tài khoản Ngày giờ giao dịch 23:35 28/03/2026 Số lệnh giao dịch 32672073137 Tài khoản nguồn 1064385980 Số tiền 819.855 VND,not spam
Payment Receipt Transaction Date Time 21:41 12/01/2026 Order Number 65260754942 Debit Account 1016614586 Amount 7.524.329 VND,not spam
Xác nhận chuyển khoản thành công Thời gian 21:32 05/03/2026 Mã giao dịch 65426889524 Tài khoản nguồn 1015590333 Số tiền 8.059.487 VND,not spam
Biên lai chuyển tiền qua tài khoản Ngày giờ giao dịch 04:24 20/03/2026 Số lệnh giao dịch 32338984175 Tài khoản nguồn 1069892892 Số tiền 4.341.970 VND,not spam
Biên nhận thanh toán ngân hàng Ngày giờ 23:56 30/04/2026 Số giao dịch 87275329441 Tài khoản nguồn 1038734237 Số tiền 8.282.385 VND,not spam
Transaction Receipt Date Time 06:50 08/04/2026 Order Number 55627828748 Debit Account 1065226376 Amount 1.745.694 VND,not spam
Biên lai chuyển tiền qua tài khoản Ngày giờ giao dịch 23:42 14/02/2026 Số lệnh giao dịch 15444015712 Tài khoản nguồn 1072549510 Số tiền 7.406.190 VND,not spam
Xác nhận chuyển khoản thành công Thời gian 03:14 07/03/2026 Mã giao dịch 45538984613 Tài khoản nguồn 1094792820 Số tiền 4.153.056 VND,not spam
Biên nhận thanh toán ngân hàng Ngày giờ 04:08 02/02/2026 Số giao dịch 66673427454 Tài khoản nguồn 1075275920 Số tiền 1.000.291 VND,not spam
Transaction Receipt Date Time 19:32 20/01/2026 Order Number 69897030201 Debit Account 1036260558 Amount 4.714.118 VND,not spam
Biên nhận thanh toán ngân hàng Ngày giờ 22:19 04/02/2026 Số giao dịch 37880034862 Tài khoản nguồn 1066942186 Số tiền 6.188.720 VND,not spam
Transaction Receipt Date Time 15:15 13/02/2026 Order Number 92360974895 Debit Account 1024320744 Amount 7.588.430 VND,not spam
Transaction Receipt Date Time 04:03 06/03/2026 Order Number 80119664594 Debit Account 1092624643 Amount 2.286.054 VND,not spam
Payment Receipt Transaction Date Time 10:39 05/03/2026 Order Number 55013005144 Debit Account 1015892330 Amount 2.166.179 VND,not spam
Payment Receipt Transaction Date Time 22:16 29/01/2026 Order Number 96277426577 Debit Account 1072319938 Amount 859.381 VND,not spam
Transaction Receipt Date Time 05:43 15/01/2026 Order Number 88281139120 Debit Account 1026763598 Amount 8.459.221 VND,not spam
Transaction Receipt Date Time 21:56 09/02/2026 Order Number 54763285383 Debit Account 1000568632 Amount 356.410 VND,not spam
Xác nhận chuyển khoản thành công Thời gian 19:14 11/01/2026 Mã giao dịch 43256149343 Tài khoản nguồn 1037604125 Số tiền 5.742.252 VND,not spam
Xác nhận chuyển khoản thành công Thời gian 19:46 08/03/2026 Mã giao dịch 11628980321 Tài khoản nguồn 1016328440 Số tiền 5.553.703 VND,not spam
Xác nhận chuyển khoản thành công Thời gian 04:07 02/02/2026 Mã giao dịch 16760313764 Tài khoản nguồn 1046573776 Số tiền 1.318.139 VND,not spam
Biên lai chuyển tiền qua tài khoản Ngày giờ giao dịch 23:06 08/02/2026 Số lệnh giao dịch 41426361559 Tài khoản nguồn 1036149884 Số tiền 8.905.666 VND,not spam
Biên lai chuyển tiền qua tài khoản Ngày giờ giao dịch 11:01 11/01/2026 Số lệnh giao dịch 58959737658 Tài khoản nguồn 1096643622 Số tiền 4.081.109 VND,not spam
Biên lai chuyển tiền qua tài khoản Ngày giờ giao dịch 21:21 05/02/2026 Số lệnh giao dịch 78753676908 Tài khoản nguồn 1043194980 Số tiền 1.902.606 VND,not spam
Xác nhận chuyển khoản thành công Thời gian 20:46 18/04/2026 Mã giao dịch 92145114682 Tài khoản nguồn 1036383717 Số tiền 6.817.506 VND,not spam
Biên lai chuyển tiền qua tài khoản Ngày giờ giao dịch 21:36 21/03/2026 Số lệnh giao dịch 81834935651 Tài khoản nguồn 1063832018 Số tiền 7.044.974 VND,not spam
Transaction Receipt Date Time 12:19 25/04/2026 Order Number 96841629650 Debit Account 1040623873 Amount 2.253.448 VND,not spam
Biên lai chuyển tiền qua tài khoản Ngày giờ giao dịch 19:32 15/01/2026 Số lệnh giao dịch 40817020530 Tài khoản nguồn 1028859927 Số tiền 7.311.583 VND,not spam
Xác nhận chuyển khoản thành công Thời gian 17:01 02/02/2026 Mã giao dịch 46674008225 Tài khoản nguồn 1071155037 Số tiền 4.411.350 VND,not spam
Biên nhận thanh toán ngân hàng Ngày giờ 04:25 01/04/2026 Số giao dịch 20194008923 Tài khoản nguồn 1087834934 Số tiền 6.112.519 VND,not spam
Transaction Receipt Date Time 17:54 13/04/2026 Order Number 81825438393 Debit Account 1091884012 Amount 530.256 VND,not spam
Transaction Receipt Date Time 09:28 29/03/2026 Order Number 27747711799 Debit Account 1009978671 Amount 2.401.132 VND,not spam
Payment Receipt Transaction Date Time 15:53 13/04/2026 Order Number 58685450216 Debit Account 1039237636 Amount 2.700.458 VND,not spam
Payment Receipt Transaction Date Time 12:53 26/02/2026 Order Number 24627112706 Debit Account 1080665561 Amount 2.455.104 VND,not spam
Xác nhận chuyển khoản thành công Thời gian 09:42 29/03/2026 Mã giao dịch 99332690987 Tài khoản nguồn 1081025097 Số tiền 157.318 VND,not spam
Transaction Receipt Date Time 00:58 15/04/2026 Order Number 29941255385 Debit Account 1050936479 Amount 1.716.899 VND,not spam
Biên nhận thanh toán ngân hàng Ngày giờ 00:49 25/02/2026 Số giao dịch 46173413852 Tài khoản nguồn 1049679902 Số tiền 6.872.333 VND,not spam
Biên nhận thanh toán ngân hàng Ngày giờ 19:29 07/01/2026 Số giao dịch 74850512918 Tài khoản nguồn 1005021653 Số tiền 29.902 VND,not spam
Biên lai chuyển tiền qua tài khoản Ngày giờ giao dịch 03:37 18/01/2026 Số lệnh giao dịch 80997716241 Tài khoản nguồn 1047820219 Số tiền 4.565.003 VND,not spam
Transaction Receipt Date Time 20:22 13/04/2026 Order Number 43060391596 Debit Account 1083455537 Amount 4.043.371 VND,not spam
Biên lai chuyển tiền qua tài khoản Ngày giờ giao dịch 17:22 22/04/2026 Số lệnh giao dịch 23566337966 Tài khoản nguồn 1005446357 Số tiền 5.282.988 VND,not spam
Biên nhận thanh toán ngân hàng Ngày giờ 23:22 02/02/2026 Số giao dịch 98723524701 Tài khoản nguồn 1007471526 Số tiền 7.315.952 VND,not spam
Biên nhận thanh toán ngân hàng Ngày giờ 12:22 07/02/2026 Số giao dịch 71595139505 Tài khoản nguồn 1093850444 Số tiền 4.013.982 VND,not spam
Transaction Receipt Date Time 16:09 08/01/2026 Order Number 33678341149 Debit Account 1072884778 Amount 8.197.875 VND,not spam
Xác nhận chuyển khoản thành công Thời gian 22:07 16/03/2026 Mã giao dịch 74517558547 Tài khoản nguồn 1028080247 Số tiền 6.449.677 VND,not spam
Payment Receipt Transaction Date Time 12:45 30/01/2026 Order Number 40492964255 Debit Account 1045044833 Amount 5.540.517 VND,not spam
Payment Receipt Transaction Date Time 21:29 06/04/2026 Order Number 59268286984 Debit Account 1066119027 Amount 3.270.889 VND,not spam
Biên nhận thanh toán ngân hàng Ngày giờ 14:25 11/03/2026 Số giao dịch 87826569424 Tài khoản nguồn 1065535523 Số tiền 4.490.401 VND,not spam
Payment Receipt Transaction Date Time 04:00 18/02/2026 Order Number 24665668482 Debit Account 1003519701 Amount 1.271.344 VND,not spam
Payment Receipt Transaction Date Time 14:49 18/02/2026 Order Number 81585170936 Debit Account 1038722272 Amount 2.629.041 VND,not spam
Payment Receipt Transaction Date Time 16:52 14/01/2026 Order Number 48426136402 Debit Account 1002521558 Amount 7.811.863 VND,not spam
Biên nhận thanh toán ngân hàng Ngày giờ 20:45 05/04/2026 Số giao dịch 83995271152 Tài khoản nguồn 1093349485 Số tiền 6.576.408 VND,not spam
Biên lai chuyển tiền qua tài khoản Ngày giờ giao dịch 17:51 01/02/2026 Số lệnh giao dịch 70052911013 Tài khoản nguồn 1021327853 Số tiền 3.024.006 VND,not spam
Xác nhận chuyển khoản thành công Thời gian 21:15 10/01/2026 Mã giao dịch 86343128232 Tài khoản nguồn 1074874239 Số tiền 2.720.267 VND,not spam
Payment Receipt Transaction Date Time 12:37 03/01/2026 Order Number 37973629957 Debit Account 1057368036 Amount 3.973.767 VND,not spam
Biên lai chuyển tiền qua tài khoản Ngày giờ giao dịch 16:46 25/01/2026 Số lệnh giao dịch 81727267491 Tài khoản nguồn 1092692711 Số tiền 1.315.550 VND,not spam
Payment Receipt Transaction Date Time 12:49 01/03/2026 Order Number 87820913751 Debit Account 1086421207 Amount 831.135 VND,not spam
Biên nhận thanh toán ngân hàng Ngày giờ 02:35 13/01/2026 Số giao dịch 16351928212 Tài khoản nguồn 1069588843 Số tiền 4.032.993 VND,not spam
Biên lai chuyển tiền qua tài khoản Ngày giờ giao dịch 00:54 09/02/2026 Số lệnh giao dịch 46363037123 Tài khoản nguồn 1097031015 Số tiền 6.991.923 VND,not spam
Payment Receipt Transaction Date Time 19:08 13/03/2026 Order Number 98195814570 Debit Account 1060221547 Amount 8.435.235 VND,not spam
Biên nhận thanh toán ngân hàng Ngày giờ 17:10 31/03/2026 Số giao dịch 75286592798 Tài khoản nguồn 1037370340 Số tiền 6.059.645 VND,not spam
Payment Receipt Transaction Date Time 08:36 05/02/2026 Order Number 35103411314 Debit Account 1096765365 Amount 1.423.640 VND,not spam
Xác nhận chuyển khoản thành công Thời gian 10:59 19/01/2026 Mã giao dịch 45469851991 Tài khoản nguồn 1033859664 Số tiền 5.881.181 VND,not spam
Biên nhận thanh toán ngân hàng Ngày giờ 08:36 01/03/2026 Số giao dịch 27237714587 Tài khoản nguồn 1017483440 Số tiền 4.260.002 VND,not spam
Payment Receipt Transaction Date Time 06:04 13/04/2026 Order Number 85502715138 Debit Account 1083003805 Amount 3.348.787 VND,not spam
Transaction Receipt Date Time 13:45 22/04/2026 Order Number 88339466933 Debit Account 1018682156 Amount 7.745.972 VND,not spam
Biên nhận thanh toán ngân hàng Ngày giờ 22:12 11/01/2026 Số giao dịch 27511223364 Tài khoản nguồn 1089563111 Số tiền 985.106 VND,not spam
Biên lai chuyển tiền qua tài khoản Ngày giờ giao dịch 23:25 18/02/2026 Số lệnh giao dịch 87899774747 Tài khoản nguồn 1080115108 Số tiền 2.187.208 VND,not spam
Transaction Receipt Date Time 17:04 29/04/2026 Order Number 28819124685 Debit Account 1038342135 Amount 3.415.905 VND,not spam
Biên nhận thanh toán ngân hàng Ngày giờ 11:47 18/04/2026 Số giao dịch 40830578183 Tài khoản nguồn 1039975572 Số tiền 2.432.598 VND,not spam
Xác nhận chuyển khoản thành công Thời gian 15:34 07/02/2026 Mã giao dịch 79099939378 Tài khoản nguồn 1040122393 Số tiền 3.523.672 VND,not spam
Biên nhận thanh toán ngân hàng Ngày giờ 00:18 13/04/2026 Số giao dịch 95084173815 Tài khoản nguồn 1079536718 Số tiền 1.748.709 VND,not spam
Transaction Receipt Date Time 11:48 26/02/2026 Order Number 92699151025 Debit Account 1007817937 Amount 893.497 VND,not spam
Xác nhận chuyển khoản thành công Thời gian 05:51 17/01/2026 Mã giao dịch 23328537613 Tài khoản nguồn 1058423970 Số tiền 4.145.504 VND,not spam
Payment Receipt Transaction Date Time 16:32 20/02/2026 Order Number 38810048767 Debit Account 1051515518 Amount 8.701.292 VND,not spam
Payment Receipt Transaction Date Time 22:37 02/02/2026 Order Number 13114143159 Debit Account 1096329486 Amount 2.048.222 VND,not spam
Payment Receipt Transaction Date Time 18:24 26/03/2026 Order Number 85084749860 Debit Account 1082353559 Amount 3.889.969 VND,not spam
Xác nhận chuyển khoản thành công Thời gian 01:40 22/01/2026 Mã giao dịch 86971694416 Tài khoản nguồn 1067493642 Số tiền 3.931.060 VND,not spam
Biên nhận thanh toán ngân hàng Ngày giờ 08:49 26/03/2026 Số giao dịch 63348612715 Tài khoản nguồn 1036504510 Số tiền 8.307.540 VND,not spam
Biên lai chuyển tiền qua tài khoản Ngày giờ giao dịch 21:53 17/04/2026 Số lệnh giao dịch 32031464343 Tài khoản nguồn 1075096550 Số tiền 286.278 VND,not spam
Biên nhận thanh toán ngân hàng Ngày giờ 01:31 28/01/2026 Số giao dịch 86150300049 Tài khoản nguồn 1045130695 Số tiền 4.104.945 VND,not spam
Biên lai chuyển tiền qua tài khoản Ngày giờ giao dịch 02:43 06/04/2026 Số lệnh giao dịch 37667212719 Tài khoản nguồn 1023249333 Số tiền 8.442.162 VND,not spam
Payment Receipt Transaction Date Time 16:24 08/03/2026 Order Number 37318338973 Debit Account 1031234953 Amount 6.055.290 VND,not spam
Transaction Receipt Date Time 02:21 26/04/2026 Order Number 70352014958 Debit Account 1005932395 Amount 2.985.874 VND,not spam
Payment Receipt Transaction Date Time 09:30 06/01/2026 Order Number 81224828083 Debit Account 1008707433 Amount 6.668.804 VND,not spam
Biên lai chuyển tiền qua tài khoản Ngày giờ giao dịch 12:50 07/03/2026 Số lệnh giao dịch 90926056702 Tài khoản nguồn 1086719007 Số tiền 5.074.953 VND,not spam
Biên nhận thanh toán ngân hàng Ngày giờ 08:57 15/02/2026 Số giao dịch 18309224854 Tài khoản nguồn 1074113830 Số tiền 8.025.356 VND,not spam
Biên lai chuyển tiền qua tài khoản Ngày giờ giao dịch 13:19 17/03/2026 Số lệnh giao dịch 56166374269 Tài khoản nguồn 1020051808 Số tiền 4.680.312 VND,not spam
Biên lai chuyển tiền qua tài khoản Ngày giờ giao dịch 19:50 12/04/2026 Số lệnh giao dịch 60576142691 Tài khoản nguồn 1055717830 Số tiền 6.580.151 VND,not spam
Transaction Receipt Date Time 00:36 16/03/2026 Order Number 14782488927 Debit Account 1077016211 Amount 8.904.363 VND,not spam
Biên lai chuyển tiền qua tài khoản Ngày giờ giao dịch 03:57 12/02/2026 Số lệnh giao dịch 16660992560 Tài khoản nguồn 1085558973 Số tiền 6.230.217 VND,not spam
Transaction Receipt Date Time 02:31 25/04/2026 Order Number 21314469621 Debit Account 1072422300 Amount 7.506.151 VND,not spam
Xác nhận chuyển khoản thành công Thời gian 16:58 14/04/2026 Mã giao dịch 12336827469 Tài khoản nguồn 1021570197 Số tiền 5.473.097 VND,not spam
Xác nhận chuyển khoản thành công Thời gian 06:09 25/04/2026 Mã giao dịch 29671825313 Tài khoản nguồn 1079132724 Số tiền 1.830.039 VND,not spam
Biên nhận thanh toán ngân hàng Ngày giờ 10:55 07/03/2026 Số giao dịch 92720098377 Tài khoản nguồn 1049457184 Số tiền 650.855 VND,not spam
Biên lai chuyển tiền qua tài khoản Ngày giờ giao dịch 20:15 15/04/2026 Số lệnh giao dịch 47754600940 Tài khoản nguồn 1053290995 Số tiền 4.782.311 VND,not spam
Transaction Receipt Date Time 19:05 10/01/2026 Order Number 34518263767 Debit Account 1035875756 Amount 6.962.379 VND,not spam
Biên lai chuyển tiền qua tài khoản Ngày giờ giao dịch 04:18 12/03/2026 Số lệnh giao dịch 99018120024 Tài khoản nguồn 1035273569 Số tiền 3.960.154 VND,not spam
Payment Receipt Transaction Date Time 03:17 03/04/2026 Order Number 16358362441 Debit Account 1098992163 Amount 8.612.423 VND,not spam
Xác nhận chuyển khoản thành công Thời gian 06:52 11/03/2026 Mã giao dịch 83337105323 Tài khoản nguồn 1042340132 Số tiền 5.718.639 VND,not spam
Xác nhận chuyển khoản thành công Thời gian 16:08 05/01/2026 Mã giao dịch 17505325070 Tài khoản nguồn 1003853342 Số tiền 5.312.825 VND,not spam
Biên nhận thanh toán ngân hàng Ngày giờ 23:10 24/04/2026 Số giao dịch 16687267095 Tài khoản nguồn 1094875629 Số tiền 8.842.538 VND,not spam
Biên nhận thanh toán ngân hàng Ngày giờ 05:57 26/01/2026 Số giao dịch 23884937902 Tài khoản nguồn 1078845100 Số tiền 2.201.801 VND,not spam
Transaction Receipt Date Time 16:07 03/04/2026 Order Number 71274566738 Debit Account 1026347161 Amount 947.673 VND,not spam
Xác nhận chuyển khoản thành công Thời gian 14:21 29/04/2026 Mã giao dịch 95744794807 Tài khoản nguồn 1097070826 Số tiền 5.970.545 VND,not spam
Payment Receipt Transaction Date Time 20:00 02/01/2026 Order Number 78640684797 Debit Account 1004330450 Amount 2.777.998 VND,not spam
Xác nhận chuyển khoản thành công Thời gian 17:02 02/01/2026 Mã giao dịch 22401155707 Tài khoản nguồn 1070370835 Số tiền 2.927.753 VND,not spam
Biên lai chuyển tiền qua tài khoản Ngày giờ giao dịch 16:12 27/01/2026 Số lệnh giao dịch 50557332409 Tài khoản nguồn 1032617654 Số tiền 8.248.962 VND,not spam
Transaction Receipt Date Time 11:20 20/02/2026 Order Number 99955721183 Debit Account 1009862111 Amount 3.295.606 VND,not spam
Transaction Receipt Date Time 05:12 29/03/2026 Order Number 51330720275 Debit Account 1078015507 Amount 7.171.122 VND,not spam
Transaction Receipt Date Time 15:23 03/01/2026 Order Number 12093109674 Debit Account 1014061700 Amount 7.275.633 VND,not spam
Transaction Receipt Date Time 10:21 10/01/2026 Order Number 68613105995 Debit Account 1026211855 Amount 8.647.207 VND,not spam
Biên nhận thanh toán ngân hàng Ngày giờ 19:36 26/03/2026 Số giao dịch 93655683001 Tài khoản nguồn 1091334029 Số tiền 7.570.991 VND,not spam
Transaction Receipt Date Time 15:10 17/04/2026 Order Number 82238776834 Debit Account 1040469536 Amount 6.670.897 VND,not spam
Transaction Receipt Date Time 17:16 02/02/2026 Order Number 11332484466 Debit Account 1081148704 Amount 789.203 VND,not spam
Biên nhận thanh toán ngân hàng Ngày giờ 14:57 15/02/2026 Số giao dịch 79716526763 Tài khoản nguồn 1059613615 Số tiền 3.528.914 VND,not spam
Biên nhận thanh toán ngân hàng Ngày giờ 10:44 22/03/2026 Số giao dịch 62161669760 Tài khoản nguồn 1058701369 Số tiền 930.167 VND,not spam
Biên lai chuyển tiền qua tài khoản Ngày giờ giao dịch 11:55 11/04/2026 Số lệnh giao dịch 13932098161 Tài khoản nguồn 1034333475 Số tiền 926.470 VND,not spam
Xác nhận chuyển khoản thành công Thời gian 12:00 11/02/2026 Mã giao dịch 50107086536 Tài khoản nguồn 1079079181 Số tiền 854.523 VND,not spam
Payment Receipt Transaction Date Time 22:05 12/02/2026 Order Number 21362064045 Debit Account 1017228837 Amount 4.957.345 VND,not spam
Biên nhận thanh toán ngân hàng Ngày giờ 19:21 30/01/2026 Số giao dịch 34436812988 Tài khoản nguồn 1067669174 Số tiền 6.156.891 VND,not spam
Xác nhận chuyển khoản thành công Thời gian 09:24 23/02/2026 Mã giao dịch 82701510516 Tài khoản nguồn 1061933832 Số tiền 1.264.962 VND,not spam
Payment Receipt Transaction Date Time 13:14 19/03/2026 Order Number 91785726538 Debit Account 1032314038 Amount 3.787.402 VND,not spam
Payment Receipt Transaction Date Time 22:25 18/02/2026 Order Number 92506959189 Debit Account 1020398844 Amount 5.040.659 VND,not spam
Xác nhận chuyển khoản thành công Thời gian 00:45 01/04/2026 Mã giao dịch 51607199895 Tài khoản nguồn 1059629183 Số tiền 8.373.555 VND,not spam
Payment Receipt Transaction Date Time 21:09 04/01/2026 Order Number 61505541369 Debit Account 1058652127 Amount 5.756.022 VND,not spam
Transaction Receipt Date Time 15:20 01/05/2026 Order Number 25478034526 Debit Account 1078331066 Amount 4.923.791 VND,not spam
Transaction Receipt Date Time 21:17 24/02/2026 Order Number 96270563580 Debit Account 1066020526 Amount 1.948.809 VND,not spam
Transaction Receipt Date Time 07:55 19/03/2026 Order Number 99111580428 Debit Account 1035524475 Amount 7.347.841 VND,not spam
Xác nhận chuyển khoản thành công Thời gian 07:03 14/01/2026 Mã giao dịch 81283227460 Tài khoản nguồn 1069011465 Số tiền 8.598.667 VND,not spam
Payment Receipt Transaction Date Time 04:18 29/04/2026 Order Number 22387884552 Debit Account 1029292435 Amount 73.200 VND,not spam
Biên lai chuyển tiền qua tài khoản Ngày giờ giao dịch 13:46 02/04/2026 Số lệnh giao dịch 13661551538 Tài khoản nguồn 1008880730 Số tiền 942.973 VND,not spam
Biên lai chuyển tiền qua tài khoản Ngày giờ giao dịch 01:34 13/02/2026 Số lệnh giao dịch 91684857288 Tài khoản nguồn 1001181014 Số tiền 3.566.021 VND,not spam
Biên nhận thanh toán ngân hàng Ngày giờ 06:17 07/02/2026 Số giao dịch 85512872069 Tài khoản nguồn 1069996757 Số tiền 4.237.451 VND,not spam
Payment Receipt Transaction Date Time 05:13 20/02/2026 Order Number 18104607684 Debit Account 1032023186 Amount 7.613.928 VND,not spam
Biên lai chuyển tiền qua tài khoản Ngày giờ giao dịch 10:20 22/02/2026 Số lệnh giao dịch 10514311670 Tài khoản nguồn 1075503703 Số tiền 3.124.587 VND,not spam
Transaction Receipt Date Time 20:05 08/04/2026 Order Number 36563733967 Debit Account 1030184627 Amount 2.981.675 VND,not spam
Xác nhận chuyển khoản thành công Thời gian 03:03 12/04/2026 Mã giao dịch 30300059166 Tài khoản nguồn 1008431414 Số tiền 7.455.245 VND,not spam
Payment Receipt Transaction Date Time 07:02 06/04/2026 Order Number 15773824462 Debit Account 1079126746 Amount 1.517.642 VND,not spam
Biên nhận thanh toán ngân hàng Ngày giờ 06:50 30/01/2026 Số giao dịch 34329988516 Tài khoản nguồn 1015997945 Số tiền 983.838 VND,not spam
Payment Receipt Transaction Date Time 01:47 04/04/2026 Order Number 19087872248 Debit Account 1099649886 Amount 3.708.245 VND,not spam
Xác nhận chuyển khoản thành công Thời gian 22:16 09/03/2026 Mã giao dịch 53786327205 Tài khoản nguồn 1046966029 Số tiền 6.013.454 VND,not spam
Biên nhận thanh toán ngân hàng Ngày giờ 21:55 20/03/2026 Số giao dịch 64455498941 Tài khoản nguồn 1011996188 Số tiền 7.168.669 VND,not spam
Payment Receipt Transaction Date Time 15:56 13/02/2026 Order Number 35386816996 Debit Account 1081191860 Amount 1.929.888 VND,not spam
Payment Receipt Transaction Date Time 02:49 13/04/2026 Order Number 84203801412 Debit Account 1040776886 Amount 5.641.006 VND,not spam
Xác nhận chuyển khoản thành công Thời gian 13:29 16/02/2026 Mã giao dịch 54461003573 Tài khoản nguồn 1053156911 Số tiền 7.927.359 VND,not spam
Transaction Receipt Date Time 00:23 17/01/2026 Order Number 32773752455 Debit Account 1040562313 Amount 2.146.634 VND,not spam
Transaction Receipt Date Time 22:46 20/01/2026 Order Number 70846505154 Debit Account 1086556300 Amount 2.574.117 VND,not spam
Payment Receipt Transaction Date Time 05:05 15/04/2026 Order Number 46988422964 Debit Account 1031598661 Amount 5.991.893 VND,not spam
Xác nhận chuyển khoản thành công Thời gian 05:17 20/04/2026 Mã giao dịch 50686507012 Tài khoản nguồn 1010370029 Số tiền 7.206.668 VND,not spam
Payment Receipt Transaction Date Time 17:22 24/04/2026 Order Number 19946468612 Debit Account 1091953563 Amount 3.153.806 VND,not spam
Biên nhận thanh toán ngân hàng Ngày giờ 17:02 06/01/2026 Số giao dịch 96722534910 Tài khoản nguồn 1047781136 Số tiền 6.161.856 VND,not spam
Transaction Receipt Date Time 11:54 19/04/2026 Order Number 82077136947 Debit Account 1084160099 Amount 6.303.547 VND,not spam
Xác nhận chuyển khoản thành công Thời gian 20:07 24/01/2026 Mã giao dịch 65613645256 Tài khoản nguồn 1004379566 Số tiền 4.564.695 VND,not spam
Transaction Receipt Date Time 22:51 27/01/2026 Order Number 40332686701 Debit Account 1040856479 Amount 5.507.257 VND,not spam
Transaction Receipt Date Time 12:15 16/02/2026 Order Number 17612564900 Debit Account 1031105365 Amount 4.894.359 VND,not spam
Transaction Receipt Date Time 00:12 13/01/2026 Order Number 31371001666 Debit Account 1029898258 Amount 6.208.892 VND,not spam
Transaction Receipt Date Time 08:09 21/01/2026 Order Number 19569515758 Debit Account 1041801258 Amount 8.588.030 VND,not spam
Transaction Receipt Date Time 17:38 26/04/2026 Order Number 86722620511 Debit Account 1057998718 Amount 7.391.196 VND,not spam
Transaction Receipt Date Time 16:30 24/01/2026 Order Number 37297222892 Debit Account 1058129879 Amount 1.264.174 VND,not spam
Xác nhận chuyển khoản thành công Thời gian 06:14 08/04/2026 Mã giao dịch 27791051345 Tài khoản nguồn 1027950639 Số tiền 375.668 VND,not spam
Payment Receipt Transaction Date Time 15:23 24/01/2026 Order Number 20137537739 Debit Account 1081831801 Amount 4.001.620 VND,not spam
Payment Receipt Transaction Date Time 02:28 24/03/2026 Order Number 38587249174 Debit Account 1080747435 Amount 5.764.939 VND,not spam
Payment Receipt Transaction Date Time 18:44 18/04/2026 Order Number 13992137870 Debit Account 1029201921 Amount 5.323.114 VND,not spam
Biên nhận thanh toán ngân hàng Ngày giờ 17:02 26/04/2026 Số giao dịch 75999784404 Tài khoản nguồn 1075048979 Số tiền 5.883.692 VND,not spam
Payment Receipt Transaction Date Time 15:04 07/03/2026 Order Number 52935947657 Debit Account 1081215712 Amount 5.350.969 VND,not spam
Transaction Receipt Date Time 02:30 13/02/2026 Order Number 44666788775 Debit Account 1008446475 Amount 5.438.206 VND,not spam
Biên lai chuyển tiền qua tài khoản Ngày giờ giao dịch 05:58 11/02/2026 Số lệnh giao dịch 53919443334 Tài khoản nguồn 1035231906 Số tiền 4.254.561 VND,not spam
Xác nhận chuyển khoản thành công Thời gian 15:26 02/01/2026 Mã giao dịch 32739768584 Tài khoản nguồn 1085054361 Số tiền 4.898.535 VND,not spam
Biên lai chuyển tiền qua tài khoản Ngày giờ giao dịch 03:27 25/02/2026 Số lệnh giao dịch 95586728480 Tài khoản nguồn 1029179592 Số tiền 4.689.326 VND,not spam
Xác nhận chuyển khoản thành công Thời gian 20:46 14/03/2026 Mã giao dịch 89431774094 Tài khoản nguồn 1037756061 Số tiền 4.313.371 VND,not spam
Payment Receipt Transaction Date Time 10:09 15/02/2026 Order Number 61945916991 Debit Account 1047896992 Amount 8.783.361 VND,not spam
Transaction Receipt Date Time 22:55 25/01/2026 Order Number 29109373292 Debit Account 1064577336 Amount 4.095.111 VND,not spam
Biên lai chuyển tiền qua tài khoản Ngày giờ giao dịch 23:40 01/02/2026 Số lệnh giao dịch 14597854105 Tài khoản nguồn 1069706581 Số tiền 8.528.203 VND,not spam
Biên nhận thanh toán ngân hàng Ngày giờ 18:30 31/03/2026 Số giao dịch 88041438038 Tài khoản nguồn 1095057135 Số tiền 8.361.208 VND,not spam
Biên nhận thanh toán ngân hàng Ngày giờ 00:24 12/03/2026 Số giao dịch 86125984261 Tài khoản nguồn 1099603223 Số tiền 7.578.721 VND,not spam
Payment Receipt Transaction Date Time 18:37 17/02/2026 Order Number 60362355618 Debit Account 1047366144 Amount 7.364.665 VND,not spam
Payment Receipt Transaction Date Time 22:41 26/03/2026 Order Number 51002561862 Debit Account 1011844059 Amount 7.433.209 VND,not spam
Xác nhận chuyển khoản thành công Thời gian 06:10 18/01/2026 Mã giao dịch 17872422078 Tài khoản nguồn 1048864624 Số tiền 5.677.282 VND,not spam
Payment Receipt Transaction Date Time 18:31 03/03/2026 Order Number 87345391032 Debit Account 1031402454 Amount 1.016.460 VND,not spam
Biên nhận thanh toán ngân hàng Ngày giờ 20:10 07/03/2026 Số giao dịch 24886010926 Tài khoản nguồn 1042253611 Số tiền 4.416.864 VND,not spam
Payment Receipt Transaction Date Time 05:21 17/01/2026 Order Number 81370424599 Debit Account 1041360240 Amount 3.950.114 VND,not spam
Transaction Receipt Date Time 22:27 01/03/2026 Order Number 80686506987 Debit Account 1074104840 Amount 5.239.303 VND,not spam
Payment Receipt Transaction Date Time 16:39 06/03/2026 Order Number 52757124147 Debit Account 1079462236 Amount 3.488.348 VND,not spam
Xác nhận chuyển khoản thành công Thời gian 21:09 29/03/2026 Mã giao dịch 57164405454 Tài khoản nguồn 1015980254 Số tiền 7.157.712 VND,not spam
Biên nhận thanh toán ngân hàng Ngày giờ 22:41 07/03/2026 Số giao dịch 34629917567 Tài khoản nguồn 1082964351 Số tiền 7.394.637 VND,not spam
Biên nhận thanh toán ngân hàng Ngày giờ 17:28 16/02/2026 Số giao dịch 39357405912 Tài khoản nguồn 1007251091 Số tiền 1.448.947 VND,not spam
Biên lai chuyển tiền qua tài khoản Ngày giờ giao dịch 03:34 19/02/2026 Số lệnh giao dịch 70719277639 Tài khoản nguồn 1053306401 Số tiền 3.073.236 VND,not spam
Biên nhận thanh toán ngân hàng Ngày giờ 14:33 20/04/2026 Số giao dịch 16844325995 Tài khoản nguồn 1078806499 Số tiền 3.273.404 VND,not spam
Transaction Receipt Date Time 14:31 19/02/2026 Order Number 34722461406 Debit Account 1080246909 Amount 4.604.958 VND,not spam
Payment Receipt Transaction Date Time 00:35 08/01/2026 Order Number 87000200451 Debit Account 1030844718 Amount 7.496.918 VND,not spam
Xác nhận chuyển khoản thành công Thời gian 14:21 24/04/2026 Mã giao dịch 26089319684 Tài khoản nguồn 1052120261 Số tiền 922.500 VND,not spam
Biên nhận thanh toán ngân hàng Ngày giờ 08:59 22/02/2026 Số giao dịch 54948181075 Tài khoản nguồn 1068111718 Số tiền 1.631.099 VND,not spam
Payment Receipt Transaction Date Time 12:34 21/04/2026 Order Number 95417940254 Debit Account 1099448791 Amount 8.035.527 VND,not spam
Transaction Receipt Date Time 04:20 19/01/2026 Order Number 92193712452 Debit Account 1025970727 Amount 3.794.412 VND,not spam
Payment Receipt Transaction Date Time 14:41 23/04/2026 Order Number 23553874470 Debit Account 1093839947 Amount 1.747.241 VND,not spam
Biên nhận thanh toán ngân hàng Ngày giờ 01:29 20/01/2026 Số giao dịch 61493903845 Tài khoản nguồn 1075192866 Số tiền 5.416.316 VND,not spam
Xác nhận chuyển khoản thành công Thời gian 12:00 19/02/2026 Mã giao dịch 50567555255 Tài khoản nguồn 1099428269 Số tiền 5.105.109 VND,not spam
Transaction Receipt Date Time 12:20 19/04/2026 Order Number 51888793018 Debit Account 1023373422 Amount 1.703.098 VND,not spam
Biên nhận thanh toán ngân hàng Ngày giờ 05:28 20/01/2026 Số giao dịch 24855170304 Tài khoản nguồn 1072224364 Số tiền 2.090.061 VND,not spam
Transaction Receipt Date Time 10:20 16/04/2026 Order Number 85921515185 Debit Account 1085294824 Amount 5.741.580 VND,not spam
Transaction Receipt Date Time 10:35 17/03/2026 Order Number 73561501791 Debit Account 1043390195 Amount 8.147.426 VND,not spam
Biên nhận thanh toán ngân hàng Ngày giờ 17:58 28/01/2026 Số giao dịch 40778092512 Tài khoản nguồn 1072015682 Số tiền 3.378.139 VND,not spam
Transaction Receipt Date Time 07:03 10/04/2026 Order Number 53213976183 Debit Account 1056337918 Amount 518.488 VND,not spam
Xác nhận chuyển khoản thành công Thời gian 11:23 18/03/2026 Mã giao dịch 37525752361 Tài khoản nguồn 1038736202 Số tiền 3.788.201 VND,not spam
Xác nhận chuyển khoản thành công Thời gian 12:44 19/02/2026 Mã giao dịch 10754313391 Tài khoản nguồn 1052170134 Số tiền 5.894.696 VND,not spam
Transaction Receipt Date Time 19:53 25/04/2026 Order Number 41019082342 Debit Account 1008842433 Amount 5.392.932 VND,not spam
Biên nhận thanh toán ngân hàng Ngày giờ 06:45 22/04/2026 Số giao dịch 24146243251 Tài khoản nguồn 1058245442 Số tiền 86.359 VND,not spam
Xác nhận chuyển khoản thành công Thời gian 02:51 22/02/2026 Mã giao dịch 31268641410 Tài khoản nguồn 1014951955 Số tiền 8.972.558 VND,not spam
Payment Receipt Transaction Date Time 10:09 18/02/2026 Order Number 54826599951 Debit Account 1072771384 Amount 8.793.344 VND,not spam
Xác nhận chuyển khoản thành công Thời gian 06:12 21/01/2026 Mã giao dịch 33784854092 Tài khoản nguồn 1019688978 Số tiền 2.030.533 VND,not spam
Biên nhận thanh toán ngân hàng Ngày giờ 18:33 17/01/2026 Số giao dịch 29032238962 Tài khoản nguồn 1044806396 Số tiền 5.342.969 VND,not spam
Transaction Receipt Date Time 04:01 15/02/2026 Order Number 34821341594 Debit Account 1030374225 Amount 3.962.959 VND,not spam
Biên nhận thanh toán ngân hàng Ngày giờ 18:31 05/01/2026 Số giao dịch 99861935155 Tài khoản nguồn 1012047318 Số tiền 2.260.938 VND,not spam
Transaction Receipt Date Time 15:36 19/01/2026 Order Number 58142458274 Debit Account 1095135991 Amount 2.333.081 VND,not spam
Xác nhận chuyển khoản thành công Thời gian 23:22 09/01/2026 Mã giao dịch 76072200451 Tài khoản nguồn 1004003685 Số tiền 8.895.769 VND,not spam
Biên nhận thanh toán ngân hàng Ngày giờ 06:46 31/01/2026 Số giao dịch 51649130162 Tài khoản nguồn 1005658322 Số tiền 4.499.035 VND,not spam
Transaction Receipt Date Time 06:04 13/04/2026 Order Number 26565775696 Debit Account 1053724853 Amount 5.587.608 VND,not spam
Biên lai chuyển tiền qua tài khoản Ngày giờ giao dịch 14:45 30/04/2026 Số lệnh giao dịch 91578873585 Tài khoản nguồn 1070159514 Số tiền 8.121.886 VND,not spam
Xác nhận chuyển khoản thành công Thời gian 04:27 17/02/2026 Mã giao dịch 60027997489 Tài khoản nguồn 1051500189 Số tiền 6.921.913 VND,not spam
Biên nhận thanh toán ngân hàng Ngày giờ 11:35 29/04/2026 Số giao dịch 36654315606 Tài khoản nguồn 1008763355 Số tiền 2.449.766 VND,not spam
Payment Receipt Transaction Date Time 07:01 31/01/2026 Order Number 64414924082 Debit Account 1061305429 Amount 7.415.129 VND,not spam
Transaction Receipt Date Time 03:03 23/01/2026 Order Number 82236506885 Debit Account 1001018217 Amount 763.610 VND,not spam
Biên nhận thanh toán ngân hàng Ngày giờ 08:26 17/01/2026 Số giao dịch 43757527713 Tài khoản nguồn 1093308663 Số tiền 6.300.680 VND,not spam
Biên nhận thanh toán ngân hàng Ngày giờ 10:37 06/04/2026 Số giao dịch 78922634108 Tài khoản nguồn 1060998318 Số tiền 2.188.054 VND,not spam
Transaction Receipt Date Time 11:37 08/01/2026 Order Number 24385359716 Debit Account 1032942191 Amount 2.109.520 VND,not spam
Biên nhận thanh toán ngân hàng Ngày giờ 04:51 03/01/2026 Số giao dịch 28749352262 Tài khoản nguồn 1020194321 Số tiền 4.855.448 VND,not spam
Biên lai chuyển tiền qua tài khoản Ngày giờ giao dịch 15:40 04/01/2026 Số lệnh giao dịch 20664754293 Tài khoản nguồn 1079137886 Số tiền 7.251.117 VND,not spam
Biên lai chuyển tiền qua tài khoản Ngày giờ giao dịch 15:34 19/03/2026 Số lệnh giao dịch 25038007937 Tài khoản nguồn 1017275545 Số tiền 6.623.020 VND,not spam
Transaction Receipt Date Time 17:26 31/01/2026 Order Number 63787377581 Debit Account 1064101154 Amount 5.342.177 VND,not spam
Biên nhận thanh toán ngân hàng Ngày giờ 03:04 27/01/2026 Số giao dịch 94146279288 Tài khoản nguồn 1093636993 Số tiền 6.216.051 VND,not spam
Biên lai chuyển tiền qua tài khoản Ngày giờ giao dịch 03:22 14/01/2026 Số lệnh giao dịch 23726252079 Tài khoản nguồn 1092562845 Số tiền 1.488.128 VND,not spam
Biên lai chuyển tiền qua tài khoản Ngày giờ giao dịch 16:27 27/04/2026 Số lệnh giao dịch 44208699710 Tài khoản nguồn 1012275625 Số tiền 5.176.862 VND,not spam
Biên nhận thanh toán ngân hàng Ngày giờ 19:03 15/03/2026 Số giao dịch 84857061814 Tài khoản nguồn 1040027901 Số tiền 6.597.268 VND,not spam
Biên lai chuyển tiền qua tài khoản Ngày giờ giao dịch 21:38 04/01/2026 Số lệnh giao dịch 77089210064 Tài khoản nguồn 1058772131 Số tiền 3.692.356 VND,not spam
Xác nhận chuyển khoản thành công Thời gian 10:49 03/03/2026 Mã giao dịch 84911244583 Tài khoản nguồn 1007346447 Số tiền 4.531.094 VND,not spam
Transaction Receipt Date Time 05:47 01/04/2026 Order Number 72010601213 Debit Account 1039688702 Amount 3.083.416 VND,not spam
Xác nhận chuyển khoản thành công Thời gian 16:42 20/02/2026 Mã giao dịch 85957555428 Tài khoản nguồn 1080110741 Số tiền 6.704.660 VND,not spam
Biên nhận thanh toán ngân hàng Ngày giờ 20:14 09/02/2026 Số giao dịch 18663411185 Tài khoản nguồn 1019842159 Số tiền 8.300.542 VND,not spam
Biên lai chuyển tiền qua tài khoản Ngày giờ giao dịch 11:16 19/04/2026 Số lệnh giao dịch 52257549657 Tài khoản nguồn 1072640048 Số tiền 5.103.259 VND,not spam
Payment Receipt Transaction Date Time 03:32 18/01/2026 Order Number 74419245526 Debit Account 1005098317 Amount 7.498.505 VND,not spam
Biên nhận thanh toán ngân hàng Ngày giờ 23:36 27/04/2026 Số giao dịch 84413476666 Tài khoản nguồn 1049833668 Số tiền 2.119.297 VND,not spam
Biên lai chuyển tiền qua tài khoản Ngày giờ giao dịch 17:12 09/04/2026 Số lệnh giao dịch 92758319909 Tài khoản nguồn 1008693838 Số tiền 7.770.521 VND,not spam
Xác nhận chuyển khoản thành công Thời gian 00:41 04/02/2026 Mã giao dịch 87402419061 Tài khoản nguồn 1053880419 Số tiền 1.899.780 VND,not spam
Biên lai chuyển tiền qua tài khoản Ngày giờ giao dịch 21:20 19/03/2026 Số lệnh giao dịch 98561191809 Tài khoản nguồn 1093380086 Số tiền 7.525.514 VND,not spam
Biên lai chuyển tiền qua tài khoản Ngày giờ giao dịch 19:31 09/03/2026 Số lệnh giao dịch 88785771233 Tài khoản nguồn 1091179890 Số tiền 752.890 VND,not spam
Payment Receipt Transaction Date Time 05:03 20/03/2026 Order Number 23068339280 Debit Account 1074503454 Amount 8.908.296 VND,not spam
Xác nhận chuyển khoản thành công Thời gian 06:10 10/03/2026 Mã giao dịch 40709800279 Tài khoản nguồn 1029167781 Số tiền 1.524.432 VND,not spam
Transaction Receipt Date Time 11:57 30/03/2026 Order Number 90918781205 Debit Account 1058425718 Amount 4.496.500 VND,not spam
Transaction Receipt Date Time 04:18 15/03/2026 Order Number 43553598165 Debit Account 1009335693 Amount 4.463.493 VND,not spam
Biên lai chuyển tiền qua tài khoản Ngày giờ giao dịch 00:27 20/03/2026 Số lệnh giao dịch 52799744951 Tài khoản nguồn 1063701420 Số tiền 7.098.532 VND,not spam
Biên nhận thanh toán ngân hàng Ngày giờ 02:11 28/01/2026 Số giao dịch 69481332013 Tài khoản nguồn 1047618140 Số tiền 5.975.516 VND,not spam
Transaction Receipt Date Time 04:11 12/04/2026 Order Number 41035394008 Debit Account 1007965179 Amount 6.152.674 VND,not spam
Biên lai chuyển tiền qua tài khoản Ngày giờ giao dịch 14:20 15/04/2026 Số lệnh giao dịch 40999529274 Tài khoản nguồn 1034588958 Số tiền 2.620.299 VND,not spam
Transaction Receipt Date Time 12:06 03/03/2026 Order Number 94960979387 Debit Account 1000246574 Amount 7.941.648 VND,not spam
Xác nhận chuyển khoản thành công Thời gian 08:49 12/04/2026 Mã giao dịch 51666958968 Tài khoản nguồn 1027990624 Số tiền 2.248.060 VND,not spam
Biên nhận thanh toán ngân hàng Ngày giờ 21:02 11/04/2026 Số giao dịch 64838849980 Tài khoản nguồn 1061345735 Số tiền 427.803 VND,not spam
Payment Receipt Transaction Date Time 07:54 05/03/2026 Order Number 25657018902 Debit Account 1039733420 Amount 7.337.462 VND,not spam
Payment Receipt Transaction Date Time 16:21 13/01/2026 Order Number 41133508001 Debit Account 1065992017 Amount 1.965.168 VND,not spam
Payment Receipt Transaction Date Time 15:22 01/04/2026 Order Number 98453765244 Debit Account 1083838781 Amount 7.287.960 VND,not spam
Biên nhận thanh toán ngân hàng Ngày giờ 17:26 18/04/2026 Số giao dịch 13242158544 Tài khoản nguồn 1083977530 Số tiền 6.718.998 VND,not spam
Payment Receipt Transaction Date Time 13:08 08/01/2026 Order Number 62795796720 Debit Account 1082712345 Amount 7.235.025 VND,not spam
Biên lai chuyển tiền qua tài khoản Ngày giờ giao dịch 06:38 04/02/2026 Số lệnh giao dịch 93660736387 Tài khoản nguồn 1056677296 Số tiền 4.455.553 VND,not spam
Transaction Receipt Date Time 03:20 11/04/2026 Order Number 31231991425 Debit Account 1075324832 Amount 4.376.946 VND,not spam
Biên lai chuyển tiền qua tài khoản Ngày giờ giao dịch 17:42 04/04/2026 Số lệnh giao dịch 26795120744 Tài khoản nguồn 1049761702 Số tiền 7.639.882 VND,not spam
Xác nhận chuyển khoản thành công Thời gian 03:18 18/01/2026 Mã giao dịch 22039153373 Tài khoản nguồn 1054538182 Số tiền 6.402.646 VND,not spam
Biên lai chuyển tiền qua tài khoản Ngày giờ giao dịch 15:37 03/04/2026 Số lệnh giao dịch 86304985105 Tài khoản nguồn 1052528028 Số tiền 8.273.779 VND,not spam
Payment Receipt Transaction Date Time 16:01 18/02/2026 Order Number 17744832244 Debit Account 1055102302 Amount 1.429.993 VND,not spam
Payment Receipt Transaction Date Time 21:02 26/04/2026 Order Number 20541109267 Debit Account 1039406708 Amount 683.997 VND,not spam
Xác nhận chuyển khoản thành công Thời gian 01:04 10/01/2026 Mã giao dịch 17850219174 Tài khoản nguồn 1078475932 Số tiền 5.165.639 VND,not spam
Xác nhận chuyển khoản thành công Thời gian 09:05 10/03/2026 Mã giao dịch 93625552933 Tài khoản nguồn 1047992719 Số tiền 5.504.384 VND,not spam
Payment Receipt Transaction Date Time 20:22 23/04/2026 Order Number 42324917696 Debit Account 1043933190 Amount 3.923.637 VND,not spam
Payment Receipt Transaction Date Time 20:49 31/03/2026 Order Number 49589693338 Debit Account 1041074689 Amount 5.435.020 VND,not spam
Xác nhận chuyển khoản thành công Thời gian 18:00 26/03/2026 Mã giao dịch 46426268691 Tài khoản nguồn 1088241405 Số tiền 3.882.125 VND,not spam
Payment Receipt Transaction Date Time 07:55 21/01/2026 Order Number 44722615156 Debit Account 1053513499 Amount 3.418.659 VND,not spam
Payment Receipt Transaction Date Time 05:52 12/03/2026 Order Number 95203829657 Debit Account 1009934691 Amount 5.324.871 VND,not spam
Biên nhận thanh toán ngân hàng Ngày giờ 22:13 21/01/2026 Số giao dịch 70295677536 Tài khoản nguồn 1028991766 Số tiền 6.742.982 VND,not spam
Biên lai chuyển tiền qua tài khoản Ngày giờ giao dịch 22:57 09/02/2026 Số lệnh giao dịch 43380041316 Tài khoản nguồn 1096826579 Số tiền 4.879.929 VND,not spam
Transaction Receipt Date Time 20:28 13/02/2026 Order Number 18948233005 Debit Account 1009456176 Amount 3.893.909 VND,not spam
Biên lai chuyển tiền qua tài khoản Ngày giờ giao dịch 16:29 02/04/2026 Số lệnh giao dịch 86570763587 Tài khoản nguồn 1061522335 Số tiền 183.985 VND,not spam
Transaction Receipt Date Time 05:29 25/02/2026 Order Number 25205660382 Debit Account 1025797882 Amount 280.426 VND,not spam
Payment Receipt Transaction Date Time 09:13 08/03/2026 Order Number 51259404390 Debit Account 1041341581 Amount 4.451.140 VND,not spam
Xác nhận chuyển khoản thành công Thời gian 08:18 07/01/2026 Mã giao dịch 95944451598 Tài khoản nguồn 1059230355 Số tiền 731.177 VND,not spam
Payment Receipt Transaction Date Time 02:20 27/02/2026 Order Number 51497019704 Debit Account 1015344044 Amount 4.157.821 VND,not spam
Biên lai chuyển tiền qua tài khoản Ngày giờ giao dịch 06:01 25/01/2026 Số lệnh giao dịch 92187101454 Tài khoản nguồn 1080020458 Số tiền 452.665 VND,not spam
Biên nhận thanh toán ngân hàng Ngày giờ 23:01 13/03/2026 Số giao dịch 33515878843 Tài khoản nguồn 1071421549 Số tiền 168.328 VND,not spam
Payment Receipt Transaction Date Time 04:04 03/01/2026 Order Number 30921936844 Debit Account 1042992436 Amount 1.441.115 VND,not spam
Transaction Receipt Date Time 17:16 25/01/2026 Order Number 11711090274 Debit Account 1072985721 Amount 4.712.778 VND,not spam
Xác nhận chuyển khoản thành công Thời gian 08:34 19/02/2026 Mã giao dịch 65292412405 Tài khoản nguồn 1071147560 Số tiền 8.888.346 VND,not spam
Transaction Receipt Date Time 14:17 12/01/2026 Order Number 89367943691 Debit Account 1052878327 Amount 2.253.140 VND,not spam
Transaction Receipt Date Time 06:33 04/01/2026 Order Number 16516221926 Debit Account 1042567911 Amount 2.448.652 VND,not spam
Payment Receipt Transaction Date Time 10:25 06/01/2026 Order Number 69615278242 Debit Account 1097733189 Amount 7.985.277 VND,not spam
Transaction Receipt Date Time 02:51 30/03/2026 Order Number 27327697323 Debit Account 1074540305 Amount 6.911.430 VND,not spam
Transaction Receipt Date Time 12:34 04/02/2026 Order Number 16836975099 Debit Account 1029206093 Amount 3.279.846 VND,not spam
Xác nhận chuyển khoản thành công Thời gian 22:24 08/02/2026 Mã giao dịch 82626048370 Tài khoản nguồn 1003070653 Số tiền 4.495.044 VND,not spam
Payment Receipt Transaction Date Time 17:33 05/04/2026 Order Number 40762209749 Debit Account 1011801784 Amount 3.558.896 VND,not spam
Biên nhận thanh toán ngân hàng Ngày giờ 05:03 26/03/2026 Số giao dịch 65151920161 Tài khoản nguồn 1037947905 Số tiền 269.258 VND,not spam
Payment Receipt Transaction Date Time 03:53 06/01/2026 Order Number 90350743157 Debit Account 1057725318 Amount 7.987.187 VND,not spam
Payment Receipt Transaction Date Time 06:36 01/03/2026 Order Number 26901199386 Debit Account 1088935369 Amount 6.811.187 VND,not spam
Payment Receipt Transaction Date Time 02:08 13/02/2026 Order Number 76598159898 Debit Account 1066254540 Amount 8.613.486 VND,not spam
Xác nhận chuyển khoản thành công Thời gian 13:52 20/04/2026 Mã giao dịch 42565837378 Tài khoản nguồn 1059468228 Số tiền 4.379.472 VND,not spam
Biên nhận thanh toán ngân hàng Ngày giờ 11:24 13/04/2026 Số giao dịch 42497111105 Tài khoản nguồn 1050630574 Số tiền 1.802.692 VND,not spam
Payment Receipt Transaction Date Time 21:55 18/03/2026 Order Number 20069567389 Debit Account 1003458383 Amount 7.057.796 VND,not spam
Transaction Receipt Date Time 15:03 08/04/2026 Order Number 96372308821 Debit Account 1086973201 Amount 3.949.509 VND,not spam
Biên nhận thanh toán ngân hàng Ngày giờ 11:32 12/01/2026 Số giao dịch 56764423229 Tài khoản nguồn 1090833840 Số tiền 642.015 VND,not spam
Xác nhận chuyển khoản thành công Thời gian 18:33 09/04/2026 Mã giao dịch 28618554891 Tài khoản nguồn 1076750203 Số tiền 2.823.678 VND,not spam
Biên nhận thanh toán ngân hàng Ngày giờ 21:19 02/04/2026 Số giao dịch 75469592787 Tài khoản nguồn 1051503977 Số tiền 484.746 VND,not spam
Transaction Receipt Date Time 08:07 06/02/2026 Order Number 11115671554 Debit Account 1075899975 Amount 1.437.025 VND,not spam
Xác nhận chuyển khoản thành công Thời gian 20:32 26/03/2026 Mã giao dịch 40842673567 Tài khoản nguồn 1039407662 Số tiền 1.379.024 VND,not spam
Payment Receipt Transaction Date Time 14:23 21/02/2026 Order Number 26464791614 Debit Account 1075523388 Amount 8.220.141 VND,not spam
Transaction Receipt Date Time 02:59 27/03/2026 Order Number 14441110520 Debit Account 1002515574 Amount 4.696.672 VND,not spam
Biên lai chuyển tiền qua tài khoản Ngày giờ giao dịch 08:19 23/01/2026 Số lệnh giao dịch 76733541517 Tài khoản nguồn 1082930762 Số tiền 5.680.489 VND,not spam
Biên lai chuyển tiền qua tài khoản Ngày giờ giao dịch 14:55 13/02/2026 Số lệnh giao dịch 44219827447 Tài khoản nguồn 1046416887 Số tiền 990.833 VND,not spam
Biên lai chuyển tiền qua tài khoản Ngày giờ giao dịch 14:32 26/01/2026 Số lệnh giao dịch 28870824780 Tài khoản nguồn 1024066808 Số tiền 3.911.936 VND,not spam
Biên lai chuyển tiền qua tài khoản Ngày giờ giao dịch 12:02 23/01/2026 Số lệnh giao dịch 11375550201 Tài khoản nguồn 1060959414 Số tiền 8.854.777 VND,not spam
Payment Receipt Transaction Date Time 01:53 24/02/2026 Order Number 48385653584 Debit Account 1090382448 Amount 8.729.476 VND,not spam
Biên nhận thanh toán ngân hàng Ngày giờ 06:53 06/01/2026 Số giao dịch 64610378644 Tài khoản nguồn 1055100235 Số tiền 6.704.697 VND,not spam
Transaction Receipt Date Time 13:17 26/02/2026 Order Number 88756811009 Debit Account 1003209393 Amount 1.333.643 VND,not spam
Biên nhận thanh toán ngân hàng Ngày giờ 23:47 23/02/2026 Số giao dịch 33324109026 Tài khoản nguồn 1072922047 Số tiền 8.556.553 VND,not spam
Transaction Receipt Date Time 23:32 21/03/2026 Order Number 45098130060 Debit Account 1055430347 Amount 8.095.071 VND,not spam
Xác nhận chuyển khoản thành công Thời gian 11:59 01/04/2026 Mã giao dịch 84721961220 Tài khoản nguồn 1050541457 Số tiền 4.824.240 VND,not spam
Payment Receipt Transaction Date Time 11:34 11/03/2026 Order Number 42345842882 Debit Account 1035531691 Amount 356.557 VND,not spam
Biên lai chuyển tiền qua tài khoản Ngày giờ giao dịch 08:45 23/04/2026 Số lệnh giao dịch 33149093371 Tài khoản nguồn 1035429564 Số tiền 4.253.953 VND,not spam
Biên nhận thanh toán ngân hàng Ngày giờ 00:10 16/04/2026 Số giao dịch 24961635834 Tài khoản nguồn 1029475387 Số tiền 2.571.202 VND,not spam
Biên lai chuyển tiền qua tài khoản Ngày giờ giao dịch 12:03 23/01/2026 Số lệnh giao dịch 23177655073 Tài khoản nguồn 1062872422 Số tiền 7.876.795 VND,not spam
Biên lai chuyển tiền qua tài khoản Ngày giờ giao dịch 01:17 07/01/2026 Số lệnh giao dịch 76697774852 Tài khoản nguồn 1099549355 Số tiền 3.507.408 VND,not spam
Xác nhận chuyển khoản thành công Thời gian 19:28 15/01/2026 Mã giao dịch 64347506246 Tài khoản nguồn 1038928411 Số tiền 1.406.078 VND,not spam
Payment Receipt Transaction Date Time 23:28 13/03/2026 Order Number 67670183044 Debit Account 1095184803 Amount 7.332.036 VND,not spam
Transaction Receipt Date Time 08:11 20/01/2026 Order Number 17975793187 Debit Account 1044337117 Amount 5.920.183 VND,not spam
Biên nhận thanh toán ngân hàng Ngày giờ 02:40 17/03/2026 Số giao dịch 88674885385 Tài khoản nguồn 1023771273 Số tiền 2.457.890 VND,not spam
Biên lai chuyển tiền qua tài khoản Ngày giờ giao dịch 17:13 03/03/2026 Số lệnh giao dịch 58245991834 Tài khoản nguồn 1082748550 Số tiền 8.868.590 VND,not spam
Payment Receipt Transaction Date Time 06:19 22/01/2026 Order Number 96493349428 Debit Account 1053681097 Amount 7.162.771 VND,not spam
Biên nhận thanh toán ngân hàng Ngày giờ 11:45 10/04/2026 Số giao dịch 83160847815 Tài khoản nguồn 1010093091 Số tiền 428.780 VND,not spam
Xác nhận chuyển khoản thành công Thời gian 07:09 28/01/2026 Mã giao dịch 65446596846 Tài khoản nguồn 1059547614 Số tiền 8.579.004 VND,not spam
Transaction Receipt Date Time 08:27 18/03/2026 Order Number 56640185721 Debit Account 1064688601 Amount 5.735.678 VND,not spam
Biên lai chuyển tiền qua tài khoản Ngày giờ giao dịch 18:39 08/01/2026 Số lệnh giao dịch 30516892166 Tài khoản nguồn 1074646160 Số tiền 7.903.925 VND,not spam
Payment Receipt Transaction Date Time 02:00 09/01/2026 Order Number 31578253976 Debit Account 1037389508 Amount 3.278.817 VND,not spam
Biên nhận thanh toán ngân hàng Ngày giờ 12:45 11/03/2026 Số giao dịch 46555520256 Tài khoản nguồn 1093709464 Số tiền 4.449.508 VND,not spam
Transaction Receipt Date Time 12:55 14/01/2026 Order Number 64579613370 Debit Account 1062190988 Amount 4.070.220 VND,not spam
Biên lai chuyển tiền qua tài khoản Ngày giờ giao dịch 23:46 10/02/2026 Số lệnh giao dịch 12592676207 Tài khoản nguồn 1084480814 Số tiền 6.371.169 VND,not spam
Biên lai chuyển tiền qua tài khoản Ngày giờ giao dịch 09:22 09/04/2026 Số lệnh giao dịch 72796098537 Tài khoản nguồn 1042575215 Số tiền 188.334 VND,not spam
Transaction Receipt Date Time 10:58 24/04/2026 Order Number 17437818658 Debit Account 1078353208 Amount 7.513.195 VND,not spam
Biên lai chuyển tiền qua tài khoản Ngày giờ giao dịch 13:25 05/04/2026 Số lệnh giao dịch 13784099768 Tài khoản nguồn 1001544475 Số tiền 6.872.742 VND,not spam
Xác nhận chuyển khoản thành công Thời gian 05:25 05/04/2026 Mã giao dịch 27354271567 Tài khoản nguồn 1038322003 Số tiền 8.684.203 VND,not spam
Transaction Receipt Date Time 13:52 24/03/2026 Order Number 76873802363 Debit Account 1097048995 Amount 4.947.456 VND,not spam
Transaction Receipt Date Time 19:16 05/04/2026 Order Number 17212747138 Debit Account 1052451642 Amount 6.932.617 VND,not spam
Payment Receipt Transaction Date Time 10:10 28/02/2026 Order Number 88997856096 Debit Account 1074647694 Amount 2.127.385 VND,not spam
Transaction Receipt Date Time 20:05 19/03/2026 Order Number 64185146145 Debit Account 1034963417 Amount 6.593.757 VND,not spam
Biên nhận thanh toán ngân hàng Ngày giờ 23:02 13/04/2026 Số giao dịch 32723252339 Tài khoản nguồn 1085037282 Số tiền 4.530.298 VND,not spam
Biên nhận thanh toán ngân hàng Ngày giờ 08:07 02/02/2026 Số giao dịch 14146772631 Tài khoản nguồn 1016051459 Số tiền 1.812.907 VND,not spam
Biên nhận thanh toán ngân hàng Ngày giờ 04:29 31/01/2026 Số giao dịch 43425403469 Tài khoản nguồn 1005573380 Số tiền 3.792.095 VND,not spam
Biên lai chuyển tiền qua tài khoản Ngày giờ giao dịch 03:52 30/04/2026 Số lệnh giao dịch 87470230943 Tài khoản nguồn 1088256562 Số tiền 1.933.312 VND,not spam
Biên lai chuyển tiền qua tài khoản Ngày giờ giao dịch 08:26 19/01/2026 Số lệnh giao dịch 60745647117 Tài khoản nguồn 1015306791 Số tiền 859.027 VND,not spam
Biên nhận thanh toán ngân hàng Ngày giờ 19:39 16/04/2026 Số giao dịch 32434714070 Tài khoản nguồn 1071981415 Số tiền 8.229.859 VND,not spam
Payment Receipt Transaction Date Time 11:53 19/03/2026 Order Number 90733579107 Debit Account 1089691462 Amount 2.895.197 VND,not spam
Xác nhận chuyển khoản thành công Thời gian 16:54 10/01/2026 Mã giao dịch 99896977483 Tài khoản nguồn 1006683616 Số tiền 274.578 VND,not spam
Transaction Receipt Date Time 09:06 27/02/2026 Order Number 10374184287 Debit Account 1088952184 Amount 818.157 VND,not spam
Xác nhận chuyển khoản thành công Thời gian 17:19 17/03/2026 Mã giao dịch 95609616484 Tài khoản nguồn 1034149616 Số tiền 7.714.603 VND,not spam
Biên nhận thanh toán ngân hàng Ngày giờ 03:51 24/03/2026 Số giao dịch 49614503374 Tài khoản nguồn 1086055384 Số tiền 2.127.664 VND,not spam
Transaction Receipt Date Time 16:56 06/04/2026 Order Number 14032607514 Debit Account 1049128595 Amount 7.507.972 VND,not spam
Biên lai chuyển tiền qua tài khoản Ngày giờ giao dịch 13:51 28/03/2026 Số lệnh giao dịch 45026831212 Tài khoản nguồn 1015279357 Số tiền 6.281.757 VND,not spam
Xác nhận chuyển khoản thành công Thời gian 06:21 29/04/2026 Mã giao dịch 29844811575 Tài khoản nguồn 1074921238 Số tiền 3.760.832 VND,not spam
Transaction Receipt Date Time 00:14 01/04/2026 Order Number 78032102950 Debit Account 1048161119 Amount 2.154.795 VND,not spam
Biên nhận thanh toán ngân hàng Ngày giờ 21:21 24/02/2026 Số giao dịch 95470017694 Tài khoản nguồn 1059054488 Số tiền 1.897.987 VND,not spam
Xác nhận chuyển khoản thành công Thời gian 01:33 07/02/2026 Mã giao dịch 81801074903 Tài khoản nguồn 1042774580 Số tiền 3.359.849 VND,not spam
Payment Receipt Transaction Date Time 07:53 05/04/2026 Order Number 62579175534 Debit Account 1046575998 Amount 4.322.071 VND,not spam
Biên lai chuyển tiền qua tài khoản Ngày giờ giao dịch 15:49 06/03/2026 Số lệnh giao dịch 66438146011 Tài khoản nguồn 1064926921 Số tiền 1.537.174 VND,not spam
Transaction Receipt Date Time 08:06 29/01/2026 Order Number 66300352228 Debit Account 1054365983 Amount 2.405.831 VND,not spam
Biên lai chuyển tiền qua tài khoản Ngày giờ giao dịch 21:28 16/04/2026 Số lệnh giao dịch 32404387487 Tài khoản nguồn 1028910635 Số tiền 4.592.518 VND,not spam
Xác nhận chuyển khoản thành công Thời gian 22:20 14/02/2026 Mã giao dịch 47567822389 Tài khoản nguồn 1076085712 Số tiền 2.525.400 VND,not spam
Biên lai chuyển tiền qua tài khoản Ngày giờ giao dịch 07:16 29/04/2026 Số lệnh giao dịch 94957880025 Tài khoản nguồn 1071938347 Số tiền 287.514 VND,not spam
Xác nhận chuyển khoản thành công Thời gian 00:58 01/05/2026 Mã giao dịch 45222546183 Tài khoản nguồn 1086268868 Số tiền 3.880.462 VND,not spam
Biên lai chuyển tiền qua tài khoản Ngày giờ giao dịch 13:44 17/02/2026 Số lệnh giao dịch 23699050405 Tài khoản nguồn 1000611732 Số tiền 6.601.755 VND,not spam
Xác nhận chuyển khoản thành công Thời gian 18:21 29/03/2026 Mã giao dịch 69248605926 Tài khoản nguồn 1046044430 Số tiền 4.337.308 VND,not spam
Biên nhận thanh toán ngân hàng Ngày giờ 19:17 09/04/2026 Số giao dịch 93121620907 Tài khoản nguồn 1010071318 Số tiền 7.356.369 VND,not spam
Payment Receipt Transaction Date Time 19:30 23/04/2026 Order Number 23010580868 Debit Account 1079821252 Amount 8.930.630 VND,not spam
Biên lai chuyển tiền qua tài khoản Ngày giờ giao dịch 05:39 07/04/2026 Số lệnh giao dịch 86799333093 Tài khoản nguồn 1058961113 Số tiền 4.950.252 VND,not spam
Biên nhận thanh toán ngân hàng Ngày giờ 12:39 01/01/2026 Số giao dịch 61831746389 Tài khoản nguồn 1020497672 Số tiền 3.503.737 VND,not spam
Biên nhận thanh toán ngân hàng Ngày giờ 21:59 20/02/2026 Số giao dịch 25005553694 Tài khoản nguồn 1055047988 Số tiền 2.788.621 VND,not spam
Biên nhận thanh toán ngân hàng Ngày giờ 06:41 09/02/2026 Số giao dịch 87174148939 Tài khoản nguồn 1004856532 Số tiền 5.032.996 VND,not spam
Xác nhận chuyển khoản thành công Thời gian 04:16 16/04/2026 Mã giao dịch 81503446014 Tài khoản nguồn 1040785510 Số tiền 8.005.736 VND,not spam
Payment Receipt Transaction Date Time 13:21 08/03/2026 Order Number 37149229246 Debit Account 1037298169 Amount 686.374 VND,not spam
Xác nhận chuyển khoản thành công Thời gian 16:58 21/04/2026 Mã giao dịch 51123252197 Tài khoản nguồn 1066735306 Số tiền 5.036.829 VND,not spam
Xác nhận chuyển khoản thành công Thời gian 05:18 03/02/2026 Mã giao dịch 44999852040 Tài khoản nguồn 1051977734 Số tiền 7.434.394 VND,not spam
Biên nhận thanh toán ngân hàng Ngày giờ 23:10 25/04/2026 Số giao dịch 65345248886 Tài khoản nguồn 1005310700 Số tiền 1.576.054 VND,not spam
Transaction Receipt Date Time 06:59 10/02/2026 Order Number 78938938287 Debit Account 1041000325 Amount 693.678 VND,not spam
Biên nhận thanh toán ngân hàng Ngày giờ 03:39 22/03/2026 Số giao dịch 55962227260 Tài khoản nguồn 1017344343 Số tiền 194.625 VND,not spam
Xác nhận chuyển khoản thành công Thời gian 07:39 15/02/2026 Mã giao dịch 68064189777 Tài khoản nguồn 1095612343 Số tiền 4.060.571 VND,not spam
Transaction Receipt Date Time 02:02 12/02/2026 Order Number 95981064890 Debit Account 1059535769 Amount 457.334 VND,not spam
Payment Receipt Transaction Date Time 23:17 13/04/2026 Order Number 94482940163 Debit Account 1028112416 Amount 7.214.932 VND,not spam
Xác nhận chuyển khoản thành công Thời gian 20:10 06/01/2026 Mã giao dịch 74591556601 Tài khoản nguồn 1052395855 Số tiền 1.889.902 VND,not spam
Biên nhận thanh toán ngân hàng Ngày giờ 09:27 27/04/2026 Số giao dịch 53933638823 Tài khoản nguồn 1056275298 Số tiền 8.189.240 VND,not spam
Transaction Receipt Date Time 06:37 07/03/2026 Order Number 21485832956 Debit Account 1045174530 Amount 6.808.576 VND,not spam
Payment Receipt Transaction Date Time 07:33 17/04/2026 Order Number 68581241912 Debit Account 1091068372 Amount 6.650.697 VND,not spam
Payment Receipt Transaction Date Time 08:49 01/01/2026 Order Number 15505781211 Debit Account 1034906057 Amount 1.451.099 VND,not spam
Payment Receipt Transaction Date Time 19:16 07/04/2026 Order Number 50521752963 Debit Account 1013468216 Amount 5.007.889 VND,not spam
Biên lai chuyển tiền qua tài khoản Ngày giờ giao dịch 15:11 15/04/2026 Số lệnh giao dịch 84107173455 Tài khoản nguồn 1028024545 Số tiền 2.135.523 VND,not spam
Biên lai chuyển tiền qua tài khoản Ngày giờ giao dịch 21:25 12/03/2026 Số lệnh giao dịch 87352077902 Tài khoản nguồn 1067548608 Số tiền 5.004.361 VND,not spam
Biên lai chuyển tiền qua tài khoản Ngày giờ giao dịch 23:24 13/02/2026 Số lệnh giao dịch 44775528043 Tài khoản nguồn 1021736172 Số tiền 3.374.098 VND,not spam
Biên lai chuyển tiền qua tài khoản Ngày giờ giao dịch 05:49 31/03/2026 Số lệnh giao dịch 90231829776 Tài khoản nguồn 1086009085 Số tiền 6.347.346 VND,not spam
Transaction Receipt Date Time 18:46 03/01/2026 Order Number 78737639357 Debit Account 1055793805 Amount 2.968.999 VND,not spam
Biên lai chuyển tiền qua tài khoản Ngày giờ giao dịch 23:58 10/04/2026 Số lệnh giao dịch 97599291371 Tài khoản nguồn 1055619824 Số tiền 3.222.533 VND,not spam
Payment Receipt Transaction Date Time 07:05 20/03/2026 Order Number 84955486516 Debit Account 1073069278 Amount 5.631.003 VND,not spam
Xác nhận chuyển khoản thành công Thời gian 06:32 18/03/2026 Mã giao dịch 41733805610 Tài khoản nguồn 1090075933 Số tiền 4.926.679 VND,not spam
Transaction Receipt Date Time 08:57 02/04/2026 Order Number 47076093798 Debit Account 1048543083 Amount 4.642.546 VND,not spam
Transaction Receipt Date Time 20:14 09/04/2026 Order Number 39462118074 Debit Account 1072088185 Amount 388.446 VND,not spam
Biên lai chuyển tiền qua tài khoản Ngày giờ giao dịch 06:17 22/01/2026 Số lệnh giao dịch 56120236463 Tài khoản nguồn 1029480203 Số tiền 2.751.381 VND,not spam
Biên lai chuyển tiền qua tài khoản Ngày giờ giao dịch 19:14 19/02/2026 Số lệnh giao dịch 45483946150 Tài khoản nguồn 1028491752 Số tiền 4.404.086 VND,not spam
Biên nhận thanh toán ngân hàng Ngày giờ 01:49 05/01/2026 Số giao dịch 30890514448 Tài khoản nguồn 1096581749 Số tiền 8.359.369 VND,not spam
Biên nhận thanh toán ngân hàng Ngày giờ 09:54 16/02/2026 Số giao dịch 60929382459 Tài khoản nguồn 1082868291 Số tiền 3.341.738 VND,not spam
Xác nhận chuyển khoản thành công Thời gian 08:51 20/04/2026 Mã giao dịch 75559485807 Tài khoản nguồn 1082916458 Số tiền 2.581.203 VND,not spam
Transaction Receipt Date Time 11:09 19/02/2026 Order Number 18852706863 Debit Account 1034925205 Amount 1.284.166 VND,not spam
Biên nhận thanh toán ngân hàng Ngày giờ 06:29 21/04/2026 Số giao dịch 15615722675 Tài khoản nguồn 1036088621 Số tiền 5.675.619 VND,not spam
Biên lai chuyển tiền qua tài khoản Ngày giờ giao dịch 22:43 20/03/2026 Số lệnh giao dịch 67687281666 Tài khoản nguồn 1049208163 Số tiền 8.172.955 VND,not spam
Payment Receipt Transaction Date Time 23:27 21/04/2026 Order Number 50336526160 Debit Account 1012901502 Amount 1.377.254 VND,not spam
Payment Receipt Transaction Date Time 22:21 27/04/2026 Order Number 88878575542 Debit Account 1057634775 Amount 6.429.041 VND,not spam
Biên lai chuyển tiền qua tài khoản Ngày giờ giao dịch 12:03 25/02/2026 Số lệnh giao dịch 38381288966 Tài khoản nguồn 1015124252 Số tiền 3.865.187 VND,not spam
Biên nhận thanh toán ngân hàng Ngày giờ 12:11 29/03/2026 Số giao dịch 40636330604 Tài khoản nguồn 1083129045 Số tiền 1.627.998 VND,not spam
Xác nhận chuyển khoản thành công Thời gian 10:32 26/02/2026 Mã giao dịch 35195921042 Tài khoản nguồn 1050788997 Số tiền 8.143.985 VND,not spam
Transaction Receipt Date Time 05:02 06/03/2026 Order Number 23449025883 Debit Account 1036734212 Amount 239.288 VND,not spam
Biên lai chuyển tiền qua tài khoản Ngày giờ giao dịch 11:18 17/04/2026 Số lệnh giao dịch 39344045023 Tài khoản nguồn 1007303838 Số tiền 5.251.270 VND,not spam
Payment Receipt Transaction Date Time 04:04 02/04/2026 Order Number 87981137780 Debit Account 1056107697 Amount 4.523.533 VND,not spam
Payment Receipt Transaction Date Time 02:57 25/01/2026 Order Number 92294431321 Debit Account 1055935191 Amount 3.653.829 VND,not spam
Biên nhận thanh toán ngân hàng Ngày giờ 17:54 04/03/2026 Số giao dịch 92347914520 Tài khoản nguồn 1008649323 Số tiền 8.383.572 VND,not spam
Payment Receipt Transaction Date Time 06:04 29/03/2026 Order Number 40716051458 Debit Account 1025405447 Amount 2.491.859 VND,not spam
Transaction Receipt Date Time 08:04 09/04/2026 Order Number 57583376999 Debit Account 1070904278 Amount 4.697.042 VND,not spam
Payment Receipt Transaction Date Time 21:36 02/03/2026 Order Number 42470063141 Debit Account 1016932820 Amount 1.991.873 VND,not spam
Biên nhận thanh toán ngân hàng Ngày giờ 23:27 17/02/2026 Số giao dịch 71091234701 Tài khoản nguồn 1090634166 Số tiền 6.592.609 VND,not spam
Xác nhận chuyển khoản thành công Thời gian 21:36 24/01/2026 Mã giao dịch 18235705978 Tài khoản nguồn 1049296573 Số tiền 7.794.006 VND,not spam
Payment Receipt Transaction Date Time 21:46 01/03/2026 Order Number 59705360038 Debit Account 1047253927 Amount 2.641.168 VND,not spam
Biên nhận thanh toán ngân hàng Ngày giờ 06:34 03/03/2026 Số giao dịch 50956628186 Tài khoản nguồn 1080235939 Số tiền 3.510.563 VND,not spam
Payment Receipt Transaction Date Time 19:14 06/02/2026 Order Number 21444307169 Debit Account 1088068085 Amount 3.827.999 VND,not spam
Biên nhận thanh toán ngân hàng Ngày giờ 16:13 27/03/2026 Số giao dịch 52249553718 Tài khoản nguồn 1066061615 Số tiền 1.054.820 VND,not spam
Biên nhận thanh toán ngân hàng Ngày giờ 06:40 31/03/2026 Số giao dịch 48884185179 Tài khoản nguồn 1040184383 Số tiền 3.555.919 VND,not spam
Biên nhận thanh toán ngân hàng Ngày giờ 00:48 28/02/2026 Số giao dịch 67232950153 Tài khoản nguồn 1032748254 Số tiền 1.785.916 VND,not spam
Payment Receipt Transaction Date Time 16:03 05/04/2026 Order Number 13583195023 Debit Account 1069042522 Amount 8.341.010 VND,not spam
Biên nhận thanh toán ngân hàng Ngày giờ 11:35 20/04/2026 Số giao dịch 11831867404 Tài khoản nguồn 1086626529 Số tiền 7.333.738 VND,not spam
Biên nhận thanh toán ngân hàng Ngày giờ 07:33 02/01/2026 Số giao dịch 98303609437 Tài khoản nguồn 1005796393 Số tiền 3.370.945 VND,not spam
Xác nhận chuyển khoản thành công Thời gian 01:54 27/04/2026 Mã giao dịch 70708812061 Tài khoản nguồn 1094369399 Số tiền 3.014.366 VND,not spam
Biên nhận thanh toán ngân hàng Ngày giờ 04:09 02/02/2026 Số giao dịch 82987116531 Tài khoản nguồn 1051270001 Số tiền 1.578.506 VND,not spam
Transaction Receipt Date Time 03:04 31/03/2026 Order Number 65607325046 Debit Account 1064952526 Amount 6.170.942 VND,not spam
Payment Receipt Transaction Date Time 01:33 22/02/2026 Order Number 32323847413 Debit Account 1031771791 Amount 3.326.710 VND,not spam
Transaction Receipt Date Time 21:21 24/03/2026 Order Number 51644187242 Debit Account 1064081083 Amount 8.507.271 VND,not spam
Payment Receipt Transaction Date Time 06:18 16/01/2026 Order Number 91761873633 Debit Account 1042330237 Amount 1.512.859 VND,not spam
Transaction Receipt Date Time 20:11 28/02/2026 Order Number 20912443692 Debit Account 1054996998 Amount 2.373.443 VND,not spam
Transaction Receipt Date Time 01:50 01/05/2026 Order Number 53551773119 Debit Account 1089581637 Amount 6.037.987 VND,not spam
Biên nhận thanh toán ngân hàng Ngày giờ 23:12 25/04/2026 Số giao dịch 71848692540 Tài khoản nguồn 1011533485 Số tiền 6.635.713 VND,not spam
Xác nhận chuyển khoản thành công Thời gian 00:18 28/01/2026 Mã giao dịch 59754789372 Tài khoản nguồn 1050258851 Số tiền 145.452 VND,not spam
Biên lai chuyển tiền qua tài khoản Ngày giờ giao dịch 14:50 18/04/2026 Số lệnh giao dịch 64799435519 Tài khoản nguồn 1041163681 Số tiền 2.927.326 VND,not spam
Xác nhận chuyển khoản thành công Thời gian 23:41 29/01/2026 Mã giao dịch 56146686334 Tài khoản nguồn 1044616040 Số tiền 3.573.903 VND,not spam
Biên lai chuyển tiền qua tài khoản Ngày giờ giao dịch 01:01 01/04/2026 Số lệnh giao dịch 92385850972 Tài khoản nguồn 1062063405 Số tiền 5.460.305 VND,not spam
Biên lai chuyển tiền qua tài khoản Ngày giờ giao dịch 08:51 17/03/2026 Số lệnh giao dịch 48183197916 Tài khoản nguồn 1008833748 Số tiền 4.212.721 VND,not spam
Biên lai chuyển tiền qua tài khoản Ngày giờ giao dịch 04:48 22/02/2026 Số lệnh giao dịch 45851889811 Tài khoản nguồn 1066902887 Số tiền 674.912 VND,not spam
Biên nhận thanh toán ngân hàng Ngày giờ 03:19 30/03/2026 Số giao dịch 41130767664 Tài khoản nguồn 1069517192 Số tiền 7.334.455 VND,not spam
Transaction Receipt Date Time 08:00 01/01/2026 Order Number 30640907638 Debit Account 1063747365 Amount 2.522.225 VND,not spam
Xác nhận chuyển khoản thành công Thời gian 02:38 29/04/2026 Mã giao dịch 43696696837 Tài khoản nguồn 1074748224 Số tiền 2.609.474 VND,not spam
Payment Receipt Transaction Date Time 12:08 20/03/2026 Order Number 57073456412 Debit Account 1026080479 Amount 2.192.429 VND,not spam
Payment Receipt Transaction Date Time 19:56 30/03/2026 Order Number 26656605261 Debit Account 1017072344 Amount 580.832 VND,not spam
Transaction Receipt Date Time 08:17 15/02/2026 Order Number 13586938789 Debit Account 1008557639 Amount 7.673.646 VND,not spam
Biên nhận thanh toán ngân hàng Ngày giờ 22:25 09/02/2026 Số giao dịch 30120270357 Tài khoản nguồn 1052573237 Số tiền 7.168.518 VND,not spam
Xác nhận chuyển khoản thành công Thời gian 14:22 07/02/2026 Mã giao dịch 78223778693 Tài khoản nguồn 1024916165 Số tiền 4.532.072 VND,not spam
Biên lai chuyển tiền qua tài khoản Ngày giờ giao dịch 09:14 30/03/2026 Số lệnh giao dịch 17941739418 Tài khoản nguồn 1067038600 Số tiền 1.021.419 VND,not spam
Biên lai chuyển tiền qua tài khoản Ngày giờ giao dịch 02:38 01/03/2026 Số lệnh giao dịch 99276120627 Tài khoản nguồn 1032943880 Số tiền 2.242.540 VND,not spam
Biên nhận thanh toán ngân hàng Ngày giờ 23:39 19/02/2026 Số giao dịch 88264993483 Tài khoản nguồn 1082902900 Số tiền 4.663.853 VND,not spam
Payment Receipt Transaction Date Time 23:13 21/01/2026 Order Number 20079924366 Debit Account 1016374166 Amount 3.891.618 VND,not spam
Payment Receipt Transaction Date Time 10:50 13/03/2026 Order Number 72433394648 Debit Account 1094738221 Amount 1.409.486 VND,not spam
Biên nhận thanh toán ngân hàng Ngày giờ 18:22 01/05/2026 Số giao dịch 35309466193 Tài khoản nguồn 1024305749 Số tiền 1.725.083 VND,not spam
Xác nhận chuyển khoản thành công Thời gian 05:43 22/04/2026 Mã giao dịch 78400696879 Tài khoản nguồn 1081960546 Số tiền 1.349.769 VND,not spam
Biên nhận thanh toán ngân hàng Ngày giờ 13:13 09/01/2026 Số giao dịch 47082320091 Tài khoản nguồn 1044061027 Số tiền 6.597.542 VND,not spam
Xác nhận chuyển khoản thành công Thời gian 18:20 25/02/2026 Mã giao dịch 93823270516 Tài khoản nguồn 1080347494 Số tiền 1.206.105 VND,not spam
Payment Receipt Transaction Date Time 13:22 09/03/2026 Order Number 77591006554 Debit Account 1046518230 Amount 2.022.808 VND,not spam
Biên nhận thanh toán ngân hàng Ngày giờ 10:00 29/01/2026 Số giao dịch 52749025412 Tài khoản nguồn 1055146256 Số tiền 2.367.784 VND,not spam
Payment Receipt Transaction Date Time 08:45 07/03/2026 Order Number 16940820352 Debit Account 1021784430 Amount 5.221.807 VND,not spam
Biên lai chuyển tiền qua tài khoản Ngày giờ giao dịch 21:07 04/02/2026 Số lệnh giao dịch 90049930086 Tài khoản nguồn 1014983930 Số tiền 3.034.835 VND,not spam
Transaction Receipt Date Time 14:36 27/04/2026 Order Number 67846870357 Debit Account 1007325090 Amount 2.383.771 VND,not spam
Biên nhận thanh toán ngân hàng Ngày giờ 11:32 07/02/2026 Số giao dịch 64735699750 Tài khoản nguồn 1011947585 Số tiền 7.353.470 VND,not spam
Payment Receipt Transaction Date Time 21:44 07/03/2026 Order Number 66836004745 Debit Account 1065334951 Amount 1.071.212 VND,not spam
Transaction Receipt Date Time 23:57 19/04/2026 Order Number 84567951443 Debit Account 1069883669 Amount 3.125.655 VND,not spam
Biên lai chuyển tiền qua tài khoản Ngày giờ giao dịch 22:13 25/01/2026 Số lệnh giao dịch 57324350574 Tài khoản nguồn 1031893347 Số tiền 4.026.888 VND,not spam
Transaction Receipt Date Time 16:41 22/02/2026 Order Number 68232600939 Debit Account 1022174570 Amount 3.958.088 VND,not spam
Biên lai chuyển tiền qua tài khoản Ngày giờ giao dịch 07:32 10/03/2026 Số lệnh giao dịch 18433965556 Tài khoản nguồn 1087997940 Số tiền 2.626.862 VND,not spam
Transaction Receipt Date Time 02:51 04/01/2026 Order Number 83625542751 Debit Account 1035759190 Amount 3.872.006 VND,not spam
Xác nhận chuyển khoản thành công Thời gian 10:46 18/01/2026 Mã giao dịch 44762472707 Tài khoản nguồn 1055381318 Số tiền 5.985.972 VND,not spam
Transaction Receipt Date Time 01:35 08/01/2026 Order Number 16263259445 Debit Account 1098115997 Amount 5.295.897 VND,not spam
Xác nhận chuyển khoản thành công Thời gian 09:43 05/04/2026 Mã giao dịch 65246652907 Tài khoản nguồn 1041179071 Số tiền 6.478.316 VND,not spam
Biên nhận thanh toán ngân hàng Ngày giờ 09:43 16/01/2026 Số giao dịch 98850978771 Tài khoản nguồn 1001521178 Số tiền 1.794.130 VND,not spam
Biên nhận thanh toán ngân hàng Ngày giờ 02:13 16/01/2026 Số giao dịch 12709250946 Tài khoản nguồn 1032967694 Số tiền 7.892.454 VND,not spam
Biên lai chuyển tiền qua tài khoản Ngày giờ giao dịch 06:21 28/01/2026 Số lệnh giao dịch 52558657826 Tài khoản nguồn 1038348040 Số tiền 7.823.031 VND,not spam
Biên nhận thanh toán ngân hàng Ngày giờ 22:35 15/03/2026 Số giao dịch 81785578832 Tài khoản nguồn 1028242162 Số tiền 7.785.092 VND,not spam
Biên nhận thanh toán ngân hàng Ngày giờ 02:46 04/01/2026 Số giao dịch 95870550865 Tài khoản nguồn 1060313422 Số tiền 3.456.795 VND,not spam
Xác nhận chuyển khoản thành công Thời gian 13:11 24/03/2026 Mã giao dịch 64398838785 Tài khoản nguồn 1050333070 Số tiền 7.788.444 VND,not spam
Payment Receipt Transaction Date Time 07:58 05/03/2026 Order Number 48715237616 Debit Account 1036019693 Amount 7.974.675 VND,not spam
Biên nhận thanh toán ngân hàng Ngày giờ 11:48 15/01/2026 Số giao dịch 26106975354 Tài khoản nguồn 1028731049 Số tiền 7.511.146 VND,not spam
Biên nhận thanh toán ngân hàng Ngày giờ 06:26 08/01/2026 Số giao dịch 35049658599 Tài khoản nguồn 1094235520 Số tiền 6.504.739 VND,not spam
Biên nhận thanh toán ngân hàng Ngày giờ 11:33 19/01/2026 Số giao dịch 22025127109 Tài khoản nguồn 1068685816 Số tiền 2.700.179 VND,not spam
Biên lai chuyển tiền qua tài khoản Ngày giờ giao dịch 18:49 28/01/2026 Số lệnh giao dịch 81982032846 Tài khoản nguồn 1072952838 Số tiền 7.826.959 VND,not spam
Xác nhận chuyển khoản thành công Thời gian 09:30 18/01/2026 Mã giao dịch 67772385295 Tài khoản nguồn 1089744575 Số tiền 5.809.085 VND,not spam
Biên nhận thanh toán ngân hàng Ngày giờ 22:23 20/04/2026 Số giao dịch 48617478942 Tài khoản nguồn 1027288760 Số tiền 7.756.513 VND,not spam
Transaction Receipt Date Time 15:52 04/02/2026 Order Number 68512169910 Debit Account 1038190603 Amount 4.666.228 VND,not spam
Biên nhận thanh toán ngân hàng Ngày giờ 02:07 01/05/2026 Số giao dịch 71526422481 Tài khoản nguồn 1091534538 Số tiền 4.839.193 VND,not spam
Transaction Receipt Date Time 07:32 26/04/2026 Order Number 56863154455 Debit Account 1033320207 Amount 2.621.932 VND,not spam
Payment Receipt Transaction Date Time 08:45 24/04/2026 Order Number 43604574368 Debit Account 1055266965 Amount 526.868 VND,not spam
Biên nhận thanh toán ngân hàng Ngày giờ 12:14 18/01/2026 Số giao dịch 18898783732 Tài khoản nguồn 1022178102 Số tiền 7.883.878 VND,not spam
Transaction Receipt Date Time 23:24 12/04/2026 Order Number 49599128794 Debit Account 1081042746 Amount 6.584.014 VND,not spam
Xác nhận chuyển khoản thành công Thời gian 00:18 20/01/2026 Mã giao dịch 50505769270 Tài khoản nguồn 1099147982 Số tiền 5.068.397 VND,not spam
Biên nhận thanh toán ngân hàng Ngày giờ 17:03 26/03/2026 Số giao dịch 23523546245 Tài khoản nguồn 1022219857 Số tiền 8.716.776 VND,not spam
Biên nhận thanh toán ngân hàng Ngày giờ 13:07 29/04/2026 Số giao dịch 57491674998 Tài khoản nguồn 1086780188 Số tiền 5.358.711 VND,not spam
Xác nhận chuyển khoản thành công Thời gian 01:19 13/04/2026 Mã giao dịch 16232766837 Tài khoản nguồn 1046190352 Số tiền 4.791.862 VND,not spam
Transaction Receipt Date Time 20:13 03/02/2026 Order Number 32650983448 Debit Account 1038510618 Amount 8.602.480 VND,not spam
Xác nhận chuyển khoản thành công Thời gian 17:52 12/01/2026 Mã giao dịch 27332879695 Tài khoản nguồn 1017658945 Số tiền 6.457.478 VND,not spam
Xác nhận chuyển khoản thành công Thời gian 10:53 13/04/2026 Mã giao dịch 33497890488 Tài khoản nguồn 1039320167 Số tiền 478.311 VND,not spam
Xác nhận chuyển khoản thành công Thời gian 00:34 23/03/2026 Mã giao dịch 89941053711 Tài khoản nguồn 1003101710 Số tiền 7.072.372 VND,not spam
Transaction Receipt Date Time 14:52 09/04/2026 Order Number 81374209559 Debit Account 1052225305 Amount 1.801.855 VND,not spam
Biên lai chuyển tiền qua tài khoản Ngày giờ giao dịch 18:36 03/01/2026 Số lệnh giao dịch 64940071520 Tài khoản nguồn 1011996271 Số tiền 8.396.657 VND,not spam
Payment Receipt Transaction Date Time 11:37 05/01/2026 Order Number 69389492398 Debit Account 1063357026 Amount 5.375.338 VND,not spam
Payment Receipt Transaction Date Time 00:08 02/03/2026 Order Number 46381830403 Debit Account 1058026197 Amount 8.661.029 VND,not spam
Biên lai chuyển tiền qua tài khoản Ngày giờ giao dịch 13:28 12/03/2026 Số lệnh giao dịch 50872351585 Tài khoản nguồn 1012498681 Số tiền 893.029 VND,not spam
Biên nhận thanh toán ngân hàng Ngày giờ 04:58 28/04/2026 Số giao dịch 19441110600 Tài khoản nguồn 1061257273 Số tiền 6.089.301 VND,not spam
Biên lai chuyển tiền qua tài khoản Ngày giờ giao dịch 18:38 12/02/2026 Số lệnh giao dịch 39816233196 Tài khoản nguồn 1080842795 Số tiền 5.349.524 VND,not spam
Payment Receipt Transaction Date Time 05:21 09/04/2026 Order Number 36120270602 Debit Account 1039355492 Amount 1.124.223 VND,not spam
Biên nhận thanh toán ngân hàng Ngày giờ 18:29 15/04/2026 Số giao dịch 72277877343 Tài khoản nguồn 1051826072 Số tiền 6.128.224 VND,not spam
Transaction Receipt Date Time 20:33 02/03/2026 Order Number 34948953296 Debit Account 1091113410 Amount 2.411.194 VND,not spam
Biên lai chuyển tiền qua tài khoản Ngày giờ giao dịch 05:19 23/01/2026 Số lệnh giao dịch 98698013249 Tài khoản nguồn 1020134358 Số tiền 3.500.045 VND,not spam
Payment Receipt Transaction Date Time 22:15 28/04/2026 Order Number 19182777277 Debit Account 1065015439 Amount 8.516.800 VND,not spam
Transaction Receipt Date Time 12:25 20/03/2026 Order Number 84835922430 Debit Account 1086744044 Amount 8.475.574 VND,not spam
Biên nhận thanh toán ngân hàng Ngày giờ 15:17 03/03/2026 Số giao dịch 38616141844 Tài khoản nguồn 1050736849 Số tiền 609.840 VND,not spam
Xác nhận chuyển khoản thành công Thời gian 19:50 18/01/2026 Mã giao dịch 37660232336 Tài khoản nguồn 1020821660 Số tiền 6.568.428 VND,not spam
Biên nhận thanh toán ngân hàng Ngày giờ 20:43 08/01/2026 Số giao dịch 49325250595 Tài khoản nguồn 1079557691 Số tiền 8.236.229 VND,not spam
Xác nhận chuyển khoản thành công Thời gian 04:51 18/03/2026 Mã giao dịch 95140549022 Tài khoản nguồn 1052800215 Số tiền 1.246.877 VND,not spam
Biên lai chuyển tiền qua tài khoản Ngày giờ giao dịch 00:54 04/01/2026 Số lệnh giao dịch 21451175538 Tài khoản nguồn 1011719819 Số tiền 2.219.444 VND,not spam
Transaction Receipt Date Time 08:03 27/01/2026 Order Number 54799679905 Debit Account 1091529372 Amount 4.693.105 VND,not spam
Xác nhận chuyển khoản thành công Thời gian 06:52 29/03/2026 Mã giao dịch 35627971707 Tài khoản nguồn 1054998578 Số tiền 1.364.649 VND,not spam
Xác nhận chuyển khoản thành công Thời gian 03:27 27/02/2026 Mã giao dịch 56521849417 Tài khoản nguồn 1067400425 Số tiền 1.724.054 VND,not spam
Biên lai chuyển tiền qua tài khoản Ngày giờ giao dịch 21:03 19/01/2026 Số lệnh giao dịch 95497608887 Tài khoản nguồn 1095698142 Số tiền 3.561.745 VND,not spam
Payment Receipt Transaction Date Time 02:55 27/03/2026 Order Number 35350591963 Debit Account 1061126188 Amount 8.639.026 VND,not spam
Biên lai chuyển tiền qua tài khoản Ngày giờ giao dịch 10:44 13/04/2026 Số lệnh giao dịch 95881851421 Tài khoản nguồn 1039527873 Số tiền 5.226.865 VND,not spam
Payment Receipt Transaction Date Time 14:03 06/01/2026 Order Number 32712172876 Debit Account 1003275480 Amount 5.317.311 VND,not spam
Biên lai chuyển tiền qua tài khoản Ngày giờ giao dịch 04:16 14/01/2026 Số lệnh giao dịch 45362623767 Tài khoản nguồn 1087804512 Số tiền 8.318.716 VND,not spam
Biên nhận thanh toán ngân hàng Ngày giờ 06:59 10/01/2026 Số giao dịch 49216950624 Tài khoản nguồn 1004046730 Số tiền 3.978.801 VND,not spam
Payment Receipt Transaction Date Time 21:11 01/02/2026 Order Number 94146758587 Debit Account 1061755658 Amount 1.822.265 VND,not spam
Biên lai chuyển tiền qua tài khoản Ngày giờ giao dịch 06:36 16/02/2026 Số lệnh giao dịch 98698332015 Tài khoản nguồn 1022898937 Số tiền 4.551.832 VND,not spam
Biên lai chuyển tiền qua tài khoản Ngày giờ giao dịch 02:19 30/01/2026 Số lệnh giao dịch 52120340674 Tài khoản nguồn 1073153871 Số tiền 2.297.006 VND,not spam
Xác nhận chuyển khoản thành công Thời gian 04:19 16/04/2026 Mã giao dịch 49172296228 Tài khoản nguồn 1070221690 Số tiền 1.705.130 VND,not spam
Payment Receipt Transaction Date Time 14:25 23/03/2026 Order Number 26120480629 Debit Account 1004073540 Amount 6.652.985 VND,not spam
Biên nhận thanh toán ngân hàng Ngày giờ 20:00 23/04/2026 Số giao dịch 76440339762 Tài khoản nguồn 1049532430 Số tiền 3.042.357 VND,not spam
Payment Receipt Transaction Date Time 15:55 12/03/2026 Order Number 79576570828 Debit Account 1099019387 Amount 8.985.244 VND,not spam
Payment Receipt Transaction Date Time 04:27 31/03/2026 Order Number 75990750879 Debit Account 1030583130 Amount 836.057 VND,not spam
Payment Receipt Transaction Date Time 03:23 09/01/2026 Order Number 17283127934 Debit Account 1028531622 Amount 7.266.701 VND,not spam
Xác nhận chuyển khoản thành công Thời gian 23:26 27/02/2026 Mã giao dịch 94426653041 Tài khoản nguồn 1082718535 Số tiền 7.553.882 VND,not spam
Xác nhận chuyển khoản thành công Thời gian 01:13 27/04/2026 Mã giao dịch 47286767192 Tài khoản nguồn 1017487450 Số tiền 8.712.166 VND,not spam
Biên lai chuyển tiền qua tài khoản Ngày giờ giao dịch 13:53 26/01/2026 Số lệnh giao dịch 24291929690 Tài khoản nguồn 1000702194 Số tiền 3.765.834 VND,not spam
Payment Receipt Transaction Date Time 22:51 17/04/2026 Order Number 37419938785 Debit Account 1040669413 Amount 5.203.846 VND,not spam
Xác nhận chuyển khoản thành công Thời gian 07:01 28/03/2026 Mã giao dịch 92676739884 Tài khoản nguồn 1037237774 Số tiền 5.136.210 VND,not spam
Payment Receipt Transaction Date Time 21:44 15/01/2026 Order Number 13783775002 Debit Account 1046698454 Amount 2.610.600 VND,not spam
Transaction Receipt Date Time 12:53 04/03/2026 Order Number 26711688433 Debit Account 1030341652 Amount 5.912.304 VND,not spam
Biên lai chuyển tiền qua tài khoản Ngày giờ giao dịch 02:15 22/01/2026 Số lệnh giao dịch 66681862973 Tài khoản nguồn 1018864421 Số tiền 6.372.273 VND,not spam
Biên nhận thanh toán ngân hàng Ngày giờ 18:22 27/04/2026 Số giao dịch 14648332547 Tài khoản nguồn 1073414918 Số tiền 7.660.478 VND,not spam
Transaction Receipt Date Time 11:18 31/03/2026 Order Number 56310404474 Debit Account 1050214477 Amount 204.469 VND,not spam
Biên lai chuyển tiền qua tài khoản Ngày giờ giao dịch 12:19 04/02/2026 Số lệnh giao dịch 76621823316 Tài khoản nguồn 1037105441 Số tiền 896.111 VND,not spam
Biên nhận thanh toán ngân hàng Ngày giờ 10:53 01/04/2026 Số giao dịch 89266631465 Tài khoản nguồn 1075381289 Số tiền 8.621.230 VND,not spam
Payment Receipt Transaction Date Time 05:32 06/01/2026 Order Number 46081823553 Debit Account 1025750826 Amount 5.300.636 VND,not spam
Payment Receipt Transaction Date Time 23:07 20/03/2026 Order Number 66552907016 Debit Account 1056595843 Amount 4.263.088 VND,not spam
Transaction Receipt Date Time 23:08 12/01/2026 Order Number 41172872863 Debit Account 1094271493 Amount 4.707.919 VND,not spam
Transaction Receipt Date Time 05:29 16/04/2026 Order Number 11828056251 Debit Account 1019400467 Amount 5.142.022 VND,not spam
Transaction Receipt Date Time 04:09 22/02/2026 Order Number 70286855418 Debit Account 1068105101 Amount 8.334.236 VND,not spam
Transaction Receipt Date Time 23:02 19/02/2026 Order Number 67097778722 Debit Account 1062191568 Amount 1.822.535 VND,not spam
Transaction Receipt Date Time 13:51 21/04/2026 Order Number 11762787793 Debit Account 1035231450 Amount 1.057.934 VND,not spam
Xác nhận chuyển khoản thành công Thời gian 08:20 06/03/2026 Mã giao dịch 27303125478 Tài khoản nguồn 1072995126 Số tiền 941.730 VND,not spam
Payment Receipt Transaction Date Time 10:47 13/01/2026 Order Number 49358667492 Debit Account 1099830138 Amount 6.946.933 VND,not spam
Transaction Receipt Date Time 04:05 09/03/2026 Order Number 82898395133 Debit Account 1008458487 Amount 7.163.480 VND,not spam
Xác nhận chuyển khoản thành công Thời gian 20:53 20/01/2026 Mã giao dịch 73486838679 Tài khoản nguồn 1054523814 Số tiền 5.518.400 VND,not spam
Xác nhận chuyển khoản thành công Thời gian 15:35 10/01/2026 Mã giao dịch 29455520682 Tài khoản nguồn 1002416881 Số tiền 1.495.514 VND,not spam
Payment Receipt Transaction Date Time 19:38 21/04/2026 Order Number 60237943053 Debit Account 1064415763 Amount 8.666.956 VND,not spam
Payment Receipt Transaction Date Time 05:58 31/03/2026 Order Number 66404987891 Debit Account 1006103007 Amount 1.271.335 VND,not spam
Xác nhận chuyển khoản thành công Thời gian 20:47 31/03/2026 Mã giao dịch 52088956370 Tài khoản nguồn 1091897001 Số tiền 4.234.093 VND,not spam
Xác nhận chuyển khoản thành công Thời gian 11:59 09/02/2026 Mã giao dịch 63286532000 Tài khoản nguồn 1063874487 Số tiền 7.373.217 VND,not spam
Xác nhận chuyển khoản thành công Thời gian 10:56 21/03/2026 Mã giao dịch 68843430115 Tài khoản nguồn 1020335404 Số tiền 2.247.798 VND,not spam
Biên nhận thanh toán ngân hàng Ngày giờ 08:40 26/04/2026 Số giao dịch 47340143499 Tài khoản nguồn 1057334498 Số tiền 7.931.101 VND,not spam
Transaction Receipt Date Time 01:18 09/03/2026 Order Number 77883657731 Debit Account 1046258803 Amount 8.326.071 VND,not spam
Payment Receipt Transaction Date Time 14:09 24/04/2026 Order Number 30808984084 Debit Account 1031231633 Amount 5.608.651 VND,not spam
Biên lai chuyển tiền qua tài khoản Ngày giờ giao dịch 21:35 14/03/2026 Số lệnh giao dịch 33043467873 Tài khoản nguồn 1056370827 Số tiền 6.896.971 VND,not spam
Xác nhận chuyển khoản thành công Thời gian 08:14 20/03/2026 Mã giao dịch 77239806368 Tài khoản nguồn 1047980191 Số tiền 1.379.009 VND,not spam
Xác nhận chuyển khoản thành công Thời gian 15:46 20/02/2026 Mã giao dịch 66030557935 Tài khoản nguồn 1033969187 Số tiền 8.196.106 VND,not spam
Transaction Receipt Date Time 04:20 19/01/2026 Order Number 24522440538 Debit Account 1014879673 Amount 5.411.459 VND,not spam
Payment Receipt Transaction Date Time 15:40 08/03/2026 Order Number 73562998699 Debit Account 1070593007 Amount 2.610.560 VND,not spam
Biên nhận thanh toán ngân hàng Ngày giờ 04:54 08/01/2026 Số giao dịch 54661588439 Tài khoản nguồn 1086404082 Số tiền 4.361.423 VND,not spam
Biên nhận thanh toán ngân hàng Ngày giờ 09:02 25/02/2026 Số giao dịch 36115423503 Tài khoản nguồn 1003581877 Số tiền 5.389.075 VND,not spam
Biên nhận thanh toán ngân hàng Ngày giờ 09:15 08/02/2026 Số giao dịch 69385093602 Tài khoản nguồn 1046973192 Số tiền 7.431.047 VND,not spam
Xác nhận chuyển khoản thành công Thời gian 21:47 05/02/2026 Mã giao dịch 15891745142 Tài khoản nguồn 1038755162 Số tiền 3.429.967 VND,not spam
Transaction Receipt Date Time 03:38 15/04/2026 Order Number 47507706392 Debit Account 1002275322 Amount 4.348.660 VND,not spam
Xác nhận chuyển khoản thành công Thời gian 03:25 26/04/2026 Mã giao dịch 50633716309 Tài khoản nguồn 1073305125 Số tiền 4.711.623 VND,not spam
Xác nhận chuyển khoản thành công Thời gian 04:31 08/01/2026 Mã giao dịch 61988129726 Tài khoản nguồn 1059648274 Số tiền 5.271.991 VND,not spam
Biên lai chuyển tiền qua tài khoản Ngày giờ giao dịch 14:40 31/01/2026 Số lệnh giao dịch 53535492685 Tài khoản nguồn 1020128535 Số tiền 3.440.661 VND,not spam
Biên nhận thanh toán ngân hàng Ngày giờ 05:57 06/02/2026 Số giao dịch 41544332613 Tài khoản nguồn 1086909125 Số tiền 3.500.624 VND,not spam
Transaction Receipt Date Time 01:38 28/02/2026 Order Number 47766379746 Debit Account 1090080752 Amount 7.795.375 VND,not spam
Biên nhận thanh toán ngân hàng Ngày giờ 15:23 24/02/2026 Số giao dịch 20406382084 Tài khoản nguồn 1030211561 Số tiền 5.799.939 VND,not spam
Biên lai chuyển tiền qua tài khoản Ngày giờ giao dịch 10:06 27/03/2026 Số lệnh giao dịch 84661775230 Tài khoản nguồn 1095945604 Số tiền 8.406.515 VND,not spam
Xác nhận chuyển khoản thành công Thời gian 04:57 26/01/2026 Mã giao dịch 75576890113 Tài khoản nguồn 1065300568 Số tiền 7.881.489 VND,not spam
Xác nhận chuyển khoản thành công Thời gian 14:34 11/01/2026 Mã giao dịch 93719381190 Tài khoản nguồn 1037599980 Số tiền 1.923.449 VND,not spam
Transaction Receipt Date Time 04:57 23/02/2026 Order Number 24526832270 Debit Account 1056870761 Amount 3.681.562 VND,not spam
Payment Receipt Transaction Date Time 00:35 28/03/2026 Order Number 25536823518 Debit Account 1013612935 Amount 1.394.786 VND,not spam
Xác nhận chuyển khoản thành công Thời gian 03:43 16/03/2026 Mã giao dịch 98301284503 Tài khoản nguồn 1050246376 Số tiền 7.012.023 VND,not spam
Biên nhận thanh toán ngân hàng Ngày giờ 02:26 20/04/2026 Số giao dịch 99548473738 Tài khoản nguồn 1060546969 Số tiền 5.056.478 VND,not spam
Biên nhận thanh toán ngân hàng Ngày giờ 14:25 21/03/2026 Số giao dịch 93943607047 Tài khoản nguồn 1017903123 Số tiền 7.690.998 VND,not spam
Transaction Receipt Date Time 15:24 21/04/2026 Order Number 53404995307 Debit Account 1037240774 Amount 2.387.605 VND,not spam
Xác nhận chuyển khoản thành công Thời gian 21:02 13/01/2026 Mã giao dịch 17125234087 Tài khoản nguồn 1000605830 Số tiền 5.504.740 VND,not spam
Xác nhận chuyển khoản thành công Thời gian 01:10 23/02/2026 Mã giao dịch 93490419211 Tài khoản nguồn 1002322652 Số tiền 7.256.636 VND,not spam
Transaction Receipt Date Time 18:25 16/01/2026 Order Number 15992331036 Debit Account 1003690566 Amount 2.308.257 VND,not spam
Payment Receipt Transaction Date Time 16:31 25/03/2026 Order Number 28528031579 Debit Account 1038715704 Amount 2.355.870 VND,not spam
Transaction Receipt Date Time 18:54 18/01/2026 Order Number 29559353163 Debit Account 1019565464 Amount 3.995.329 VND,not spam
Payment Receipt Transaction Date Time 00:53 28/01/2026 Order Number 85117608970 Debit Account 1061467327 Amount 6.124.310 VND,not spam
Biên nhận thanh toán ngân hàng Ngày giờ 20:27 09/03/2026 Số giao dịch 48045866947 Tài khoản nguồn 1083077617 Số tiền 469.564 VND,not spam
Transaction Receipt Date Time 10:06 14/04/2026 Order Number 43583020795 Debit Account 1057507896 Amount 4.331.041 VND,not spam
Payment Receipt Transaction Date Time 16:29 14/03/2026 Order Number 59595662501 Debit Account 1033812076 Amount 2.052.082 VND,not spam
Biên lai chuyển tiền qua tài khoản Ngày giờ giao dịch 22:22 21/02/2026 Số lệnh giao dịch 59142583091 Tài khoản nguồn 1056622760 Số tiền 8.517.836 VND,not spam
Biên nhận thanh toán ngân hàng Ngày giờ 15:24 10/03/2026 Số giao dịch 23877113335 Tài khoản nguồn 1002625752 Số tiền 5.890.745 VND,not spam
Biên lai chuyển tiền qua tài khoản Ngày giờ giao dịch 22:11 30/03/2026 Số lệnh giao dịch 24925586783 Tài khoản nguồn 1031018164 Số tiền 2.447.925 VND,not spam
Biên nhận thanh toán ngân hàng Ngày giờ 23:04 22/01/2026 Số giao dịch 47058481498 Tài khoản nguồn 1063544189 Số tiền 6.143.123 VND,not spam
Payment Receipt Transaction Date Time 07:02 07/02/2026 Order Number 72915619844 Debit Account 1072983511 Amount 7.623.264 VND,not spam
Transaction Receipt Date Time 09:52 01/02/2026 Order Number 48702212358 Debit Account 1063101213 Amount 2.516.234 VND,not spam
Payment Receipt Transaction Date Time 06:11 09/02/2026 Order Number 44669290611 Debit Account 1022622770 Amount 6.590.167 VND,not spam
Transaction Receipt Date Time 09:47 09/04/2026 Order Number 70906466530 Debit Account 1053435751 Amount 1.589.045 VND,not spam
Xác nhận chuyển khoản thành công Thời gian 19:22 30/01/2026 Mã giao dịch 86590813755 Tài khoản nguồn 1082891976 Số tiền 2.778.662 VND,not spam
Biên nhận thanh toán ngân hàng Ngày giờ 19:08 01/05/2026 Số giao dịch 53588080246 Tài khoản nguồn 1046030689 Số tiền 4.224.076 VND,not spam
Biên lai chuyển tiền qua tài khoản Ngày giờ giao dịch 04:12 02/02/2026 Số lệnh giao dịch 96814705161 Tài khoản nguồn 1000842804 Số tiền 991.866 VND,not spam
Biên lai chuyển tiền qua tài khoản Ngày giờ giao dịch 14:18 29/01/2026 Số lệnh giao dịch 99824797997 Tài khoản nguồn 1014733176 Số tiền 1.328.379 VND,not spam
Transaction Receipt Date Time 04:54 26/01/2026 Order Number 35537682977 Debit Account 1004191267 Amount 7.330.901 VND,not spam
Payment Receipt Transaction Date Time 05:28 11/02/2026 Order Number 70351842742 Debit Account 1083043851 Amount 8.441.771 VND,not spam
Xác nhận chuyển khoản thành công Thời gian 22:18 16/03/2026 Mã giao dịch 81365181379 Tài khoản nguồn 1007075685 Số tiền 4.101.038 VND,not spam
Biên lai chuyển tiền qua tài khoản Ngày giờ giao dịch 14:59 04/03/2026 Số lệnh giao dịch 79706371192 Tài khoản nguồn 1042491809 Số tiền 1.892.126 VND,not spam
Xác nhận chuyển khoản thành công Thời gian 04:17 23/03/2026 Mã giao dịch 46162699185 Tài khoản nguồn 1015408634 Số tiền 326.031 VND,not spam
Biên lai chuyển tiền qua tài khoản Ngày giờ giao dịch 11:32 24/01/2026 Số lệnh giao dịch 53193933252 Tài khoản nguồn 1021349912 Số tiền 730.206 VND,not spam
Biên lai chuyển tiền qua tài khoản Ngày giờ giao dịch 00:16 01/02/2026 Số lệnh giao dịch 75675484868 Tài khoản nguồn 1096675676 Số tiền 8.397.301 VND,not spam
Xác nhận chuyển khoản thành công Thời gian 18:05 26/01/2026 Mã giao dịch 57996909534 Tài khoản nguồn 1096411140 Số tiền 1.518.067 VND,not spam
Xác nhận chuyển khoản thành công Thời gian 04:23 25/01/2026 Mã giao dịch 74058092257 Tài khoản nguồn 1050829242 Số tiền 7.538.863 VND,not spam
Xác nhận chuyển khoản thành công Thời gian 19:37 21/04/2026 Mã giao dịch 40400689016 Tài khoản nguồn 1031325343 Số tiền 1.615.529 VND,not spam
Payment Receipt Transaction Date Time 02:46 09/02/2026 Order Number 59489399151 Debit Account 1010884150 Amount 2.067.606 VND,not spam
Transaction Receipt Date Time 19:23 29/04/2026 Order Number 84085451487 Debit Account 1038061560 Amount 5.215.751 VND,not spam
Biên lai chuyển tiền qua tài khoản Ngày giờ giao dịch 05:45 22/02/2026 Số lệnh giao dịch 71039013136 Tài khoản nguồn 1018330135 Số tiền 3.323.995 VND,not spam
Biên lai chuyển tiền qua tài khoản Ngày giờ giao dịch 13:04 18/02/2026 Số lệnh giao dịch 87970589487 Tài khoản nguồn 1032736005 Số tiền 5.077.642 VND,not spam
Xác nhận chuyển khoản thành công Thời gian 19:32 03/04/2026 Mã giao dịch 24544212639 Tài khoản nguồn 1014579632 Số tiền 6.053.324 VND,not spam
Biên nhận thanh toán ngân hàng Ngày giờ 15:42 25/04/2026 Số giao dịch 88221349257 Tài khoản nguồn 1044760646 Số tiền 2.541.546 VND,not spam
Xác nhận chuyển khoản thành công Thời gian 10:40 26/01/2026 Mã giao dịch 95407646751 Tài khoản nguồn 1006058122 Số tiền 6.771.683 VND,not spam
Xác nhận chuyển khoản thành công Thời gian 10:51 14/01/2026 Mã giao dịch 29890551776 Tài khoản nguồn 1027389047 Số tiền 6.284.564 VND,not spam
Biên nhận thanh toán ngân hàng Ngày giờ 20:20 14/03/2026 Số giao dịch 14480313571 Tài khoản nguồn 1095211464 Số tiền 7.710.333 VND,not spam
Payment Receipt Transaction Date Time 14:31 07/03/2026 Order Number 39010566165 Debit Account 1037326828 Amount 4.339.245 VND,not spam
Transaction Receipt Date Time 04:18 16/01/2026 Order Number 57126665458 Debit Account 1029999266 Amount 5.751.939 VND,not spam
Xác nhận chuyển khoản thành công Thời gian 06:48 16/01/2026 Mã giao dịch 69501498854 Tài khoản nguồn 1028319023 Số tiền 7.074.257 VND,not spam
Payment Receipt Transaction Date Time 16:52 10/03/2026 Order Number 11669098276 Debit Account 1051796327 Amount 2.355.967 VND,not spam
Biên nhận thanh toán ngân hàng Ngày giờ 11:39 08/04/2026 Số giao dịch 63756896531 Tài khoản nguồn 1080826136 Số tiền 2.474.710 VND,not spam
Biên lai chuyển tiền qua tài khoản Ngày giờ giao dịch 21:33 30/01/2026 Số lệnh giao dịch 75281574457 Tài khoản nguồn 1063480713 Số tiền 6.373.257 VND,not spam
Xác nhận chuyển khoản thành công Thời gian 08:35 22/04/2026 Mã giao dịch 78757553723 Tài khoản nguồn 1070335180 Số tiền 4.390.706 VND,not spam
Biên lai chuyển tiền qua tài khoản Ngày giờ giao dịch 12:47 08/03/2026 Số lệnh giao dịch 28868725318 Tài khoản nguồn 1022884530 Số tiền 4.374.944 VND,not spam
Biên lai chuyển tiền qua tài khoản Ngày giờ giao dịch 13:07 01/04/2026 Số lệnh giao dịch 63590690408 Tài khoản nguồn 1007203302 Số tiền 8.204.032 VND,not spam
Biên lai chuyển tiền qua tài khoản Ngày giờ giao dịch 18:05 29/01/2026 Số lệnh giao dịch 56827257932 Tài khoản nguồn 1051788494 Số tiền 5.783.062 VND,not spam
Xác nhận chuyển khoản thành công Thời gian 22:42 07/04/2026 Mã giao dịch 41142068727 Tài khoản nguồn 1055013081 Số tiền 2.324.804 VND,not spam
Payment Receipt Transaction Date Time 21:58 21/02/2026 Order Number 17417299238 Debit Account 1033057485 Amount 3.173.417 VND,not spam
Transaction Receipt Date Time 04:36 13/02/2026 Order Number 66729010805 Debit Account 1007059453 Amount 8.622.359 VND,not spam
Xác nhận chuyển khoản thành công Thời gian 17:48 02/04/2026 Mã giao dịch 58796993519 Tài khoản nguồn 1088584221 Số tiền 7.346.410 VND,not spam
Payment Receipt Transaction Date Time 11:59 10/04/2026 Order Number 20225220628 Debit Account 1030206349 Amount 7.871.840 VND,not spam
Payment Receipt Transaction Date Time 11:40 17/02/2026 Order Number 70526402785 Debit Account 1069181690 Amount 7.032.871 VND,not spam
Biên nhận thanh toán ngân hàng Ngày giờ 08:04 28/02/2026 Số giao dịch 45000377734 Tài khoản nguồn 1094439479 Số tiền 258.270 VND,not spam
Transaction Receipt Date Time 11:27 29/04/2026 Order Number 71552916776 Debit Account 1069735506 Amount 214.150 VND,not spam
Payment Receipt Transaction Date Time 22:48 31/01/2026 Order Number 40489886487 Debit Account 1036593964 Amount 6.147.264 VND,not spam
Payment Receipt Transaction Date Time 18:11 26/02/2026 Order Number 58781434087 Debit Account 1093786505 Amount 673.508 VND,not spam
Payment Receipt Transaction Date Time 12:34 15/02/2026 Order Number 68287778490 Debit Account 1040566541 Amount 8.561.324 VND,not spam
Xác nhận chuyển khoản thành công Thời gian 14:05 07/01/2026 Mã giao dịch 83459170298 Tài khoản nguồn 1036168259 Số tiền 5.214.968 VND,not spam
Payment Receipt Transaction Date Time 13:35 16/03/2026 Order Number 40923891742 Debit Account 1037437947 Amount 1.560.847 VND,not spam
Biên nhận thanh toán ngân hàng Ngày giờ 12:43 06/03/2026 Số giao dịch 52296036547 Tài khoản nguồn 1039240007 Số tiền 8.168.750 VND,not spam
Biên lai chuyển tiền qua tài khoản Ngày giờ giao dịch 13:14 31/03/2026 Số lệnh giao dịch 75283088193 Tài khoản nguồn 1016287551 Số tiền 8.654.718 VND,not spam
Xác nhận chuyển khoản thành công Thời gian 18:48 21/04/2026 Mã giao dịch 20924986809 Tài khoản nguồn 1004194778 Số tiền 1.391.052 VND,not spam
Xác nhận chuyển khoản thành công Thời gian 07:55 26/02/2026 Mã giao dịch 36159569307 Tài khoản nguồn 1004435191 Số tiền 7.423.538 VND,not spam
Payment Receipt Transaction Date Time 02:43 02/03/2026 Order Number 18087565499 Debit Account 1019358266 Amount 8.311.058 VND,not spam
Payment Receipt Transaction Date Time 22:31 25/02/2026 Order Number 50713113774 Debit Account 1001521802 Amount 4.215.914 VND,not spam
Transaction Receipt Date Time 20:07 18/03/2026 Order Number 22423577965 Debit Account 1084036859 Amount 8.979.123 VND,not spam
Transaction Receipt Date Time 19:23 05/01/2026 Order Number 29586967936 Debit Account 1002928094 Amount 6.409.863 VND,not spam
Biên lai chuyển tiền qua tài khoản Ngày giờ giao dịch 04:21 27/03/2026 Số lệnh giao dịch 84660167640 Tài khoản nguồn 1009742016 Số tiền 7.576.977 VND,not spam
Xác nhận chuyển khoản thành công Thời gian 10:13 24/02/2026 Mã giao dịch 78511042612 Tài khoản nguồn 1008597790 Số tiền 6.407.504 VND,not spam
Xác nhận chuyển khoản thành công Thời gian 00:41 26/03/2026 Mã giao dịch 26628405561 Tài khoản nguồn 1040542512 Số tiền 3.711.578 VND,not spam
Transaction Receipt Date Time 18:24 02/01/2026 Order Number 65715184027 Debit Account 1010153270 Amount 1.531.319 VND,not spam
Payment Receipt Transaction Date Time 02:26 21/04/2026 Order Number 82372309589 Debit Account 1059970892 Amount 5.238.423 VND,not spam
Transaction Receipt Date Time 01:09 05/03/2026 Order Number 93688268457 Debit Account 1049340453 Amount 2.536.320 VND,not spam
Transaction Receipt Date Time 03:13 04/02/2026 Order Number 74485194346 Debit Account 1083941085 Amount 7.617.678 VND,not spam
Payment Receipt Transaction Date Time 04:20 21/02/2026 Order Number 46255979622 Debit Account 1081296166 Amount 7.712.839 VND,not spam
Transaction Receipt Date Time 11:45 26/04/2026 Order Number 94500979189 Debit Account 1077232075 Amount 1.427.056 VND,not spam
Biên lai chuyển tiền qua tài khoản Ngày giờ giao dịch 06:35 29/01/2026 Số lệnh giao dịch 92663245362 Tài khoản nguồn 1090204451 Số tiền 5.849.375 VND,not spam
Biên nhận thanh toán ngân hàng Ngày giờ 17:48 13/01/2026 Số giao dịch 10356217667 Tài khoản nguồn 1031331890 Số tiền 5.581.882 VND,not spam
Payment Receipt Transaction Date Time 23:59 26/01/2026 Order Number 33746833844 Debit Account 1073687185 Amount 1.429.903 VND,not spam
Transaction Receipt Date Time 05:03 08/02/2026 Order Number 47096514467 Debit Account 1078709843 Amount 5.620.393 VND,not spam
Xác nhận chuyển khoản thành công Thời gian 13:23 09/04/2026 Mã giao dịch 10884057057 Tài khoản nguồn 1082267954 Số tiền 8.393.986 VND,not spam
Payment Receipt Transaction Date Time 05:24 01/01/2026 Order Number 10782919211 Debit Account 1035553965 Amount 6.158.495 VND,not spam
Payment Receipt Transaction Date Time 13:42 25/01/2026 Order Number 66880314707 Debit Account 1088790228 Amount 3.424.238 VND,not spam
Biên nhận thanh toán ngân hàng Ngày giờ 18:24 06/01/2026 Số giao dịch 88044192453 Tài khoản nguồn 1000193932 Số tiền 3.506.221 VND,not spam
Biên lai chuyển tiền qua tài khoản Ngày giờ giao dịch 01:18 19/01/2026 Số lệnh giao dịch 63890068672 Tài khoản nguồn 1081919052 Số tiền 6.065.367 VND,not spam
Payment Receipt Transaction Date Time 18:48 27/03/2026 Order Number 32199084625 Debit Account 1068801684 Amount 2.488.461 VND,not spam
Biên nhận thanh toán ngân hàng Ngày giờ 20:05 27/04/2026 Số giao dịch 33396740442 Tài khoản nguồn 1038648438 Số tiền 4.501.043 VND,not spam
Xác nhận chuyển khoản thành công Thời gian 14:15 15/03/2026 Mã giao dịch 17321245824 Tài khoản nguồn 1098178325 Số tiền 3.858.380 VND,not spam
Payment Receipt Transaction Date Time 08:15 14/04/2026 Order Number 69360186029 Debit Account 1098901649 Amount 4.716.823 VND,not spam
Payment Receipt Transaction Date Time 11:53 11/04/2026 Order Number 78238596373 Debit Account 1055150181 Amount 3.407.657 VND,not spam
Biên nhận thanh toán ngân hàng Ngày giờ 16:43 09/03/2026 Số giao dịch 56376616177 Tài khoản nguồn 1006248446 Số tiền 3.921.399 VND,not spam
Payment Receipt Transaction Date Time 17:09 24/02/2026 Order Number 83543817007 Debit Account 1009855910 Amount 7.010.781 VND,not spam
Biên nhận thanh toán ngân hàng Ngày giờ 16:24 18/03/2026 Số giao dịch 24852518941 Tài khoản nguồn 1027196735 Số tiền 1.008.228 VND,not spam
Biên nhận thanh toán ngân hàng Ngày giờ 06:34 31/03/2026 Số giao dịch 66740835381 Tài khoản nguồn 1070537248 Số tiền 8.581.861 VND,not spam
Transaction Receipt Date Time 16:38 02/03/2026 Order Number 60475980850 Debit Account 1085911299 Amount 1.784.842 VND,not spam
Biên nhận thanh toán ngân hàng Ngày giờ 20:43 08/04/2026 Số giao dịch 79982004991 Tài khoản nguồn 1049328545 Số tiền 5.267.874 VND,not spam
Payment Receipt Transaction Date Time 13:42 12/04/2026 Order Number 42395554489 Debit Account 1025543711 Amount 1.280.055 VND,not spam
Payment Receipt Transaction Date Time 02:16 29/03/2026 Order Number 75382889849 Debit Account 1086101507 Amount 4.314.260 VND,not spam
Biên lai chuyển tiền qua tài khoản Ngày giờ giao dịch 12:22 21/02/2026 Số lệnh giao dịch 74089705761 Tài khoản nguồn 1055948239 Số tiền 3.447.921 VND,not spam
Biên lai chuyển tiền qua tài khoản Ngày giờ giao dịch 09:58 30/01/2026 Số lệnh giao dịch 27828395732 Tài khoản nguồn 1045199232 Số tiền 4.997.159 VND,not spam
Transaction Receipt Date Time 18:58 27/02/2026 Order Number 58539102046 Debit Account 1098612175 Amount 5.274.879 VND,not spam
Xác nhận chuyển khoản thành công Thời gian 07:29 20/02/2026 Mã giao dịch 15710878934 Tài khoản nguồn 1077621136 Số tiền 3.550.843 VND,not spam
Biên lai chuyển tiền qua tài khoản Ngày giờ giao dịch 21:40 18/01/2026 Số lệnh giao dịch 58306009871 Tài khoản nguồn 1019309451 Số tiền 8.419.669 VND,not spam
Biên nhận thanh toán ngân hàng Ngày giờ 12:16 02/01/2026 Số giao dịch 54739379748 Tài khoản nguồn 1019202224 Số tiền 5.363.298 VND,not spam
Biên lai chuyển tiền qua tài khoản Ngày giờ giao dịch 06:24 27/01/2026 Số lệnh giao dịch 93322069029 Tài khoản nguồn 1068486751 Số tiền 1.532.915 VND,not spam
Biên nhận thanh toán ngân hàng Ngày giờ 06:07 18/01/2026 Số giao dịch 62019649187 Tài khoản nguồn 1069467890 Số tiền 4.132.334 VND,not spam
Biên nhận thanh toán ngân hàng Ngày giờ 15:34 11/01/2026 Số giao dịch 72556551011 Tài khoản nguồn 1018323887 Số tiền 8.407.273 VND,not spam
Biên nhận thanh toán ngân hàng Ngày giờ 06:54 04/04/2026 Số giao dịch 92415220825 Tài khoản nguồn 1008231737 Số tiền 5.727.769 VND,not spam
Payment Receipt Transaction Date Time 15:17 06/04/2026 Order Number 83781756152 Debit Account 1066762582 Amount 8.499.767 VND,not spam
Transaction Receipt Date Time 13:58 07/01/2026 Order Number 36436566954 Debit Account 1001362215 Amount 5.180.605 VND,not spam
Biên nhận thanh toán ngân hàng Ngày giờ 22:04 24/01/2026 Số giao dịch 12781876459 Tài khoản nguồn 1050558002 Số tiền 4.875.562 VND,not spam
Transaction Receipt Date Time 04:18 18/01/2026 Order Number 42249290379 Debit Account 1089561504 Amount 5.194.727 VND,not spam
Biên nhận thanh toán ngân hàng Ngày giờ 19:13 07/03/2026 Số giao dịch 35993594658 Tài khoản nguồn 1081319371 Số tiền 6.332.124 VND,not spam
Xác nhận chuyển khoản thành công Thời gian 11:42 19/02/2026 Mã giao dịch 17596396274 Tài khoản nguồn 1090302535 Số tiền 6.653.254 VND,not spam
Biên lai chuyển tiền qua tài khoản Ngày giờ giao dịch 05:31 20/01/2026 Số lệnh giao dịch 32802343297 Tài khoản nguồn 1005396475 Số tiền 8.107.206 VND,not spam
Biên nhận thanh toán ngân hàng Ngày giờ 11:22 14/02/2026 Số giao dịch 95773223471 Tài khoản nguồn 1069181049 Số tiền 3.672.181 VND,not spam
Transaction Receipt Date Time 04:15 23/02/2026 Order Number 45390115801 Debit Account 1040199281 Amount 8.996.483 VND,not spam
Biên nhận thanh toán ngân hàng Ngày giờ 10:40 26/02/2026 Số giao dịch 14178537880 Tài khoản nguồn 1066012031 Số tiền 8.205.677 VND,not spam
Payment Receipt Transaction Date Time 00:27 19/02/2026 Order Number 49458170480 Debit Account 1075248671 Amount 6.357.394 VND,not spam
Payment Receipt Transaction Date Time 18:43 21/02/2026 Order Number 12997377081 Debit Account 1032669652 Amount 8.142.585 VND,not spam
Xác nhận chuyển khoản thành công Thời gian 11:28 09/02/2026 Mã giao dịch 17987704291 Tài khoản nguồn 1069627288 Số tiền 5.310.913 VND,not spam
Payment Receipt Transaction Date Time 04:03 16/02/2026 Order Number 42094137036 Debit Account 1081834212 Amount 733.892 VND,not spam
Biên lai chuyển tiền qua tài khoản Ngày giờ giao dịch 00:59 03/03/2026 Số lệnh giao dịch 73973845845 Tài khoản nguồn 1062682396 Số tiền 7.222.774 VND,not spam
Payment Receipt Transaction Date Time 12:11 14/01/2026 Order Number 49697269329 Debit Account 1040857473 Amount 3.881.090 VND,not spam
Biên lai chuyển tiền qua tài khoản Ngày giờ giao dịch 03:13 24/02/2026 Số lệnh giao dịch 52703232141 Tài khoản nguồn 1014722696 Số tiền 7.843.701 VND,not spam
Payment Receipt Transaction Date Time 08:20 11/04/2026 Order Number 85535594100 Debit Account 1045584732 Amount 617.476 VND,not spam
Xác nhận chuyển khoản thành công Thời gian 06:16 01/03/2026 Mã giao dịch 42345383034 Tài khoản nguồn 1000452408 Số tiền 5.274.756 VND,not spam
Biên nhận thanh toán ngân hàng Ngày giờ 03:04 24/02/2026 Số giao dịch 45876941013 Tài khoản nguồn 1005653327 Số tiền 2.369.041 VND,not spam
Transaction Receipt Date Time 09:23 11/04/2026 Order Number 63014453675 Debit Account 1024024801 Amount 899.751 VND,not spam
Biên nhận thanh toán ngân hàng Ngày giờ 10:10 18/03/2026 Số giao dịch 33537265623 Tài khoản nguồn 1083464759 Số tiền 7.177.726 VND,not spam
Transaction Receipt Date Time 12:07 09/02/2026 Order Number 21858024971 Debit Account 1082256035 Amount 7.721.950 VND,not spam
Payment Receipt Transaction Date Time 18:27 04/03/2026 Order Number 29926229528 Debit Account 1099487041 Amount 1.078.945 VND,not spam
Biên lai chuyển tiền qua tài khoản Ngày giờ giao dịch 17:44 10/03/2026 Số lệnh giao dịch 89367889114 Tài khoản nguồn 1080492071 Số tiền 2.242.239 VND,not spam
Payment Receipt Transaction Date Time 01:57 10/03/2026 Order Number 52068343583 Debit Account 1055571607 Amount 7.791.976 VND,not spam
Xác nhận chuyển khoản thành công Thời gian 18:22 12/03/2026 Mã giao dịch 80150173330 Tài khoản nguồn 1049049375 Số tiền 588.952 VND,not spam
Payment Receipt Transaction Date Time 13:14 05/03/2026 Order Number 59958101374 Debit Account 1088280661 Amount 4.265.917 VND,not spam
Payment Receipt Transaction Date Time 02:39 03/02/2026 Order Number 52287858561 Debit Account 1068943114 Amount 587.226 VND,not spam
Xác nhận chuyển khoản thành công Thời gian 15:59 03/03/2026 Mã giao dịch 35197469752 Tài khoản nguồn 1012415841 Số tiền 8.918.946 VND,not spam
Transaction Receipt Date Time 06:03 15/03/2026 Order Number 81216441541 Debit Account 1045548769 Amount 4.817.737 VND,not spam
Biên lai chuyển tiền qua tài khoản Ngày giờ giao dịch 17:38 29/01/2026 Số lệnh giao dịch 98442131846 Tài khoản nguồn 1022757945 Số tiền 2.458.010 VND,not spam
Biên nhận thanh toán ngân hàng Ngày giờ 20:39 10/02/2026 Số giao dịch 38816459175 Tài khoản nguồn 1081308075 Số tiền 7.821.445 VND,not spam
Payment Receipt Transaction Date Time 00:48 26/01/2026 Order Number 10217598168 Debit Account 1010264127 Amount 6.509.887 VND,not spam
Xác nhận chuyển khoản thành công Thời gian 13:12 28/04/2026 Mã giao dịch 35077871992 Tài khoản nguồn 1000659788 Số tiền 7.165.245 VND,not spam
Biên lai chuyển tiền qua tài khoản Ngày giờ giao dịch 07:03 26/04/2026 Số lệnh giao dịch 24572344175 Tài khoản nguồn 1049607122 Số tiền 6.299.629 VND,not spam
Transaction Receipt Date Time 19:08 20/04/2026 Order Number 80354998604 Debit Account 1085729028 Amount 1.596.842 VND,not spam
Xác nhận chuyển khoản thành công Thời gian 15:40 01/01/2026 Mã giao dịch 42073464699 Tài khoản nguồn 1054182293 Số tiền 1.361.889 VND,not spam
Biên nhận thanh toán ngân hàng Ngày giờ 19:37 18/02/2026 Số giao dịch 57326491657 Tài khoản nguồn 1069075514 Số tiền 4.939.366 VND,not spam
Payment Receipt Transaction Date Time 12:31 21/02/2026 Order Number 15880759663 Debit Account 1008282720 Amount 6.859.471 VND,not spam
Transaction Receipt Date Time 13:37 29/04/2026 Order Number 53572753205 Debit Account 1025588447 Amount 2.386.054 VND,not spam
Biên nhận thanh toán ngân hàng Ngày giờ 13:20 07/04/2026 Số giao dịch 13315020680 Tài khoản nguồn 1049058170 Số tiền 6.271.737 VND,not spam
Xác nhận chuyển khoản thành công Thời gian 23:05 11/04/2026 Mã giao dịch 64768875000 Tài khoản nguồn 1017686495 Số tiền 628.039 VND,not spam
Payment Receipt Transaction Date Time 01:46 09/02/2026 Order Number 54085720931 Debit Account 1005443886 Amount 1.348.325 VND,not spam
Payment Receipt Transaction Date Time 04:15 10/02/2026 Order Number 70805783485 Debit Account 1026723742 Amount 6.873.957 VND,not spam
Xác nhận chuyển khoản thành công Thời gian 04:19 11/04/2026 Mã giao dịch 34024302390 Tài khoản nguồn 1061758629 Số tiền 433.996 VND,not spam
Transaction Receipt Date Time 05:46 22/03/2026 Order Number 14818250064 Debit Account 1018909130 Amount 6.969.880 VND,not spam
Xác nhận chuyển khoản thành công Thời gian 16:48 28/01/2026 Mã giao dịch 91908660207 Tài khoản nguồn 1070385828 Số tiền 8.637.034 VND,not spam
Transaction Receipt Date Time 22:27 04/04/2026 Order Number 85033246613 Debit Account 1059190697 Amount 7.830.932 VND,not spam
Transaction Receipt Date Time 19:57 11/01/2026 Order Number 55376312729 Debit Account 1014270589 Amount 5.053.829 VND,not spam
Payment Receipt Transaction Date Time 01:15 15/01/2026 Order Number 96668665641 Debit Account 1052736178 Amount 6.817.843 VND,not spam
Payment Receipt Transaction Date Time 18:14 13/03/2026 Order Number 38527771049 Debit Account 1065475672 Amount 2.592.416 VND,not spam
Biên lai chuyển tiền qua tài khoản Ngày giờ giao dịch 12:28 15/02/2026 Số lệnh giao dịch 12883607923 Tài khoản nguồn 1080801972 Số tiền 8.096.753 VND,not spam
Biên nhận thanh toán ngân hàng Ngày giờ 01:15 20/03/2026 Số giao dịch 52511825453 Tài khoản nguồn 1023277208 Số tiền 8.517.950 VND,not spam
Transaction Receipt Date Time 15:04 06/04/2026 Order Number 56636905264 Debit Account 1011611307 Amount 4.399.430 VND,not spam
Transaction Receipt Date Time 09:54 28/03/2026 Order Number 83571351450 Debit Account 1085670844 Amount 1.015.829 VND,not spam
Xác nhận chuyển khoản thành công Thời gian 02:09 06/03/2026 Mã giao dịch 32034340002 Tài khoản nguồn 1089261964 Số tiền 430.648 VND,not spam
Transaction Receipt Date Time 17:00 08/01/2026 Order Number 59562878923 Debit Account 1064058763 Amount 825.685 VND,not spam
Transaction Receipt Date Time 20:43 10/03/2026 Order Number 70462270450 Debit Account 1060994072 Amount 316.220 VND,not spam
Xác nhận chuyển khoản thành công Thời gian 11:28 11/01/2026 Mã giao dịch 20080968259 Tài khoản nguồn 1023470950 Số tiền 2.991.380 VND,not spam
Transaction Receipt Date Time 00:36 20/02/2026 Order Number 88141118776 Debit Account 1089889325 Amount 3.776.958 VND,not spam
Payment Receipt Transaction Date Time 15:07 14/02/2026 Order Number 77961361783 Debit Account 1080083594 Amount 1.747.807 VND,not spam
Transaction Receipt Date Time 17:43 23/01/2026 Order Number 24211361491 Debit Account 1040260150 Amount 1.502.164 VND,not spam
Transaction Receipt Date Time 03:36 11/02/2026 Order Number 72437825089 Debit Account 1077291221 Amount 4.858.745 VND,not spam
Biên nhận thanh toán ngân hàng Ngày giờ 09:48 06/03/2026 Số giao dịch 72417389798 Tài khoản nguồn 1079111285 Số tiền 2.527.720 VND,not spam
Xác nhận chuyển khoản thành công Thời gian 18:17 28/04/2026 Mã giao dịch 22188930291 Tài khoản nguồn 1089552034 Số tiền 4.820.450 VND,not spam
Biên lai chuyển tiền qua tài khoản Ngày giờ giao dịch 18:55 20/02/2026 Số lệnh giao dịch 30257855818 Tài khoản nguồn 1065715955 Số tiền 5.446.658 VND,not spam
Xác nhận chuyển khoản thành công Thời gian 03:36 07/02/2026 Mã giao dịch 41936340207 Tài khoản nguồn 1032745202 Số tiền 6.572.468 VND,not spam
Transaction Receipt Date Time 18:04 21/02/2026 Order Number 30075507270 Debit Account 1034063417 Amount 727.329 VND,not spam
Xác nhận chuyển khoản thành công Thời gian 07:21 11/01/2026 Mã giao dịch 48299016319 Tài khoản nguồn 1051193972 Số tiền 1.770.678 VND,not spam
Payment Receipt Transaction Date Time 07:31 11/02/2026 Order Number 67820122195 Debit Account 1010905397 Amount 8.574.207 VND,not spam
Transaction Receipt Date Time 14:02 25/02/2026 Order Number 62393084636 Debit Account 1075927391 Amount 4.390.036 VND,not spam
Transaction Receipt Date Time 19:48 17/01/2026 Order Number 65179744595 Debit Account 1007418458 Amount 320.490 VND,not spam
Biên lai chuyển tiền qua tài khoản Ngày giờ giao dịch 14:00 14/02/2026 Số lệnh giao dịch 54862769320 Tài khoản nguồn 1024917508 Số tiền 3.527.351 VND,not spam
Biên nhận thanh toán ngân hàng Ngày giờ 19:13 26/03/2026 Số giao dịch 54621456216 Tài khoản nguồn 1095091703 Số tiền 7.450.097 VND,not spam
Xác nhận chuyển khoản thành công Thời gian 08:10 08/02/2026 Mã giao dịch 21467458138 Tài khoản nguồn 1083413173 Số tiền 1.199.781 VND,not spam
Transaction Receipt Date Time 19:30 15/03/2026 Order Number 85563093090 Debit Account 1032708389 Amount 1.623.993 VND,not spam
Biên nhận thanh toán ngân hàng Ngày giờ 03:28 06/03/2026 Số giao dịch 33815449789 Tài khoản nguồn 1015141314 Số tiền 5.467.839 VND,not spam
Transaction Receipt Date Time 22:50 18/02/2026 Order Number 42563567130 Debit Account 1069916213 Amount 1.627.694 VND,not spam
Biên nhận thanh toán ngân hàng Ngày giờ 07:07 18/04/2026 Số giao dịch 21875125087 Tài khoản nguồn 1063911602 Số tiền 4.244.047 VND,not spam
Transaction Receipt Date Time 16:19 16/04/2026 Order Number 53034984280 Debit Account 1081129405 Amount 6.468.079 VND,not spam
Payment Receipt Transaction Date Time 13:09 06/03/2026 Order Number 72560020170 Debit Account 1009115232 Amount 8.002.268 VND,not spam
Xác nhận chuyển khoản thành công Thời gian 13:47 18/04/2026 Mã giao dịch 86393563168 Tài khoản nguồn 1077446654 Số tiền 1.159.607 VND,not spam
Biên lai chuyển tiền qua tài khoản Ngày giờ giao dịch 12:59 16/01/2026 Số lệnh giao dịch 47959431861 Tài khoản nguồn 1050763750 Số tiền 559.254 VND,not spam
Biên lai chuyển tiền qua tài khoản Ngày giờ giao dịch 17:22 10/01/2026 Số lệnh giao dịch 77322965508 Tài khoản nguồn 1064331187 Số tiền 2.656.367 VND,not spam
Biên nhận thanh toán ngân hàng Ngày giờ 01:16 20/02/2026 Số giao dịch 64440104270 Tài khoản nguồn 1051725382 Số tiền 7.612.087 VND,not spam
Biên lai chuyển tiền qua tài khoản Ngày giờ giao dịch 22:43 01/02/2026 Số lệnh giao dịch 29488370213 Tài khoản nguồn 1009832780 Số tiền 8.390.079 VND,not spam
Biên nhận thanh toán ngân hàng Ngày giờ 06:06 18/04/2026 Số giao dịch 37753587268 Tài khoản nguồn 1054257121 Số tiền 6.835.273 VND,not spam
Biên nhận thanh toán ngân hàng Ngày giờ 00:51 05/02/2026 Số giao dịch 74611718164 Tài khoản nguồn 1099374644 Số tiền 7.040.210 VND,not spam
Payment Receipt Transaction Date Time 19:11 06/04/2026 Order Number 79531426487 Debit Account 1050502572 Amount 4.782.490 VND,not spam
Biên lai chuyển tiền qua tài khoản Ngày giờ giao dịch 17:02 22/02/2026 Số lệnh giao dịch 30232431516 Tài khoản nguồn 1062677718 Số tiền 2.687.341 VND,not spam
Xác nhận chuyển khoản thành công Thời gian 01:41 08/02/2026 Mã giao dịch 51167950982 Tài khoản nguồn 1004209101 Số tiền 8.802.099 VND,not spam
Xác nhận chuyển khoản thành công Thời gian 09:02 04/03/2026 Mã giao dịch 64097274033 Tài khoản nguồn 1094294571 Số tiền 8.292.056 VND,not spam
Xác nhận chuyển khoản thành công Thời gian 14:50 03/01/2026 Mã giao dịch 16098709560 Tài khoản nguồn 1039591628 Số tiền 844.318 VND,not spam
Xác nhận chuyển khoản thành công Thời gian 06:21 24/01/2026 Mã giao dịch 28231283500 Tài khoản nguồn 1012217950 Số tiền 702.586 VND,not spam
Biên lai chuyển tiền qua tài khoản Ngày giờ giao dịch 04:19 10/02/2026 Số lệnh giao dịch 89426756945 Tài khoản nguồn 1076988871 Số tiền 7.972.781 VND,not spam
Biên lai chuyển tiền qua tài khoản Ngày giờ giao dịch 12:36 11/03/2026 Số lệnh giao dịch 41694010581 Tài khoản nguồn 1098748171 Số tiền 8.834.684 VND,not spam
Payment Receipt Transaction Date Time 17:49 28/04/2026 Order Number 66283692773 Debit Account 1074241990 Amount 6.491.885 VND,not spam
Payment Receipt Transaction Date Time 17:00 18/03/2026 Order Number 67192925359 Debit Account 1052134311 Amount 3.685.386 VND,not spam
Payment Receipt Transaction Date Time 13:52 23/01/2026 Order Number 87779182595 Debit Account 1015117772 Amount 5.017.358 VND,not spam
Payment Receipt Transaction Date Time 11:30 05/03/2026 Order Number 33737772722 Debit Account 1078927252 Amount 4.504.613 VND,not spam
Payment Receipt Transaction Date Time 08:04 02/04/2026 Order Number 82398399217 Debit Account 1043675679 Amount 4.127.053 VND,not spam
Transaction Receipt Date Time 17:14 03/02/2026 Order Number 96592853552 Debit Account 1017594520 Amount 972.947 VND,not spam
Biên nhận thanh toán ngân hàng Ngày giờ 11:08 21/04/2026 Số giao dịch 95452262698 Tài khoản nguồn 1033356834 Số tiền 5.128.344 VND,not spam
Biên lai chuyển tiền qua tài khoản Ngày giờ giao dịch 13:28 05/03/2026 Số lệnh giao dịch 17501113028 Tài khoản nguồn 1023296397 Số tiền 6.365.758 VND,not spam
Biên nhận thanh toán ngân hàng Ngày giờ 20:46 10/02/2026 Số giao dịch 45677696644 Tài khoản nguồn 1021251508 Số tiền 6.021.225 VND,not spam
Transaction Receipt Date Time 23:46 17/02/2026 Order Number 22115777364 Debit Account 1057614149 Amount 4.084.199 VND,not spam
Xác nhận chuyển khoản thành công Thời gian 03:59 26/04/2026 Mã giao dịch 41578228375 Tài khoản nguồn 1095704651 Số tiền 1.127.828 VND,not spam
Xác nhận chuyển khoản thành công Thời gian 21:34 26/03/2026 Mã giao dịch 15629120482 Tài khoản nguồn 1076452417 Số tiền 5.961.180 VND,not spam
Transaction Receipt Date Time 00:24 26/03/2026 Order Number 87319222249 Debit Account 1024031659 Amount 7.773.618 VND,not spam
Biên lai chuyển tiền qua tài khoản Ngày giờ giao dịch 06:23 09/01/2026 Số lệnh giao dịch 29379006049 Tài khoản nguồn 1053779988 Số tiền 3.112.026 VND,not spam
Biên nhận thanh toán ngân hàng Ngày giờ 19:06 07/03/2026 Số giao dịch 48292242702 Tài khoản nguồn 1094417690 Số tiền 8.059.720 VND,not spam
Payment Receipt Transaction Date Time 11:42 20/01/2026 Order Number 27148038546 Debit Account 1087019579 Amount 2.259.183 VND,not spam
Biên lai chuyển tiền qua tài khoản Ngày giờ giao dịch 20:59 20/02/2026 Số lệnh giao dịch 32167479265 Tài khoản nguồn 1030121298 Số tiền 4.837.104 VND,not spam
Biên lai chuyển tiền qua tài khoản Ngày giờ giao dịch 01:59 19/03/2026 Số lệnh giao dịch 10934969914 Tài khoản nguồn 1079876508 Số tiền 3.631.485 VND,not spam
Biên lai chuyển tiền qua tài khoản Ngày giờ giao dịch 20:28 30/03/2026 Số lệnh giao dịch 92427589864 Tài khoản nguồn 1050493568 Số tiền 5.003.437 VND,not spam
Payment Receipt Transaction Date Time 10:23 21/03/2026 Order Number 24511247389 Debit Account 1081991674 Amount 3.277.629 VND,not spam
"Ch?o anh/ch?, h? th?ng ph?t hi?n ??ng nh?p b?t th??ng. Vui l?ng x?c minh t?i kho?n trong 15 ph?t ?? tr?nh b? t?m kh?a: https://secure-update-account.example.com",Spam
T?i kho?n c?a anh/ch? v?a ???c c?p nh?t b?o m?t. H?y x?c th?c th?ng tin ngay h?m nay ?? kh?ng b? gi?n ?o?n d?ch v?: https://verify-security.example.com,Spam
"Th?ng b?o kh?n: c? giao d?ch l? tr?n t?i kho?n c?a b?n. N?u kh?ng ph?i b?n th?c hi?n, vui l?ng ??ng nh?p v?o trang x?c minh ?? kh?a b?o v? ngay: https://account-protect.example.com",Spam
"Ch?ng t?i ghi nh?n thi?t b? m?i ??ng nh?p v?o t?i kho?n. ?? ??m b?o an to?n, xin x?c nh?n l?i th?ng tin tr??c cu?i ng?y t?i: https://security-check.example.com",Spam
H? th?ng b?o m?t y?u c?u b?n c?p nh?t th?ng tin thanh to?n ?? ti?p t?c s? d?ng d?ch v?. Vui l?ng m? li?n k?t sau: https://billing-update.example.com,Spam
"Xin ch?o anh/ch?, t?i kho?n c?a b?n s? b? t?m kh?a sau 24 gi? n?u kh?ng ho?n t?t x?c minh. Truy c?p ngay ?? x? l?: https://account-review.example.com",Spam
Ch?c m?ng b?n ?? ???c ch?n nh?n ph?n qu? ??c bi?t. Nh?n v?o link ?? x?c nh?n th?ng tin v? nh?n th??ng ngay: https://reward-claim.example.com,Spam
"?? ti?p t?c truy c?p d?ch v?, vui l?ng ??ng nh?p l?i v? x?c th?c b?o m?t hai l?p theo h??ng d?n trong li?n k?t: https://login-confirm.example.com",Spam
"Anh/ch? vui l?ng ki?m tra email ngay v? ch?ng t?i ph?t hi?n y?u c?u thay ??i m?t kh?u tr?n t?i kho?n. N?u kh?ng ph?i b?n, h?y b?m v?o ???ng d?n n?y: https://reset-protect.example.com",Spam
Th?ng b?o t? b? ph?n h? tr?: t?i kho?n c?a b?n c?n x?c minh danh t?nh tr??c khi b? h?n ch? truy c?p. Xem chi ti?t t?i: https://identity-check.example.com,Spam
